#GEOTYPE|ST|GEO_ID|GEO_LABEL|GEO_ID_F|COMM|COMM_LABEL|DMODE|DMODE_F|DMODE_LABEL|SHIPDIST|SHIPDIST_LABEL|YEAR|VAL|VAL_F|TON|TON_F|VAL_S|VAL_S_F|TON_S|TON_S_F
01|00|0100000US|United States||0000|All Commodities|00||All modes|001|Total|2022|17996782||12169793||1.3||1.9|
01|00|0100000US|United States||0000|All Commodities|00||All modes|02|Less than 50 miles|2022|6000715||6861767||3.5||3.4|
01|00|0100000US|United States||0000|All Commodities|00||All modes|03|50 - 99 miles|2022|1736225||1331412||1.4||4.9|
01|00|0100000US|United States||0000|All Commodities|00||All modes|04|100 - 249 miles|2022|2800502||1414087||2.4||3.4|
01|00|0100000US|United States||0000|All Commodities|00||All modes|05|250 - 499 miles|2022|2320549||1042555||2.3||5.2|
01|00|0100000US|United States||0000|All Commodities|00||All modes|06|500 - 749 miles|2022|1559732||575563||2.1||4.3|
01|00|0100000US|United States||0000|All Commodities|00||All modes|07|750 - 999 miles|2022|1078447||336047||2.2||5.3|
01|00|0100000US|United States||0000|All Commodities|00||All modes|08|1,000 - 1,499 miles|2022|1094605||370382||1.7||10.2|
01|00|0100000US|United States||0000|All Commodities|00||All modes|09|1,500 - 1,999 miles|2022|779244||148942||2.5||8.4|
01|00|0100000US|United States||0000|All Commodities|00||All modes|10|2,000 miles or more|2022|626763||89039||3.5||11.8|
01|00|0100000US|United States||0000|All Commodities|10||Single modes|001|Total|2022|14709588||11031128||1.4||1.8|
01|00|0100000US|United States||0000|All Commodities|10||Single modes|02|Less than 50 miles|2022|5549166||6485460||3.6||3.4|
01|00|0100000US|United States||0000|All Commodities|10||Single modes|03|50 - 99 miles|2022|1554895||1216171||1.5||5|
01|00|0100000US|United States||0000|All Commodities|10||Single modes|04|100 - 249 miles|2022|2401035||1253707||2.4||3.4|
01|00|0100000US|United States||0000|All Commodities|10||Single modes|05|250 - 499 miles|2022|1821614||880323||2.4||6.2|
01|00|0100000US|United States||0000|All Commodities|10||Single modes|06|500 - 749 miles|2022|1132055||447048||2.2||3.4|
01|00|0100000US|United States||0000|All Commodities|10||Single modes|07|750 - 999 miles|2022|713745||266074||2||4.4|
01|00|0100000US|United States||0000|All Commodities|10||Single modes|08|1,000 - 1,499 miles|2022|703549||297279||2.3||11.7|
01|00|0100000US|United States||0000|All Commodities|10||Single modes|09|1,500 - 1,999 miles|2022|481443||117192||3.7||11|
01|00|0100000US|United States||0000|All Commodities|10||Single modes|10|2,000 miles or more|2022|352087||67875||3.7||14.6|
01|00|0100000US|United States||0000|All Commodities|11|n|Truck|001|Total|2022|13222965||8293501||1.4||2.9|
01|00|0100000US|United States||0000|All Commodities|11|n|Truck|02|Less than 50 miles|2022|4841147||5109092||3.4||4.4|
01|00|0100000US|United States||0000|All Commodities|11|n|Truck|03|50 - 99 miles|2022|1448565||951094||1.5||5.5|
01|00|0100000US|United States||0000|All Commodities|11|n|Truck|04|100 - 249 miles|2022|2265625||955790||2.5||3.7|
01|00|0100000US|United States||0000|All Commodities|11|n|Truck|05|250 - 499 miles|2022|1662530||568605||2.2||4.7|
01|00|0100000US|United States||0000|All Commodities|11|n|Truck|06|500 - 749 miles|2022|1021649||255568||2.6||1.7|
01|00|0100000US|United States||0000|All Commodities|11|n|Truck|07|750 - 999 miles|2022|630327||154721||2||3.8|
01|00|0100000US|United States||0000|All Commodities|11|n|Truck|08|1,000 - 1,499 miles|2022|618002||149885||2.5||8.7|
01|00|0100000US|United States||0000|All Commodities|11|n|Truck|09|1,500 - 1,999 miles|2022|424581||89826||4.4||13.7|
01|00|0100000US|United States||0000|All Commodities|11|n|Truck|10|2,000 miles or more|2022|310539||58918||3.9||16.2|
01|00|0100000US|United States||0000|All Commodities|111||For-hire truck|001|Total|2022|8062541||3909476||1.7||2.5|
01|00|0100000US|United States||0000|All Commodities|111||For-hire truck|02|Less than 50 miles|2022|1931881||1844418||5.6||4.8|
01|00|0100000US|United States||0000|All Commodities|111||For-hire truck|03|50 - 99 miles|2022|733361||467269||2||4.6|
01|00|0100000US|United States||0000|All Commodities|111||For-hire truck|04|100 - 249 miles|2022|1446177||584159||2.4||3.4|
01|00|0100000US|United States||0000|All Commodities|111||For-hire truck|05|250 - 499 miles|2022|1327652||420398||2.5||5.4|
01|00|0100000US|United States||0000|All Commodities|111||For-hire truck|06|500 - 749 miles|2022|880889||210669||2.5||1.8|
01|00|0100000US|United States||0000|All Commodities|111||For-hire truck|07|750 - 999 miles|2022|552542||127959||2.3||4|
01|00|0100000US|United States||0000|All Commodities|111||For-hire truck|08|1,000 - 1,499 miles|2022|541466||127024||1.9||10|
01|00|0100000US|United States||0000|All Commodities|111||For-hire truck|09|1,500 - 1,999 miles|2022|378776||77294||4.4||15.6|
01|00|0100000US|United States||0000|All Commodities|111||For-hire truck|10|2,000 miles or more|2022|269796||50285||3.2||17|
01|00|0100000US|United States||0000|All Commodities|112||Company-owned truck|001|Total|2022|4141550||2994372||3.1||7.7|
01|00|0100000US|United States||0000|All Commodities|112||Company-owned truck|02|Less than 50 miles|2022|2361418||2225208||4||9.7|
01|00|0100000US|United States||0000|All Commodities|112||Company-owned truck|03|50 - 99 miles|2022|644312||368740||3.5||13.2|
01|00|0100000US|United States||0000|All Commodities|112||Company-owned truck|04|100 - 249 miles|2022|710749||275174||3.7||8.1|
01|00|0100000US|United States||0000|All Commodities|112||Company-owned truck|05|250 - 499 miles|2022|231592||79135||7.2||19.3|
01|00|0100000US|United States||0000|All Commodities|112||Company-owned truck|06|500 - 749 miles|2022|76814||19590||8.6||15.3|
01|00|0100000US|United States||0000|All Commodities|112||Company-owned truck|07|750 - 999 miles|2022|40279||9759||5||9|
01|00|0100000US|United States||0000|All Commodities|112||Company-owned truck|08|1,000 - 1,499 miles|2022|36746||9384||9.2||12.4|
01|00|0100000US|United States||0000|All Commodities|112||Company-owned truck|09|1,500 - 1,999 miles|2022|18961||3775||8.8||8|
01|00|0100000US|United States||0000|All Commodities|112||Company-owned truck|10|2,000 miles or more|2022|20679||3606||23.7||21|
01|00|0100000US|United States||0000|All Commodities|113|o|Customer pick-up|001|Total|2022|1018874||1389653||4||5.9|
01|00|0100000US|United States||0000|All Commodities|113|o|Customer pick-up|02|Less than 50 miles|2022|547847||1039467||5.3||6.8|
01|00|0100000US|United States||0000|All Commodities|113|o|Customer pick-up|03|50 - 99 miles|2022|70893||115085||6.2||15.4|
01|00|0100000US|United States||0000|All Commodities|113|o|Customer pick-up|04|100 - 249 miles|2022|108699||96457||3.9||6|
01|00|0100000US|United States||0000|All Commodities|113|o|Customer pick-up|05|250 - 499 miles|2022|103286||69072||4.6||23.2|
01|00|0100000US|United States||0000|All Commodities|113|o|Customer pick-up|06|500 - 749 miles|2022|63945||25309||7.6||10.6|
01|00|0100000US|United States||0000|All Commodities|113|o|Customer pick-up|07|750 - 999 miles|2022|37505||17002||8.3||11.2|
01|00|0100000US|United States||0000|All Commodities|113|o|Customer pick-up|08|1,000 - 1,499 miles|2022|39790||13477||9.3||7|
01|00|0100000US|United States||0000|All Commodities|113|o|Customer pick-up|09|1,500 - 1,999 miles|2022|26844||8757||12.8||10.6|
01|00|0100000US|United States||0000|All Commodities|113|o|Customer pick-up|10|2,000 miles or more|2022|20065||5027||22.4||12.5|
01|00|0100000US|United States||0000|All Commodities|12||Rail|001|Total|2022|568541||1456515||3.1||6.2|
01|00|0100000US|United States||0000|All Commodities|12||Rail|02|Less than 50 miles|2022|155015||534601||9.4||13.7|
01|00|0100000US|United States||0000|All Commodities|12||Rail|03|50 - 99 miles|2022|28990||106428||14.8||16.3|
01|00|0100000US|United States||0000|All Commodities|12||Rail|04|100 - 249 miles|2022|65002||177884||8.3||8.4|
01|00|0100000US|United States||0000|All Commodities|12||Rail|05|250 - 499 miles|2022|88232||217894||14.5||18.7|
01|00|0100000US|United States||0000|All Commodities|12||Rail|06|500 - 749 miles|2022|75963||148866||9.4||12.2|
01|00|0100000US|United States||0000|All Commodities|12||Rail|07|750 - 999 miles|2022|59516||98514||5.8||8.9|
01|00|0100000US|United States||0000|All Commodities|12||Rail|08|1,000 - 1,499 miles|2022|60110||138891||8||19.8|
01|00|0100000US|United States||0000|All Commodities|12||Rail|09|1,500 - 1,999 miles|2022|26963||26383||11.5||9.4|
01|00|0100000US|United States||0000|All Commodities|12||Rail|10|2,000 miles or more|2022|8749||7054||8.8||11.5|
01|00|0100000US|United States||0000|All Commodities|13||Water|001|Total|2022|171131||435378||11.9||12.5|
01|00|0100000US|United States||0000|All Commodities|13||Water|02|Less than 50 miles|2022|98105||183530||16||16.9|
01|00|0100000US|United States||0000|All Commodities|13||Water|03|50 - 99 miles|2022|17928||0|S|40.2||0|S
01|00|0100000US|United States||0000|All Commodities|13||Water|04|100 - 249 miles|2022|18960||63363||26.3||11.2|
01|00|0100000US|United States||0000|All Commodities|13||Water|05|250 - 499 miles|2022|17665||57214||33.9||29|
01|00|0100000US|United States||0000|All Commodities|13||Water|06|500 - 749 miles|2022|12765||35291||9.5||12.4|
01|00|0100000US|United States||0000|All Commodities|13||Water|07|750 - 999 miles|2022|2828||3519||22.4||31.2|
01|00|0100000US|United States||0000|All Commodities|13||Water|08|1,000 - 1,499 miles|2022|1874||0|S|48||0|S
01|00|0100000US|United States||0000|All Commodities|13||Water|09|1,500 - 1,999 miles|2022|637||0|S|24.8||0|S
01|00|0100000US|United States||0000|All Commodities|13||Water|10|2,000 miles or more|2022|0|S|0|S|0|S|0|S
01|00|0100000US|United States||0000|All Commodities|131||Inland water|001|Total|2022|71205||232571||23||20.7|
01|00|0100000US|United States||0000|All Commodities|131||Inland water|02|Less than 50 miles|2022|31091||61088||44||24.1|
01|00|0100000US|United States||0000|All Commodities|131||Inland water|03|50 - 99 miles|2022|2434||0|S|43.9||0|S
01|00|0100000US|United States||0000|All Commodities|131||Inland water|04|100 - 249 miles|2022|10197||39731||33.3||9.9|
01|00|0100000US|United States||0000|All Commodities|131||Inland water|05|250 - 499 miles|2022|12705||28292||35.6||25.7|
01|00|0100000US|United States||0000|All Commodities|131||Inland water|06|500 - 749 miles|2022|11515||32840||8.6||10.1|
01|00|0100000US|United States||0000|All Commodities|131||Inland water|07|750 - 999 miles|2022|1809||2511||30.2||36.3|
01|00|0100000US|United States||0000|All Commodities|131||Inland water|08|1,000 - 1,499 miles|2022|1445||0|S|48.7||0|S
01|00|0100000US|United States||0000|All Commodities|131||Inland water|10|2,000 miles or more|2022|10||1||28.9||35.7|
01|00|0100000US|United States||0000|All Commodities|132||Great Lakes|001|Total|2022|570||47058||42||48.5|
01|00|0100000US|United States||0000|All Commodities|132||Great Lakes|02|Less than 50 miles|2022|0|S|0|S|0|S|0|S
01|00|0100000US|United States||0000|All Commodities|132||Great Lakes|03|50 - 99 miles|2022|22||0|S|22.9||0|S
01|00|0100000US|United States||0000|All Commodities|132||Great Lakes|04|100 - 249 miles|2022|0|S|0|S|0|S|0|S
01|00|0100000US|United States||0000|All Commodities|132||Great Lakes|05|250 - 499 miles|2022|0|S|0|S|0|S|0|S
01|00|0100000US|United States||0000|All Commodities|132||Great Lakes|06|500 - 749 miles|2022|0|S|0|S|0|S|0|S
01|00|0100000US|United States||0000|All Commodities|132||Great Lakes|07|750 - 999 miles|2022|0|S|0|S|0|S|0|S
01|00|0100000US|United States||0000|All Commodities|132||Great Lakes|08|1,000 - 1,499 miles|2022|0|S|0|S|0|S|0|S
01|00|0100000US|United States||0000|All Commodities|133||Deep sea|001|Total|2022|99355||155749||16.2||16.4|
01|00|0100000US|United States||0000|All Commodities|133||Deep sea|02|Less than 50 miles|2022|66949||111296||21.7||23.6|
01|00|0100000US|United States||0000|All Commodities|133||Deep sea|03|50 - 99 miles|2022|15471||21105||47.1||36.4|
01|00|0100000US|United States||0000|All Commodities|133||Deep sea|04|100 - 249 miles|2022|8656||12327||27.1||32.5|
01|00|0100000US|United States||0000|All Commodities|133||Deep sea|05|250 - 499 miles|2022|0|S|0|S|0|S|0|S
01|00|0100000US|United States||0000|All Commodities|133||Deep sea|06|500 - 749 miles|2022|0|S|0|S|0|S|0|S
01|00|0100000US|United States||0000|All Commodities|133||Deep sea|07|750 - 999 miles|2022|0|S|0|S|0|S|0|S
01|00|0100000US|United States||0000|All Commodities|133||Deep sea|08|1,000 - 1,499 miles|2022|429||0|S|45.6||0|S
01|00|0100000US|United States||0000|All Commodities|133||Deep sea|09|1,500 - 1,999 miles|2022|637||0|S|24.8||0|S
01|00|0100000US|United States||0000|All Commodities|133||Deep sea|10|2,000 miles or more|2022|0|S|0|S|0|S|0|S
01|00|0100000US|United States||0000|All Commodities|14||Air (includes truck and air)|001|Total|2022|155933||5212||5.3||7.5|
01|00|0100000US|United States||0000|All Commodities|14||Air (includes truck and air)|02|Less than 50 miles|2022|17536||14||15.1||30.2|
01|00|0100000US|United States||0000|All Commodities|14||Air (includes truck and air)|03|50 - 99 miles|2022|331||20||47.8||31.7|
01|00|0100000US|United States||0000|All Commodities|14||Air (includes truck and air)|04|100 - 249 miles|2022|2889||129||10.1||20.5|
01|00|0100000US|United States||0000|All Commodities|14||Air (includes truck and air)|05|250 - 499 miles|2022|21925||567||16||23.1|
01|00|0100000US|United States||0000|All Commodities|14||Air (includes truck and air)|06|500 - 749 miles|2022|16663||326||11.9||18.4|
01|00|0100000US|United States||0000|All Commodities|14||Air (includes truck and air)|07|750 - 999 miles|2022|14912||1922||6.1||5.2|
01|00|0100000US|United States||0000|All Commodities|14||Air (includes truck and air)|08|1,000 - 1,499 miles|2022|20205||399||10.7||24.7|
01|00|0100000US|United States||0000|All Commodities|14||Air (includes truck and air)|09|1,500 - 1,999 miles|2022|29052||315||6.9||16|
01|00|0100000US|United States||0000|All Commodities|14||Air (includes truck and air)|10|2,000 miles or more|2022|32419||1520||7.1||8.4|
01|00|0100000US|United States||0000|All Commodities|15||Pipeline|001|Total|2022|589646||799759||5.3||6.1|
01|00|0100000US|United States||0000|All Commodities|15||Pipeline|02|Less than 50 miles|2022|435991||617460||8.4||7.1|
01|00|0100000US|United States||0000|All Commodities|15||Pipeline|03|50 - 99 miles|2022|59080||70955||32.2||36.1|
01|00|0100000US|United States||0000|All Commodities|15||Pipeline|04|100 - 249 miles|2022|48559||56541||21.2||21.9|
01|00|0100000US|United States||0000|All Commodities|15||Pipeline|05|250 - 499 miles|2022|31261||36042||16||17.7|
01|00|0100000US|United States||0000|All Commodities|15||Pipeline|06|500 - 749 miles|2022|5015||6996||37.4||33.8|
01|00|0100000US|United States||0000|All Commodities|15||Pipeline|07|750 - 999 miles|2022|6162||7398||27.4||27.6|
01|00|0100000US|United States||0000|All Commodities|15||Pipeline|08|1,000 - 1,499 miles|2022|0|S|0|S|0|S|0|S
01|00|0100000US|United States||0000|All Commodities|15||Pipeline|09|1,500 - 1,999 miles|2022|0|S|0|S|0|S|0|S
01|00|0100000US|United States||0000|All Commodities|15||Pipeline|10|2,000 miles or more|2022|0|S|0|S|0|S|0|S
01|00|0100000US|United States||0000|All Commodities|16|x|Other single modes|001|Total|2022|1372||40763||45.4||34.8|
01|00|0100000US|United States||0000|All Commodities|16|x|Other single modes|02|Less than 50 miles|2022|1372||40763||45.4||34.8|
01|00|0100000US|United States||0000|All Commodities|20||Multiple modes|001|Total|2022|3079008||1036960||2.4||7.1|
01|00|0100000US|United States||0000|All Commodities|20||Multiple modes|02|Less than 50 miles|2022|374754||325335||3.5||11.3|
01|00|0100000US|United States||0000|All Commodities|20||Multiple modes|03|50 - 99 miles|2022|166814||104031||3.2||15.1|
01|00|0100000US|United States||0000|All Commodities|20||Multiple modes|04|100 - 249 miles|2022|378513||151575||3.8||10.5|
01|00|0100000US|United States||0000|All Commodities|20||Multiple modes|05|250 - 499 miles|2022|471116||148668||3.4||9|
01|00|0100000US|United States||0000|All Commodities|20||Multiple modes|06|500 - 749 miles|2022|408463||124373||3.4||10.7|
01|00|0100000US|United States||0000|All Commodities|20||Multiple modes|07|750 - 999 miles|2022|351609||67679||3.7||11.3|
01|00|0100000US|United States||0000|All Commodities|20||Multiple modes|08|1,000 - 1,499 miles|2022|374490||69074||4.2||8.8|
01|00|0100000US|United States||0000|All Commodities|20||Multiple modes|09|1,500 - 1,999 miles|2022|286697||28270||5.1||11.9|
01|00|0100000US|United States||0000|All Commodities|20||Multiple modes|10|2,000 miles or more|2022|266552||17954||4.1||12.1|
01|00|0100000US|United States||0000|All Commodities|21||Parcel, U.S.P.S. or courier|001|Total|2022|2403012||61657||1.9||3.8|
01|00|0100000US|United States||0000|All Commodities|21||Parcel, U.S.P.S. or courier|02|Less than 50 miles|2022|262131||7145||3.9||4.7|
01|00|0100000US|United States||0000|All Commodities|21||Parcel, U.S.P.S. or courier|03|50 - 99 miles|2022|134133||3920||4.3||5.1|
01|00|0100000US|United States||0000|All Commodities|21||Parcel, U.S.P.S. or courier|04|100 - 249 miles|2022|319247||9666||3||7.3|
01|00|0100000US|United States||0000|All Commodities|21||Parcel, U.S.P.S. or courier|05|250 - 499 miles|2022|383171||10492||2.8||3.9|
01|00|0100000US|United States||0000|All Commodities|21||Parcel, U.S.P.S. or courier|06|500 - 749 miles|2022|314710||7886||2.2||4.2|
01|00|0100000US|United States||0000|All Commodities|21||Parcel, U.S.P.S. or courier|07|750 - 999 miles|2022|265815||5961||3.3||5|
01|00|0100000US|United States||0000|All Commodities|21||Parcel, U.S.P.S. or courier|08|1,000 - 1,499 miles|2022|290650||6343||2.8||4.5|
01|00|0100000US|United States||0000|All Commodities|21||Parcel, U.S.P.S. or courier|09|1,500 - 1,999 miles|2022|195938||4601||3.4||7.2|
01|00|0100000US|United States||0000|All Commodities|21||Parcel, U.S.P.S. or courier|10|2,000 miles or more|2022|237218||5642||4.7||10.4|
01|00|0100000US|United States||0000|All Commodities|22||Truck and rail|001|Total|2022|587664||841574||9.5||8.1|
01|00|0100000US|United States||0000|All Commodities|22||Truck and rail|02|Less than 50 miles|2022|94548||294320||9||11.7|
01|00|0100000US|United States||0000|All Commodities|22||Truck and rail|03|50 - 99 miles|2022|26384||89039||10.4||17.8|
01|00|0100000US|United States||0000|All Commodities|22||Truck and rail|04|100 - 249 miles|2022|50818||116717||14.3||13.4|
01|00|0100000US|United States||0000|All Commodities|22||Truck and rail|05|250 - 499 miles|2022|79314||117579||9.3||9.3|
01|00|0100000US|United States||0000|All Commodities|22||Truck and rail|06|500 - 749 miles|2022|86393||83307||11.5||10.4|
01|00|0100000US|United States||0000|All Commodities|22||Truck and rail|07|750 - 999 miles|2022|77911||52268||21.1||7.8|
01|00|0100000US|United States||0000|All Commodities|22||Truck and rail|08|1,000 - 1,499 miles|2022|74517||58346||17.1||10|
01|00|0100000US|United States||0000|All Commodities|22||Truck and rail|09|1,500 - 1,999 miles|2022|81600||21429||16.4||11|
01|00|0100000US|United States||0000|All Commodities|22||Truck and rail|10|2,000 miles or more|2022|16179||8570||10.6||15.1|
01|00|0100000US|United States||0000|All Commodities|23||Truck and water|001|Total|2022|80368||96037||10.5||10|
01|00|0100000US|United States||0000|All Commodities|23||Truck and water|02|Less than 50 miles|2022|17770||21642||19.7||26.2|
01|00|0100000US|United States||0000|All Commodities|23||Truck and water|03|50 - 99 miles|2022|5393||7060||20.7||34|
01|00|0100000US|United States||0000|All Commodities|23||Truck and water|04|100 - 249 miles|2022|8157||24965||13.5||26|
01|00|0100000US|United States||0000|All Commodities|23||Truck and water|05|250 - 499 miles|2022|6942||11666||20.9||20.1|
01|00|0100000US|United States||0000|All Commodities|23||Truck and water|06|500 - 749 miles|2022|5910||17977||19.5||39.2|
01|00|0100000US|United States||0000|All Commodities|23||Truck and water|07|750 - 999 miles|2022|7285||2933||22.5||38.8|
01|00|0100000US|United States||0000|All Commodities|23||Truck and water|08|1,000 - 1,499 miles|2022|9246||0|S|31.7||0|S
01|00|0100000US|United States||0000|All Commodities|23||Truck and water|09|1,500 - 1,999 miles|2022|8163||0|S|37.8||0|S
01|00|0100000US|United States||0000|All Commodities|23||Truck and water|10|2,000 miles or more|2022|11502||3347||15||24.6|
01|00|0100000US|United States||0000|All Commodities|24||Rail and water|001|Total|2022|5809||36165||26.8||38.8|
01|00|0100000US|United States||0000|All Commodities|24||Rail and water|02|Less than 50 miles|2022|0|S|0|S|0|S|0|S
01|00|0100000US|United States||0000|All Commodities|24||Rail and water|03|50 - 99 miles|2022|862||3749||48.4||45.1|
01|00|0100000US|United States||0000|All Commodities|24||Rail and water|04|100 - 249 miles|2022|0|S|133||0|S|47|
01|00|0100000US|United States||0000|All Commodities|24||Rail and water|05|250 - 499 miles|2022|0|S|0|S|0|S|0|S
01|00|0100000US|United States||0000|All Commodities|24||Rail and water|06|500 - 749 miles|2022|0|S|0|S|0|S|0|S
01|00|0100000US|United States||0000|All Commodities|24||Rail and water|07|750 - 999 miles|2022|0|S|0|S|0|S|0|S
01|00|0100000US|United States||0000|All Commodities|24||Rail and water|08|1,000 - 1,499 miles|2022|0|S|0|S|0|S|0|S
01|00|0100000US|United States||0000|All Commodities|24||Rail and water|09|1,500 - 1,999 miles|2022|0|S|0|S|0|S|0|S
01|00|0100000US|United States||0000|All Commodities|24||Rail and water|10|2,000 miles or more|2022|150||266||35.4||32.8|
01|00|0100000US|United States||0000|All Commodities|25|x|Other multiple modes|001|Total|2022|2154||0|S|34.2||0|S
01|00|0100000US|United States||0000|All Commodities|25|x|Other multiple modes|02|Less than 50 miles|2022|0|S|0|S|0|S|0|S
01|00|0100000US|United States||0000|All Commodities|25|x|Other multiple modes|03|50 - 99 miles|2022|0|S|0|S|0|S|0|S
01|00|0100000US|United States||0000|All Commodities|25|x|Other multiple modes|04|100 - 249 miles|2022|78||0|S|29||0|S
01|00|0100000US|United States||0000|All Commodities|25|x|Other multiple modes|05|250 - 499 miles|2022|181||40||26.8||29|
01|00|0100000US|United States||0000|All Commodities|25|x|Other multiple modes|06|500 - 749 miles|2022|82||38||27.3||41.3|
01|00|0100000US|United States||0000|All Commodities|25|x|Other multiple modes|07|750 - 999 miles|2022|32||11||33.1||46.2|
01|00|0100000US|United States||0000|All Commodities|25|x|Other multiple modes|08|1,000 - 1,499 miles|2022|0|S|9||0|S|37.9|
01|00|0100000US|United States||0000|All Commodities|25|x|Other multiple modes|09|1,500 - 1,999 miles|2022|0|S|0|S|0|S|0|S
01|00|0100000US|United States||0000|All Commodities|25|x|Other multiple modes|10|2,000 miles or more|2022|1503||129||46.7||42|
01|00|0100000US|United States||0000|All Commodities|30|z|Unknown mode|001|Total|2022|208186||101705||6.2||15.8|
01|00|0100000US|United States||0000|All Commodities|30|z|Unknown mode|02|Less than 50 miles|2022|76796||50972||9.1||13.8|
01|00|0100000US|United States||0000|All Commodities|30|z|Unknown mode|03|50 - 99 miles|2022|14517||11209||14.8||23.4|
01|00|0100000US|United States||0000|All Commodities|30|z|Unknown mode|04|100 - 249 miles|2022|20954||8805||9.2||22.7|
01|00|0100000US|United States||0000|All Commodities|30|z|Unknown mode|05|250 - 499 miles|2022|27819||13565||15.8||39.7|
01|00|0100000US|United States||0000|All Commodities|30|z|Unknown mode|06|500 - 749 miles|2022|19214||4142||13.8||15.5|
01|00|0100000US|United States||0000|All Commodities|30|z|Unknown mode|07|750 - 999 miles|2022|13093||2294||19.2||14.9|
01|00|0100000US|United States||0000|All Commodities|30|z|Unknown mode|08|1,000 - 1,499 miles|2022|16565||4028||13.7||24.6|
01|00|0100000US|United States||0000|All Commodities|30|z|Unknown mode|09|1,500 - 1,999 miles|2022|11104||0|S|23.1||0|S
01|00|0100000US|United States||0000|All Commodities|30|z|Unknown mode|10|2,000 miles or more|2022|8124||0|S|22.1||0|S
01|00|0100000US|United States||01|Animals and fish (live)|00||All modes|001|Total|2022|6166||2355||22.2||22|
01|00|0100000US|United States||01|Animals and fish (live)|00||All modes|02|Less than 50 miles|2022|565||236||32||34.5|
01|00|0100000US|United States||01|Animals and fish (live)|00||All modes|03|50 - 99 miles|2022|318||0|S|43.4||0|S
01|00|0100000US|United States||01|Animals and fish (live)|00||All modes|04|100 - 249 miles|2022|619||246||32.7||24.5|
01|00|0100000US|United States||01|Animals and fish (live)|00||All modes|05|250 - 499 miles|2022|2227||920||31.8||34.7|
01|00|0100000US|United States||01|Animals and fish (live)|00||All modes|06|500 - 749 miles|2022|1015||322||39||40.6|
01|00|0100000US|United States||01|Animals and fish (live)|00||All modes|07|750 - 999 miles|2022|779||261||32.8||33.2|
01|00|0100000US|United States||01|Animals and fish (live)|00||All modes|08|1,000 - 1,499 miles|2022|636||226||36.2||36.6|
01|00|0100000US|United States||01|Animals and fish (live)|00||All modes|09|1,500 - 1,999 miles|2022|0|S|0|S|0|S|0|S
01|00|0100000US|United States||01|Animals and fish (live)|00||All modes|10|2,000 miles or more|2022|0|S|0|S|0|S|0|S
01|00|0100000US|United States||01|Animals and fish (live)|10||Single modes|001|Total|2022|5875||2314||21.7||21.9|
01|00|0100000US|United States||01|Animals and fish (live)|10||Single modes|02|Less than 50 miles|2022|555||235||32.8||34.7|
01|00|0100000US|United States||01|Animals and fish (live)|10||Single modes|03|50 - 99 miles|2022|262||0|S|48.5||0|S
01|00|0100000US|United States||01|Animals and fish (live)|10||Single modes|04|100 - 249 miles|2022|579||242||28.6||21.4|
01|00|0100000US|United States||01|Animals and fish (live)|10||Single modes|05|250 - 499 miles|2022|2134||912||33.4||35.2|
01|00|0100000US|United States||01|Animals and fish (live)|10||Single modes|06|500 - 749 miles|2022|952||315||40.2||41.3|
01|00|0100000US|United States||01|Animals and fish (live)|10||Single modes|07|750 - 999 miles|2022|757||258||33.6||33.5|
01|00|0100000US|United States||01|Animals and fish (live)|10||Single modes|08|1,000 - 1,499 miles|2022|631||224||34.7||35.2|
01|00|0100000US|United States||01|Animals and fish (live)|10||Single modes|09|1,500 - 1,999 miles|2022|0|S|0|S|0|S|0|S
01|00|0100000US|United States||01|Animals and fish (live)|10||Single modes|10|2,000 miles or more|2022|0|Z|0|Z|32||39|
01|00|0100000US|United States||01|Animals and fish (live)|11|n|Truck|001|Total|2022|5783||2279||21.3||21.5|
01|00|0100000US|United States||01|Animals and fish (live)|11|n|Truck|02|Less than 50 miles|2022|546||230||32.2||33.8|
01|00|0100000US|United States||01|Animals and fish (live)|11|n|Truck|03|50 - 99 miles|2022|262||0|S|48.5||0|S
01|00|0100000US|United States||01|Animals and fish (live)|11|n|Truck|04|100 - 249 miles|2022|579||242||28.6||21.4|
01|00|0100000US|United States||01|Animals and fish (live)|11|n|Truck|05|250 - 499 miles|2022|2118||903||33.5||35.2|
01|00|0100000US|United States||01|Animals and fish (live)|11|n|Truck|06|500 - 749 miles|2022|886||294||37.6||38.4|
01|00|0100000US|United States||01|Animals and fish (live)|11|n|Truck|07|750 - 999 miles|2022|756||258||33.6||33.5|
01|00|0100000US|United States||01|Animals and fish (live)|11|n|Truck|08|1,000 - 1,499 miles|2022|631||224||34.8||35.2|
01|00|0100000US|United States||01|Animals and fish (live)|11|n|Truck|09|1,500 - 1,999 miles|2022|0|S|0|S|0|S|0|S
01|00|0100000US|United States||01|Animals and fish (live)|111||For-hire truck|001|Total|2022|4479||1831||21.7||22.7|
01|00|0100000US|United States||01|Animals and fish (live)|111||For-hire truck|02|Less than 50 miles|2022|365||174||42.5||44|
01|00|0100000US|United States||01|Animals and fish (live)|111||For-hire truck|03|50 - 99 miles|2022|0|S|0|S|0|S|0|S
01|00|0100000US|United States||01|Animals and fish (live)|111||For-hire truck|04|100 - 249 miles|2022|407||181||23.9||20.9|
01|00|0100000US|United States||01|Animals and fish (live)|111||For-hire truck|05|250 - 499 miles|2022|1555||682||30||30.8|
01|00|0100000US|United States||01|Animals and fish (live)|111||For-hire truck|06|500 - 749 miles|2022|685||246||42.7||41.4|
01|00|0100000US|United States||01|Animals and fish (live)|111||For-hire truck|07|750 - 999 miles|2022|634||217||29||29.3|
01|00|0100000US|United States||01|Animals and fish (live)|111||For-hire truck|08|1,000 - 1,499 miles|2022|631||224||34.8||35.2|
01|00|0100000US|United States||01|Animals and fish (live)|111||For-hire truck|09|1,500 - 1,999 miles|2022|0|S|0|S|0|S|0|S
01|00|0100000US|United States||01|Animals and fish (live)|112||Company-owned truck|001|Total|2022|1267||436||37.3||41.7|
01|00|0100000US|United States||01|Animals and fish (live)|112||Company-owned truck|02|Less than 50 miles|2022|0|S|0|S|0|S|0|S
01|00|0100000US|United States||01|Animals and fish (live)|112||Company-owned truck|03|50 - 99 miles|2022|0|S|0|S|0|S|0|S
01|00|0100000US|United States||01|Animals and fish (live)|112||Company-owned truck|04|100 - 249 miles|2022|167||0|S|45.3||0|S
01|00|0100000US|United States||01|Animals and fish (live)|112||Company-owned truck|05|250 - 499 miles|2022|0|S|0|S|0|S|0|S
01|00|0100000US|United States||01|Animals and fish (live)|112||Company-owned truck|06|500 - 749 miles|2022|200||48||33.7||49.3|
01|00|0100000US|United States||01|Animals and fish (live)|112||Company-owned truck|07|750 - 999 miles|2022|0|S|0|S|0|S|0|S
01|00|0100000US|United States||01|Animals and fish (live)|113|o|Customer pick-up|001|Total|2022|0|S|0|S|0|S|0|S
01|00|0100000US|United States||01|Animals and fish (live)|113|o|Customer pick-up|02|Less than 50 miles|2022|0|S|0|S|0|S|0|S
01|00|0100000US|United States||01|Animals and fish (live)|113|o|Customer pick-up|03|50 - 99 miles|2022|0|S|0|S|0|S|0|S
01|00|0100000US|United States||01|Animals and fish (live)|113|o|Customer pick-up|04|100 - 249 miles|2022|0|S|0|S|0|S|0|S
01|00|0100000US|United States||01|Animals and fish (live)|113|o|Customer pick-up|05|250 - 499 miles|2022|0|S|0|S|0|S|0|S
01|00|0100000US|United States||01|Animals and fish (live)|113|o|Customer pick-up|06|500 - 749 miles|2022|0|S|0|S|0|S|0|S
01|00|0100000US|United States||01|Animals and fish (live)|12||Rail|001|Total|2022|91||35||44.7||22.3|
01|00|0100000US|United States||01|Animals and fish (live)|12||Rail|02|Less than 50 miles|2022|0|S|0|S|0|S|0|S
01|00|0100000US|United States||01|Animals and fish (live)|12||Rail|05|250 - 499 miles|2022|0|S|0|S|0|S|0|S
01|00|0100000US|United States||01|Animals and fish (live)|12||Rail|06|500 - 749 miles|2022|0|S|0|S|0|S|0|S
01|00|0100000US|United States||01|Animals and fish (live)|14||Air (includes truck and air)|001|Total|2022|1||0|Z|25.3||27.4|
01|00|0100000US|United States||01|Animals and fish (live)|14||Air (includes truck and air)|04|100 - 249 miles|2022|0|Z|0|Z|36.6||25.8|
01|00|0100000US|United States||01|Animals and fish (live)|14||Air (includes truck and air)|05|250 - 499 miles|2022|0|Z|0|Z|9.9||12|
01|00|0100000US|United States||01|Animals and fish (live)|14||Air (includes truck and air)|06|500 - 749 miles|2022|0|Z|0|Z|2.3||2.3|
01|00|0100000US|United States||01|Animals and fish (live)|14||Air (includes truck and air)|07|750 - 999 miles|2022|0|Z|0|Z|33.6||32.4|
01|00|0100000US|United States||01|Animals and fish (live)|14||Air (includes truck and air)|08|1,000 - 1,499 miles|2022|0|Z|0|Z|41.4||25|
01|00|0100000US|United States||01|Animals and fish (live)|14||Air (includes truck and air)|09|1,500 - 1,999 miles|2022|0|S|0|S|0|S|0|S
01|00|0100000US|United States||01|Animals and fish (live)|14||Air (includes truck and air)|10|2,000 miles or more|2022|0|Z|0|Z|32||39|
01|00|0100000US|United States||01|Animals and fish (live)|20||Multiple modes|001|Total|2022|0|S|0|S|0|S|0|S
01|00|0100000US|United States||01|Animals and fish (live)|20||Multiple modes|02|Less than 50 miles|2022|0|S|0|S|0|S|0|S
01|00|0100000US|United States||01|Animals and fish (live)|20||Multiple modes|03|50 - 99 miles|2022|0|S|0|S|0|S|0|S
01|00|0100000US|United States||01|Animals and fish (live)|20||Multiple modes|04|100 - 249 miles|2022|0|S|0|S|0|S|0|S
01|00|0100000US|United States||01|Animals and fish (live)|20||Multiple modes|05|250 - 499 miles|2022|0|S|0|S|0|S|0|S
01|00|0100000US|United States||01|Animals and fish (live)|20||Multiple modes|06|500 - 749 miles|2022|0|S|0|S|0|S|0|S
01|00|0100000US|United States||01|Animals and fish (live)|20||Multiple modes|07|750 - 999 miles|2022|0|S|0|S|0|S|0|S
01|00|0100000US|United States||01|Animals and fish (live)|20||Multiple modes|08|1,000 - 1,499 miles|2022|5||2||31.2||35.6|
01|00|0100000US|United States||01|Animals and fish (live)|20||Multiple modes|09|1,500 - 1,999 miles|2022|1||0|Z|32.5||37.9|
01|00|0100000US|United States||01|Animals and fish (live)|20||Multiple modes|10|2,000 miles or more|2022|0|S|0|S|0|S|0|S
01|00|0100000US|United States||01|Animals and fish (live)|21||Parcel, U.S.P.S. or courier|001|Total|2022|0|S|0|S|0|S|0|S
01|00|0100000US|United States||01|Animals and fish (live)|21||Parcel, U.S.P.S. or courier|02|Less than 50 miles|2022|0|S|0|S|0|S|0|S
01|00|0100000US|United States||01|Animals and fish (live)|21||Parcel, U.S.P.S. or courier|03|50 - 99 miles|2022|0|S|0|S|0|S|0|S
01|00|0100000US|United States||01|Animals and fish (live)|21||Parcel, U.S.P.S. or courier|04|100 - 249 miles|2022|0|S|0|S|0|S|0|S
01|00|0100000US|United States||01|Animals and fish (live)|21||Parcel, U.S.P.S. or courier|05|250 - 499 miles|2022|0|S|0|S|0|S|0|S
01|00|0100000US|United States||01|Animals and fish (live)|21||Parcel, U.S.P.S. or courier|06|500 - 749 miles|2022|0|S|0|S|0|S|0|S
01|00|0100000US|United States||01|Animals and fish (live)|21||Parcel, U.S.P.S. or courier|07|750 - 999 miles|2022|0|S|0|S|0|S|0|S
01|00|0100000US|United States||01|Animals and fish (live)|21||Parcel, U.S.P.S. or courier|08|1,000 - 1,499 miles|2022|5||2||31.2||35.6|
01|00|0100000US|United States||01|Animals and fish (live)|21||Parcel, U.S.P.S. or courier|09|1,500 - 1,999 miles|2022|1||0|Z|32.5||37.9|
01|00|0100000US|United States||01|Animals and fish (live)|21||Parcel, U.S.P.S. or courier|10|2,000 miles or more|2022|0|S|0|S|0|S|0|S
01|00|0100000US|United States||01|Animals and fish (live)|22||Truck and rail|001|Total|2022|0|S|0|S|0|S|0|S
01|00|0100000US|United States||01|Animals and fish (live)|22||Truck and rail|03|50 - 99 miles|2022|0|S|0|S|0|S|0|S
01|00|0100000US|United States||01|Animals and fish (live)|30|z|Unknown mode|001|Total|2022|0|S|0|S|0|S|0|S
01|00|0100000US|United States||01|Animals and fish (live)|30|z|Unknown mode|06|500 - 749 miles|2022|0|S|0|S|0|S|0|S
01|00|0100000US|United States||01|Animals and fish (live)|30|z|Unknown mode|08|1,000 - 1,499 miles|2022|0|S|0|S|0|S|0|S
01|00|0100000US|United States||02|Cereal grains (includes seed)|00||All modes|001|Total|2022|132673||491143||6||7.2|
01|00|0100000US|United States||02|Cereal grains (includes seed)|00||All modes|02|Less than 50 miles|2022|64237||240855||11.1||10.1|
01|00|0100000US|United States||02|Cereal grains (includes seed)|00||All modes|03|50 - 99 miles|2022|14474||53854||16.2||15.7|
01|00|0100000US|United States||02|Cereal grains (includes seed)|00||All modes|04|100 - 249 miles|2022|9966||34431||15.6||17.1|
01|00|0100000US|United States||02|Cereal grains (includes seed)|00||All modes|05|250 - 499 miles|2022|13126||62135||16.7||28.6|
01|00|0100000US|United States||02|Cereal grains (includes seed)|00||All modes|06|500 - 749 miles|2022|14083||46568||16.7||17.7|
01|00|0100000US|United States||02|Cereal grains (includes seed)|00||All modes|07|750 - 999 miles|2022|7272||21837||34.1||36.4|
01|00|0100000US|United States||02|Cereal grains (includes seed)|00||All modes|08|1,000 - 1,499 miles|2022|8000||28027||27.3||28.7|
01|00|0100000US|United States||02|Cereal grains (includes seed)|00||All modes|09|1,500 - 1,999 miles|2022|0|S|0|S|0|S|0|S
01|00|0100000US|United States||02|Cereal grains (includes seed)|00||All modes|10|2,000 miles or more|2022|0|S|0|S|0|S|0|S
01|00|0100000US|United States||02|Cereal grains (includes seed)|10||Single modes|001|Total|2022|113472||421279||7.3||8.6|
01|00|0100000US|United States||02|Cereal grains (includes seed)|10||Single modes|02|Less than 50 miles|2022|61640||229758||11.8||11|
01|00|0100000US|United States||02|Cereal grains (includes seed)|10||Single modes|03|50 - 99 miles|2022|10887||39994||21.2||19.6|
01|00|0100000US|United States||02|Cereal grains (includes seed)|10||Single modes|04|100 - 249 miles|2022|8836||31258||18.3||20|
01|00|0100000US|United States||02|Cereal grains (includes seed)|10||Single modes|05|250 - 499 miles|2022|9364||48148||21.7||37.7|
01|00|0100000US|United States||02|Cereal grains (includes seed)|10||Single modes|06|500 - 749 miles|2022|9969||32072||16.9||17.6|
01|00|0100000US|United States||02|Cereal grains (includes seed)|10||Single modes|07|750 - 999 miles|2022|5928||17701||34.2||36.1|
01|00|0100000US|United States||02|Cereal grains (includes seed)|10||Single modes|08|1,000 - 1,499 miles|2022|5575||19477||25||27|
01|00|0100000US|United States||02|Cereal grains (includes seed)|10||Single modes|09|1,500 - 1,999 miles|2022|0|S|0|S|0|S|0|S
01|00|0100000US|United States||02|Cereal grains (includes seed)|10||Single modes|10|2,000 miles or more|2022|0|S|0|S|0|S|0|S
01|00|0100000US|United States||02|Cereal grains (includes seed)|11|n|Truck|001|Total|2022|64141||233904||11.2||11|
01|00|0100000US|United States||02|Cereal grains (includes seed)|11|n|Truck|02|Less than 50 miles|2022|47371||177184||13.8||13.1|
01|00|0100000US|United States||02|Cereal grains (includes seed)|11|n|Truck|03|50 - 99 miles|2022|7586||28315||13.8||13.6|
01|00|0100000US|United States||02|Cereal grains (includes seed)|11|n|Truck|04|100 - 249 miles|2022|4228||14571||19.3||19.2|
01|00|0100000US|United States||02|Cereal grains (includes seed)|11|n|Truck|05|250 - 499 miles|2022|1987||6137||26||35.7|
01|00|0100000US|United States||02|Cereal grains (includes seed)|11|n|Truck|06|500 - 749 miles|2022|1204||3430||29.3||36.4|
01|00|0100000US|United States||02|Cereal grains (includes seed)|11|n|Truck|07|750 - 999 miles|2022|245||574||32.1||18.2|
01|00|0100000US|United States||02|Cereal grains (includes seed)|11|n|Truck|08|1,000 - 1,499 miles|2022|0|S|0|S|0|S|0|S
01|00|0100000US|United States||02|Cereal grains (includes seed)|11|n|Truck|09|1,500 - 1,999 miles|2022|0|S|0|S|0|S|0|S
01|00|0100000US|United States||02|Cereal grains (includes seed)|11|n|Truck|10|2,000 miles or more|2022|0|S|0|S|0|S|0|S
01|00|0100000US|United States||02|Cereal grains (includes seed)|111||For-hire truck|001|Total|2022|40352||144349||12.5||13.2|
01|00|0100000US|United States||02|Cereal grains (includes seed)|111||For-hire truck|02|Less than 50 miles|2022|26533||97810||17.6||17.8|
01|00|0100000US|United States||02|Cereal grains (includes seed)|111||For-hire truck|03|50 - 99 miles|2022|5940||21776||18.3||18.5|
01|00|0100000US|United States||02|Cereal grains (includes seed)|111||For-hire truck|04|100 - 249 miles|2022|3419||12187||23.8||22.4|
01|00|0100000US|United States||02|Cereal grains (includes seed)|111||For-hire truck|05|250 - 499 miles|2022|1648||5279||32.2||42.6|
01|00|0100000US|United States||02|Cereal grains (includes seed)|111||For-hire truck|06|500 - 749 miles|2022|1143||3220||30.3||37.8|
01|00|0100000US|United States||02|Cereal grains (includes seed)|111||For-hire truck|07|750 - 999 miles|2022|220||481||36.2||21.2|
01|00|0100000US|United States||02|Cereal grains (includes seed)|111||For-hire truck|08|1,000 - 1,499 miles|2022|0|S|0|S|0|S|0|S
01|00|0100000US|United States||02|Cereal grains (includes seed)|111||For-hire truck|09|1,500 - 1,999 miles|2022|0|S|0|S|0|S|0|S
01|00|0100000US|United States||02|Cereal grains (includes seed)|111||For-hire truck|10|2,000 miles or more|2022|0|S|0|S|0|S|0|S
01|00|0100000US|United States||02|Cereal grains (includes seed)|112||Company-owned truck|001|Total|2022|19645||72157||20.3||20.9|
01|00|0100000US|United States||02|Cereal grains (includes seed)|112||Company-owned truck|02|Less than 50 miles|2022|17048||63187||23.8||23.8|
01|00|0100000US|United States||02|Cereal grains (includes seed)|112||Company-owned truck|03|50 - 99 miles|2022|1550||6302||19.7||20.1|
01|00|0100000US|United States||02|Cereal grains (includes seed)|112||Company-owned truck|04|100 - 249 miles|2022|718||2075||24.4||27.3|
01|00|0100000US|United States||02|Cereal grains (includes seed)|112||Company-owned truck|05|250 - 499 miles|2022|0|S|0|S|0|S|0|S
01|00|0100000US|United States||02|Cereal grains (includes seed)|112||Company-owned truck|06|500 - 749 miles|2022|52||172||31||31.1|
01|00|0100000US|United States||02|Cereal grains (includes seed)|112||Company-owned truck|07|750 - 999 miles|2022|0|S|0|S|0|S|0|S
01|00|0100000US|United States||02|Cereal grains (includes seed)|112||Company-owned truck|08|1,000 - 1,499 miles|2022|0|S|0|S|0|S|0|S
01|00|0100000US|United States||02|Cereal grains (includes seed)|112||Company-owned truck|09|1,500 - 1,999 miles|2022|0|Z|0|Z|37.2||41.2|
01|00|0100000US|United States||02|Cereal grains (includes seed)|112||Company-owned truck|10|2,000 miles or more|2022|0|Z|0|Z|46.3||46.3|
01|00|0100000US|United States||02|Cereal grains (includes seed)|113|o|Customer pick-up|001|Total|2022|4144||17399||36.5||43.5|
01|00|0100000US|United States||02|Cereal grains (includes seed)|113|o|Customer pick-up|02|Less than 50 miles|2022|3789||16186||41.3||48|
01|00|0100000US|United States||02|Cereal grains (includes seed)|113|o|Customer pick-up|03|50 - 99 miles|2022|95||0|S|46.8||0|S
01|00|0100000US|United States||02|Cereal grains (includes seed)|113|o|Customer pick-up|04|100 - 249 miles|2022|0|S|0|S|0|S|0|S
01|00|0100000US|United States||02|Cereal grains (includes seed)|113|o|Customer pick-up|05|250 - 499 miles|2022|0|S|0|S|0|S|0|S
01|00|0100000US|United States||02|Cereal grains (includes seed)|113|o|Customer pick-up|06|500 - 749 miles|2022|10||0|S|44.6||0|S
01|00|0100000US|United States||02|Cereal grains (includes seed)|113|o|Customer pick-up|07|750 - 999 miles|2022|13||0|S|49||0|S
01|00|0100000US|United States||02|Cereal grains (includes seed)|113|o|Customer pick-up|08|1,000 - 1,499 miles|2022|4||7||34.6||6.3|
01|00|0100000US|United States||02|Cereal grains (includes seed)|113|o|Customer pick-up|09|1,500 - 1,999 miles|2022|0|S|0|S|0|S|0|S
01|00|0100000US|United States||02|Cereal grains (includes seed)|113|o|Customer pick-up|10|2,000 miles or more|2022|0|S|0|S|0|S|0|S
01|00|0100000US|United States||02|Cereal grains (includes seed)|12||Rail|001|Total|2022|31510||126234||11.4||11.8|
01|00|0100000US|United States||02|Cereal grains (includes seed)|12||Rail|02|Less than 50 miles|2022|7154||27219||20.5||20.7|
01|00|0100000US|United States||02|Cereal grains (includes seed)|12||Rail|03|50 - 99 miles|2022|1681||6335||36.5||37.4|
01|00|0100000US|United States||02|Cereal grains (includes seed)|12||Rail|04|100 - 249 miles|2022|3491||13190||23.5||27.2|
01|00|0100000US|United States||02|Cereal grains (includes seed)|12||Rail|05|250 - 499 miles|2022|5565||0|S|36.9||0|S
01|00|0100000US|United States||02|Cereal grains (includes seed)|12||Rail|06|500 - 749 miles|2022|3580||11319||34.6||37.8|
01|00|0100000US|United States||02|Cereal grains (includes seed)|12||Rail|07|750 - 999 miles|2022|5159||15513||39.1||41.4|
01|00|0100000US|United States||02|Cereal grains (includes seed)|12||Rail|08|1,000 - 1,499 miles|2022|4471||15939||31.5||32.7|
01|00|0100000US|United States||02|Cereal grains (includes seed)|12||Rail|09|1,500 - 1,999 miles|2022|0|S|0|S|0|S|0|S
01|00|0100000US|United States||02|Cereal grains (includes seed)|13||Water|001|Total|2022|17760||60891||15.9||15.3|
01|00|0100000US|United States||02|Cereal grains (includes seed)|13||Water|02|Less than 50 miles|2022|7057||25107||26.6||23.8|
01|00|0100000US|United States||02|Cereal grains (includes seed)|13||Water|03|50 - 99 miles|2022|0|S|0|S|0|S|0|S
01|00|0100000US|United States||02|Cereal grains (includes seed)|13||Water|04|100 - 249 miles|2022|0|S|0|S|0|S|0|S
01|00|0100000US|United States||02|Cereal grains (includes seed)|13||Water|05|250 - 499 miles|2022|1813||6659||32.3||33.7|
01|00|0100000US|United States||02|Cereal grains (includes seed)|13||Water|06|500 - 749 miles|2022|5184||17323||24.5||24|
01|00|0100000US|United States||02|Cereal grains (includes seed)|13||Water|07|750 - 999 miles|2022|524||1614||43.6||42.6|
01|00|0100000US|United States||02|Cereal grains (includes seed)|13||Water|08|1,000 - 1,499 miles|2022|0|S|0|S|0|S|0|S
01|00|0100000US|United States||02|Cereal grains (includes seed)|131||Inland water|001|Total|2022|7746||26831||15.8||15.1|
01|00|0100000US|United States||02|Cereal grains (includes seed)|131||Inland water|02|Less than 50 miles|2022|540||0|S|41.7||0|S
01|00|0100000US|United States||02|Cereal grains (includes seed)|131||Inland water|03|50 - 99 miles|2022|0|S|0|S|0|S|0|S
01|00|0100000US|United States||02|Cereal grains (includes seed)|131||Inland water|04|100 - 249 miles|2022|48||195||22.5||20|
01|00|0100000US|United States||02|Cereal grains (includes seed)|131||Inland water|05|250 - 499 miles|2022|1813||6659||32.3||33.7|
01|00|0100000US|United States||02|Cereal grains (includes seed)|131||Inland water|06|500 - 749 miles|2022|4662||16085||18.2||19.5|
01|00|0100000US|United States||02|Cereal grains (includes seed)|131||Inland water|07|750 - 999 miles|2022|0|S|0|S|0|S|0|S
01|00|0100000US|United States||02|Cereal grains (includes seed)|131||Inland water|08|1,000 - 1,499 miles|2022|0|S|0|S|0|S|0|S
01|00|0100000US|United States||02|Cereal grains (includes seed)|133||Deep sea|001|Total|2022|10014||34059||27.3||26.1|
01|00|0100000US|United States||02|Cereal grains (includes seed)|133||Deep sea|02|Less than 50 miles|2022|6517||23320||26.5||24.2|
01|00|0100000US|United States||02|Cereal grains (includes seed)|133||Deep sea|03|50 - 99 miles|2022|0|S|0|S|0|S|0|S
01|00|0100000US|United States||02|Cereal grains (includes seed)|133||Deep sea|04|100 - 249 miles|2022|0|S|3302||0|S|46.6|
01|00|0100000US|United States||02|Cereal grains (includes seed)|133||Deep sea|06|500 - 749 miles|2022|0|S|0|S|0|S|0|S
01|00|0100000US|United States||02|Cereal grains (includes seed)|133||Deep sea|07|750 - 999 miles|2022|0|S|0|S|0|S|0|S
01|00|0100000US|United States||02|Cereal grains (includes seed)|14||Air (includes truck and air)|001|Total|2022|0|S|0|S|0|S|0|S
01|00|0100000US|United States||02|Cereal grains (includes seed)|14||Air (includes truck and air)|03|50 - 99 miles|2022|0|Z|0|Z|37.4||37.8|
01|00|0100000US|United States||02|Cereal grains (includes seed)|14||Air (includes truck and air)|04|100 - 249 miles|2022|0|Z|0|Z|24.9||24.5|
01|00|0100000US|United States||02|Cereal grains (includes seed)|14||Air (includes truck and air)|10|2,000 miles or more|2022|0|S|0|S|0|S|0|S
01|00|0100000US|United States||02|Cereal grains (includes seed)|16|x|Other single modes|001|Total|2022|0|S|0|S|0|S|0|S
01|00|0100000US|United States||02|Cereal grains (includes seed)|16|x|Other single modes|02|Less than 50 miles|2022|0|S|0|S|0|S|0|S
01|00|0100000US|United States||02|Cereal grains (includes seed)|20||Multiple modes|001|Total|2022|18651||68327||13.8||15.1|
01|00|0100000US|United States||02|Cereal grains (includes seed)|20||Multiple modes|02|Less than 50 miles|2022|2574||11042||34.2||36.1|
01|00|0100000US|United States||02|Cereal grains (includes seed)|20||Multiple modes|03|50 - 99 miles|2022|0|S|0|S|0|S|0|S
01|00|0100000US|United States||02|Cereal grains (includes seed)|20||Multiple modes|04|100 - 249 miles|2022|0|S|3125||0|S|47|
01|00|0100000US|United States||02|Cereal grains (includes seed)|20||Multiple modes|05|250 - 499 miles|2022|3732||13974||27.7||29.7|
01|00|0100000US|United States||02|Cereal grains (includes seed)|20||Multiple modes|06|500 - 749 miles|2022|4113||14494||29.5||29.5|
01|00|0100000US|United States||02|Cereal grains (includes seed)|20||Multiple modes|07|750 - 999 miles|2022|1311||4046||40.6||42.4|
01|00|0100000US|United States||02|Cereal grains (includes seed)|20||Multiple modes|08|1,000 - 1,499 miles|2022|2423||8546||32||32.7|
01|00|0100000US|United States||02|Cereal grains (includes seed)|20||Multiple modes|09|1,500 - 1,999 miles|2022|0|S|0|S|0|S|0|S
01|00|0100000US|United States||02|Cereal grains (includes seed)|20||Multiple modes|10|2,000 miles or more|2022|0|Z|0|Z|40.3||45.4|
01|00|0100000US|United States||02|Cereal grains (includes seed)|21||Parcel, U.S.P.S. or courier|001|Total|2022|0|S|0|S|0|S|0|S
01|00|0100000US|United States||02|Cereal grains (includes seed)|21||Parcel, U.S.P.S. or courier|02|Less than 50 miles|2022|0|S|0|Z|0|S|44.5|
01|00|0100000US|United States||02|Cereal grains (includes seed)|21||Parcel, U.S.P.S. or courier|03|50 - 99 miles|2022|0|S|0|S|0|S|0|S
01|00|0100000US|United States||02|Cereal grains (includes seed)|21||Parcel, U.S.P.S. or courier|04|100 - 249 miles|2022|0|S|0|S|0|S|0|S
01|00|0100000US|United States||02|Cereal grains (includes seed)|21||Parcel, U.S.P.S. or courier|05|250 - 499 miles|2022|0|S|0|S|0|S|0|S
01|00|0100000US|United States||02|Cereal grains (includes seed)|21||Parcel, U.S.P.S. or courier|06|500 - 749 miles|2022|0|S|0|S|0|S|0|S
01|00|0100000US|United States||02|Cereal grains (includes seed)|21||Parcel, U.S.P.S. or courier|07|750 - 999 miles|2022|0|S|0|S|0|S|0|S
01|00|0100000US|United States||02|Cereal grains (includes seed)|21||Parcel, U.S.P.S. or courier|08|1,000 - 1,499 miles|2022|0|S|0|S|0|S|0|S
01|00|0100000US|United States||02|Cereal grains (includes seed)|21||Parcel, U.S.P.S. or courier|09|1,500 - 1,999 miles|2022|0|S|0|S|0|S|0|S
01|00|0100000US|United States||02|Cereal grains (includes seed)|21||Parcel, U.S.P.S. or courier|10|2,000 miles or more|2022|0|Z|0|Z|41||42.9|
01|00|0100000US|United States||02|Cereal grains (includes seed)|22||Truck and rail|001|Total|2022|17811||65271||14.2||15.4|
01|00|0100000US|United States||02|Cereal grains (includes seed)|22||Truck and rail|02|Less than 50 miles|2022|2449||10487||32.6||34.3|
01|00|0100000US|United States||02|Cereal grains (includes seed)|22||Truck and rail|03|50 - 99 miles|2022|0|S|0|S|0|S|0|S
01|00|0100000US|United States||02|Cereal grains (includes seed)|22||Truck and rail|04|100 - 249 miles|2022|0|S|2926||0|S|48.2|
01|00|0100000US|United States||02|Cereal grains (includes seed)|22||Truck and rail|05|250 - 499 miles|2022|3564||13395||29.7||31.4|
01|00|0100000US|United States||02|Cereal grains (includes seed)|22||Truck and rail|06|500 - 749 miles|2022|3704||13048||33.9||33.8|
01|00|0100000US|United States||02|Cereal grains (includes seed)|22||Truck and rail|07|750 - 999 miles|2022|1242||3776||42.4||45|
01|00|0100000US|United States||02|Cereal grains (includes seed)|22||Truck and rail|08|1,000 - 1,499 miles|2022|2421||8544||32||32.7|
01|00|0100000US|United States||02|Cereal grains (includes seed)|22||Truck and rail|09|1,500 - 1,999 miles|2022|0|S|0|S|0|S|0|S
01|00|0100000US|United States||02|Cereal grains (includes seed)|23||Truck and water|001|Total|2022|829||3047||23.5||25.7|
01|00|0100000US|United States||02|Cereal grains (includes seed)|23||Truck and water|02|Less than 50 miles|2022|0|S|0|S|0|S|0|S
01|00|0100000US|United States||02|Cereal grains (includes seed)|23||Truck and water|03|50 - 99 miles|2022|0|Z|0|Z|9.2||9.2|
01|00|0100000US|United States||02|Cereal grains (includes seed)|23||Truck and water|04|100 - 249 miles|2022|64||199||35.1||37|
01|00|0100000US|United States||02|Cereal grains (includes seed)|23||Truck and water|05|250 - 499 miles|2022|0|S|0|S|0|S|0|S
01|00|0100000US|United States||02|Cereal grains (includes seed)|23||Truck and water|06|500 - 749 miles|2022|408||1444||31.9||31.4|
01|00|0100000US|United States||02|Cereal grains (includes seed)|23||Truck and water|07|750 - 999 miles|2022|67||269||21.4||21.8|
01|00|0100000US|United States||02|Cereal grains (includes seed)|23||Truck and water|09|1,500 - 1,999 miles|2022|0|S|0|S|0|S|0|S
01|00|0100000US|United States||02|Cereal grains (includes seed)|23||Truck and water|10|2,000 miles or more|2022|0|S|0|S|0|S|0|S
01|00|0100000US|United States||02|Cereal grains (includes seed)|25|x|Other multiple modes|001|Total|2022|0|S|0|S|0|S|0|S
01|00|0100000US|United States||02|Cereal grains (includes seed)|25|x|Other multiple modes|09|1,500 - 1,999 miles|2022|0|S|0|S|0|S|0|S
01|00|0100000US|United States||02|Cereal grains (includes seed)|30|z|Unknown mode|001|Total|2022|0|S|0|S|0|S|0|S
01|00|0100000US|United States||02|Cereal grains (includes seed)|30|z|Unknown mode|02|Less than 50 miles|2022|0|S|0|S|0|S|0|S
01|00|0100000US|United States||02|Cereal grains (includes seed)|30|z|Unknown mode|03|50 - 99 miles|2022|0|S|0|S|0|S|0|S
01|00|0100000US|United States||02|Cereal grains (includes seed)|30|z|Unknown mode|04|100 - 249 miles|2022|0|S|0|S|0|S|0|S
01|00|0100000US|United States||02|Cereal grains (includes seed)|30|z|Unknown mode|05|250 - 499 miles|2022|0|S|0|S|0|S|0|S
01|00|0100000US|United States||02|Cereal grains (includes seed)|30|z|Unknown mode|06|500 - 749 miles|2022|0|S|0|S|0|S|0|S
01|00|0100000US|United States||02|Cereal grains (includes seed)|30|z|Unknown mode|07|750 - 999 miles|2022|0|S|0|S|0|S|0|S
01|00|0100000US|United States||02|Cereal grains (includes seed)|30|z|Unknown mode|08|1,000 - 1,499 miles|2022|0|S|0|S|0|S|0|S
01|00|0100000US|United States||02|Cereal grains (includes seed)|30|z|Unknown mode|10|2,000 miles or more|2022|0|S|0|S|0|S|0|S
01|00|0100000US|United States||03|Agricultural products (excludes animal feed, cereal grains, and forage products)|00||All modes|001|Total|2022|269344||260318||7.4||6.7|
01|00|0100000US|United States||03|Agricultural products (excludes animal feed, cereal grains, and forage products)|00||All modes|02|Less than 50 miles|2022|111246||117025||12.4||13.4|
01|00|0100000US|United States||03|Agricultural products (excludes animal feed, cereal grains, and forage products)|00||All modes|03|50 - 99 miles|2022|34035||35207||9.3||11.8|
01|00|0100000US|United States||03|Agricultural products (excludes animal feed, cereal grains, and forage products)|00||All modes|04|100 - 249 miles|2022|38524||29167||13.3||14.6|
01|00|0100000US|United States||03|Agricultural products (excludes animal feed, cereal grains, and forage products)|00||All modes|05|250 - 499 miles|2022|26274||24944||13.4||16.2|
01|00|0100000US|United States||03|Agricultural products (excludes animal feed, cereal grains, and forage products)|00||All modes|06|500 - 749 miles|2022|16753||21229||13.5||16.2|
01|00|0100000US|United States||03|Agricultural products (excludes animal feed, cereal grains, and forage products)|00||All modes|07|750 - 999 miles|2022|10818||9106||15.6||22.8|
01|00|0100000US|United States||03|Agricultural products (excludes animal feed, cereal grains, and forage products)|00||All modes|08|1,000 - 1,499 miles|2022|14359||14575||14.9||25.7|
01|00|0100000US|United States||03|Agricultural products (excludes animal feed, cereal grains, and forage products)|00||All modes|09|1,500 - 1,999 miles|2022|8732||6657||17.3||26.6|
01|00|0100000US|United States||03|Agricultural products (excludes animal feed, cereal grains, and forage products)|00||All modes|10|2,000 miles or more|2022|8603||2409||23.6||19.4|
01|00|0100000US|United States||03|Agricultural products (excludes animal feed, cereal grains, and forage products)|10||Single modes|001|Total|2022|254105||243176||7.3||6.9|
01|00|0100000US|United States||03|Agricultural products (excludes animal feed, cereal grains, and forage products)|10||Single modes|02|Less than 50 miles|2022|108047||113818||12.1||13.4|
01|00|0100000US|United States||03|Agricultural products (excludes animal feed, cereal grains, and forage products)|10||Single modes|03|50 - 99 miles|2022|32703||33010||8.9||11.7|
01|00|0100000US|United States||03|Agricultural products (excludes animal feed, cereal grains, and forage products)|10||Single modes|04|100 - 249 miles|2022|37668||28424||13.7||14.9|
01|00|0100000US|United States||03|Agricultural products (excludes animal feed, cereal grains, and forage products)|10||Single modes|05|250 - 499 miles|2022|23699||22041||15.6||20.4|
01|00|0100000US|United States||03|Agricultural products (excludes animal feed, cereal grains, and forage products)|10||Single modes|06|500 - 749 miles|2022|13910||16991||11.6||14.5|
01|00|0100000US|United States||03|Agricultural products (excludes animal feed, cereal grains, and forage products)|10||Single modes|07|750 - 999 miles|2022|9539||7669||17.2||24.8|
01|00|0100000US|United States||03|Agricultural products (excludes animal feed, cereal grains, and forage products)|10||Single modes|08|1,000 - 1,499 miles|2022|12657||12510||18.8||30.8|
01|00|0100000US|United States||03|Agricultural products (excludes animal feed, cereal grains, and forage products)|10||Single modes|09|1,500 - 1,999 miles|2022|8170||6411||17.7||26.6|
01|00|0100000US|United States||03|Agricultural products (excludes animal feed, cereal grains, and forage products)|10||Single modes|10|2,000 miles or more|2022|7712||2300||24.7||19.8|
01|00|0100000US|United States||03|Agricultural products (excludes animal feed, cereal grains, and forage products)|11|n|Truck|001|Total|2022|215123||172336||7.9||6.5|
01|00|0100000US|United States||03|Agricultural products (excludes animal feed, cereal grains, and forage products)|11|n|Truck|02|Less than 50 miles|2022|92763||85825||10.9||10.1|
01|00|0100000US|United States||03|Agricultural products (excludes animal feed, cereal grains, and forage products)|11|n|Truck|03|50 - 99 miles|2022|31396||30481||9.3||13.3|
01|00|0100000US|United States||03|Agricultural products (excludes animal feed, cereal grains, and forage products)|11|n|Truck|04|100 - 249 miles|2022|34563||22470||11.9||10.3|
01|00|0100000US|United States||03|Agricultural products (excludes animal feed, cereal grains, and forage products)|11|n|Truck|05|250 - 499 miles|2022|19167||13310||18.3||27.5|
01|00|0100000US|United States||03|Agricultural products (excludes animal feed, cereal grains, and forage products)|11|n|Truck|06|500 - 749 miles|2022|7605||5297||15.8||18.5|
01|00|0100000US|United States||03|Agricultural products (excludes animal feed, cereal grains, and forage products)|11|n|Truck|07|750 - 999 miles|2022|7693||4548||15.1||15.5|
01|00|0100000US|United States||03|Agricultural products (excludes animal feed, cereal grains, and forage products)|11|n|Truck|08|1,000 - 1,499 miles|2022|8504||4794||15.1||12.6|
01|00|0100000US|United States||03|Agricultural products (excludes animal feed, cereal grains, and forage products)|11|n|Truck|09|1,500 - 1,999 miles|2022|6190||3547||18||16.8|
01|00|0100000US|United States||03|Agricultural products (excludes animal feed, cereal grains, and forage products)|11|n|Truck|10|2,000 miles or more|2022|7242||2063||27.4||23.1|
01|00|0100000US|United States||03|Agricultural products (excludes animal feed, cereal grains, and forage products)|111||For-hire truck|001|Total|2022|111193||100372||9.2||6.5|
01|00|0100000US|United States||03|Agricultural products (excludes animal feed, cereal grains, and forage products)|111||For-hire truck|02|Less than 50 miles|2022|32848||42582||10.3||9.4|
01|00|0100000US|United States||03|Agricultural products (excludes animal feed, cereal grains, and forage products)|111||For-hire truck|03|50 - 99 miles|2022|16577||20314||11||14.3|
01|00|0100000US|United States||03|Agricultural products (excludes animal feed, cereal grains, and forage products)|111||For-hire truck|04|100 - 249 miles|2022|19085||12110||15||12|
01|00|0100000US|United States||03|Agricultural products (excludes animal feed, cereal grains, and forage products)|111||For-hire truck|05|250 - 499 miles|2022|11620||9179||30.3||41.2|
01|00|0100000US|United States||03|Agricultural products (excludes animal feed, cereal grains, and forage products)|111||For-hire truck|06|500 - 749 miles|2022|5791||3803||14.5||12.3|
01|00|0100000US|United States||03|Agricultural products (excludes animal feed, cereal grains, and forage products)|111||For-hire truck|07|750 - 999 miles|2022|6751||3973||17.1||18.3|
01|00|0100000US|United States||03|Agricultural products (excludes animal feed, cereal grains, and forage products)|111||For-hire truck|08|1,000 - 1,499 miles|2022|7517||3874||14.4||13.2|
01|00|0100000US|United States||03|Agricultural products (excludes animal feed, cereal grains, and forage products)|111||For-hire truck|09|1,500 - 1,999 miles|2022|5275||2974||20.1||19|
01|00|0100000US|United States||03|Agricultural products (excludes animal feed, cereal grains, and forage products)|111||For-hire truck|10|2,000 miles or more|2022|5728||1563||28||22.9|
01|00|0100000US|United States||03|Agricultural products (excludes animal feed, cereal grains, and forage products)|112||Company-owned truck|001|Total|2022|84586||58443||8.5||10.8|
01|00|0100000US|United States||03|Agricultural products (excludes animal feed, cereal grains, and forage products)|112||Company-owned truck|02|Less than 50 miles|2022|50973||37597||11.4||12.1|
01|00|0100000US|United States||03|Agricultural products (excludes animal feed, cereal grains, and forage products)|112||Company-owned truck|03|50 - 99 miles|2022|14065||9639||11.6||25.9|
01|00|0100000US|United States||03|Agricultural products (excludes animal feed, cereal grains, and forage products)|112||Company-owned truck|04|100 - 249 miles|2022|13423||7584||12.2||18.1|
01|00|0100000US|United States||03|Agricultural products (excludes animal feed, cereal grains, and forage products)|112||Company-owned truck|05|250 - 499 miles|2022|4642||3143||17.5||42.6|
01|00|0100000US|United States||03|Agricultural products (excludes animal feed, cereal grains, and forage products)|112||Company-owned truck|06|500 - 749 miles|2022|460||0|S|44||0|S
01|00|0100000US|United States||03|Agricultural products (excludes animal feed, cereal grains, and forage products)|112||Company-owned truck|07|750 - 999 miles|2022|301||148||21||27.5|
01|00|0100000US|United States||03|Agricultural products (excludes animal feed, cereal grains, and forage products)|112||Company-owned truck|08|1,000 - 1,499 miles|2022|0|S|0|S|0|S|0|S
01|00|0100000US|United States||03|Agricultural products (excludes animal feed, cereal grains, and forage products)|112||Company-owned truck|09|1,500 - 1,999 miles|2022|0|S|0|S|0|S|0|S
01|00|0100000US|United States||03|Agricultural products (excludes animal feed, cereal grains, and forage products)|112||Company-owned truck|10|2,000 miles or more|2022|0|S|0|S|0|S|0|S
01|00|0100000US|United States||03|Agricultural products (excludes animal feed, cereal grains, and forage products)|113|o|Customer pick-up|001|Total|2022|19344||13521||30.8||26|
01|00|0100000US|United States||03|Agricultural products (excludes animal feed, cereal grains, and forage products)|113|o|Customer pick-up|02|Less than 50 miles|2022|8941||5646||39.7||36.6|
01|00|0100000US|United States||03|Agricultural products (excludes animal feed, cereal grains, and forage products)|113|o|Customer pick-up|03|50 - 99 miles|2022|755||529||33.2||33.9|
01|00|0100000US|United States||03|Agricultural products (excludes animal feed, cereal grains, and forage products)|113|o|Customer pick-up|04|100 - 249 miles|2022|0|S|0|S|0|S|0|S
01|00|0100000US|United States||03|Agricultural products (excludes animal feed, cereal grains, and forage products)|113|o|Customer pick-up|05|250 - 499 miles|2022|0|S|989||0|S|28|
01|00|0100000US|United States||03|Agricultural products (excludes animal feed, cereal grains, and forage products)|113|o|Customer pick-up|06|500 - 749 miles|2022|1354||1270||48.9||45|
01|00|0100000US|United States||03|Agricultural products (excludes animal feed, cereal grains, and forage products)|113|o|Customer pick-up|07|750 - 999 miles|2022|641||427||39.3||41.1|
01|00|0100000US|United States||03|Agricultural products (excludes animal feed, cereal grains, and forage products)|113|o|Customer pick-up|08|1,000 - 1,499 miles|2022|761||855||26.3||34.9|
01|00|0100000US|United States||03|Agricultural products (excludes animal feed, cereal grains, and forage products)|113|o|Customer pick-up|09|1,500 - 1,999 miles|2022|683||553||40.3||49.1|
01|00|0100000US|United States||03|Agricultural products (excludes animal feed, cereal grains, and forage products)|113|o|Customer pick-up|10|2,000 miles or more|2022|0|S|476||0|S|33.1|
01|00|0100000US|United States||03|Agricultural products (excludes animal feed, cereal grains, and forage products)|12||Rail|001|Total|2022|15855||27946||19.9||22.1|
01|00|0100000US|United States||03|Agricultural products (excludes animal feed, cereal grains, and forage products)|12||Rail|02|Less than 50 miles|2022|2967||5265||18.9||21.1|
01|00|0100000US|United States||03|Agricultural products (excludes animal feed, cereal grains, and forage products)|12||Rail|03|50 - 99 miles|2022|470||1014||37.1||39.4|
01|00|0100000US|United States||03|Agricultural products (excludes animal feed, cereal grains, and forage products)|12||Rail|04|100 - 249 miles|2022|0|S|0|S|0|S|0|S
01|00|0100000US|United States||03|Agricultural products (excludes animal feed, cereal grains, and forage products)|12||Rail|05|250 - 499 miles|2022|1017||1922||27.3||24.9|
01|00|0100000US|United States||03|Agricultural products (excludes animal feed, cereal grains, and forage products)|12||Rail|06|500 - 749 miles|2022|1629||2909||34.2||38.5|
01|00|0100000US|United States||03|Agricultural products (excludes animal feed, cereal grains, and forage products)|12||Rail|07|750 - 999 miles|2022|1636||2765||45.6||44.9|
01|00|0100000US|United States||03|Agricultural products (excludes animal feed, cereal grains, and forage products)|12||Rail|08|1,000 - 1,499 miles|2022|3842||0|S|49.5||0|S
01|00|0100000US|United States||03|Agricultural products (excludes animal feed, cereal grains, and forage products)|12||Rail|09|1,500 - 1,999 miles|2022|1936||2861||39||39.5|
01|00|0100000US|United States||03|Agricultural products (excludes animal feed, cereal grains, and forage products)|12||Rail|10|2,000 miles or more|2022|0|S|0|S|0|S|0|S
01|00|0100000US|United States||03|Agricultural products (excludes animal feed, cereal grains, and forage products)|13||Water|001|Total|2022|22887||42847||26.9||27.1|
01|00|0100000US|United States||03|Agricultural products (excludes animal feed, cereal grains, and forage products)|13||Water|02|Less than 50 miles|2022|12317||22728||35.5||38.2|
01|00|0100000US|United States||03|Agricultural products (excludes animal feed, cereal grains, and forage products)|13||Water|03|50 - 99 miles|2022|812||1511||17||15.2|
01|00|0100000US|United States||03|Agricultural products (excludes animal feed, cereal grains, and forage products)|13||Water|04|100 - 249 miles|2022|1069||2064||44.1||44.1|
01|00|0100000US|United States||03|Agricultural products (excludes animal feed, cereal grains, and forage products)|13||Water|05|250 - 499 miles|2022|3513||6809||40||36.9|
01|00|0100000US|United States||03|Agricultural products (excludes animal feed, cereal grains, and forage products)|13||Water|06|500 - 749 miles|2022|4675||8786||22.4||23.2|
01|00|0100000US|United States||03|Agricultural products (excludes animal feed, cereal grains, and forage products)|13||Water|07|750 - 999 miles|2022|0|S|0|S|0|S|0|S
01|00|0100000US|United States||03|Agricultural products (excludes animal feed, cereal grains, and forage products)|13||Water|08|1,000 - 1,499 miles|2022|0|S|0|S|0|S|0|S
01|00|0100000US|United States||03|Agricultural products (excludes animal feed, cereal grains, and forage products)|13||Water|09|1,500 - 1,999 miles|2022|1||0|Z|25.5||12|
01|00|0100000US|United States||03|Agricultural products (excludes animal feed, cereal grains, and forage products)|131||Inland water|001|Total|2022|9154||17748||20||20.3|
01|00|0100000US|United States||03|Agricultural products (excludes animal feed, cereal grains, and forage products)|131||Inland water|02|Less than 50 miles|2022|0|S|0|S|0|S|0|S
01|00|0100000US|United States||03|Agricultural products (excludes animal feed, cereal grains, and forage products)|131||Inland water|03|50 - 99 miles|2022|146||0|S|48.5||0|S
01|00|0100000US|United States||03|Agricultural products (excludes animal feed, cereal grains, and forage products)|131||Inland water|04|100 - 249 miles|2022|0|S|0|S|0|S|0|S
01|00|0100000US|United States||03|Agricultural products (excludes animal feed, cereal grains, and forage products)|131||Inland water|05|250 - 499 miles|2022|2579||5238||28.9||31.1|
01|00|0100000US|United States||03|Agricultural products (excludes animal feed, cereal grains, and forage products)|131||Inland water|06|500 - 749 miles|2022|4662||8763||22.5||23.2|
01|00|0100000US|United States||03|Agricultural products (excludes animal feed, cereal grains, and forage products)|131||Inland water|07|750 - 999 miles|2022|0|S|0|S|0|S|0|S
01|00|0100000US|United States||03|Agricultural products (excludes animal feed, cereal grains, and forage products)|131||Inland water|08|1,000 - 1,499 miles|2022|0|S|0|S|0|S|0|S
01|00|0100000US|United States||03|Agricultural products (excludes animal feed, cereal grains, and forage products)|133||Deep sea|001|Total|2022|13733||25099||35.3||37.7|
01|00|0100000US|United States||03|Agricultural products (excludes animal feed, cereal grains, and forage products)|133||Deep sea|02|Less than 50 miles|2022|11723||21580||28.3||32.4|
01|00|0100000US|United States||03|Agricultural products (excludes animal feed, cereal grains, and forage products)|133||Deep sea|03|50 - 99 miles|2022|666||1218||18||16.2|
01|00|0100000US|United States||03|Agricultural products (excludes animal feed, cereal grains, and forage products)|133||Deep sea|04|100 - 249 miles|2022|0|S|0|S|0|S|0|S
01|00|0100000US|United States||03|Agricultural products (excludes animal feed, cereal grains, and forage products)|133||Deep sea|05|250 - 499 miles|2022|0|S|0|S|0|S|0|S
01|00|0100000US|United States||03|Agricultural products (excludes animal feed, cereal grains, and forage products)|133||Deep sea|06|500 - 749 miles|2022|0|S|0|S|0|S|0|S
01|00|0100000US|United States||03|Agricultural products (excludes animal feed, cereal grains, and forage products)|133||Deep sea|07|750 - 999 miles|2022|0|Z|0|S|45.5||0|S
01|00|0100000US|United States||03|Agricultural products (excludes animal feed, cereal grains, and forage products)|133||Deep sea|08|1,000 - 1,499 miles|2022|0|S|0|S|0|S|0|S
01|00|0100000US|United States||03|Agricultural products (excludes animal feed, cereal grains, and forage products)|133||Deep sea|09|1,500 - 1,999 miles|2022|1||0|Z|25.5||12|
01|00|0100000US|United States||03|Agricultural products (excludes animal feed, cereal grains, and forage products)|14||Air (includes truck and air)|001|Total|2022|240||47||15.3||21.6|
01|00|0100000US|United States||03|Agricultural products (excludes animal feed, cereal grains, and forage products)|14||Air (includes truck and air)|03|50 - 99 miles|2022|25||5||28.1||26.3|
01|00|0100000US|United States||03|Agricultural products (excludes animal feed, cereal grains, and forage products)|14||Air (includes truck and air)|04|100 - 249 miles|2022|31||4||37.6||32.8|
01|00|0100000US|United States||03|Agricultural products (excludes animal feed, cereal grains, and forage products)|14||Air (includes truck and air)|05|250 - 499 miles|2022|0|S|0|S|0|S|0|S
01|00|0100000US|United States||03|Agricultural products (excludes animal feed, cereal grains, and forage products)|14||Air (includes truck and air)|06|500 - 749 miles|2022|0|S|0|S|0|S|0|S
01|00|0100000US|United States||03|Agricultural products (excludes animal feed, cereal grains, and forage products)|14||Air (includes truck and air)|07|750 - 999 miles|2022|0|S|0|S|0|S|0|S
01|00|0100000US|United States||03|Agricultural products (excludes animal feed, cereal grains, and forage products)|14||Air (includes truck and air)|08|1,000 - 1,499 miles|2022|18||1||18.3||46.4|
01|00|0100000US|United States||03|Agricultural products (excludes animal feed, cereal grains, and forage products)|14||Air (includes truck and air)|09|1,500 - 1,999 miles|2022|0|S|0|S|0|S|0|S
01|00|0100000US|United States||03|Agricultural products (excludes animal feed, cereal grains, and forage products)|14||Air (includes truck and air)|10|2,000 miles or more|2022|118||35||22.9||36.8|
01|00|0100000US|United States||03|Agricultural products (excludes animal feed, cereal grains, and forage products)|15||Pipeline|001|Total|2022|0|S|0|S|0|S|0|S
01|00|0100000US|United States||03|Agricultural products (excludes animal feed, cereal grains, and forage products)|15||Pipeline|04|100 - 249 miles|2022|0|S|0|S|0|S|0|S
01|00|0100000US|United States||03|Agricultural products (excludes animal feed, cereal grains, and forage products)|20||Multiple modes|001|Total|2022|14285||16921||13.4||10.2|
01|00|0100000US|United States||03|Agricultural products (excludes animal feed, cereal grains, and forage products)|20||Multiple modes|02|Less than 50 miles|2022|2616||3099||30.2||30.1|
01|00|0100000US|United States||03|Agricultural products (excludes animal feed, cereal grains, and forage products)|20||Multiple modes|03|50 - 99 miles|2022|1266||2176||25.6||28.1|
01|00|0100000US|United States||03|Agricultural products (excludes animal feed, cereal grains, and forage products)|20||Multiple modes|04|100 - 249 miles|2022|689||700||21.7||46.8|
01|00|0100000US|United States||03|Agricultural products (excludes animal feed, cereal grains, and forage products)|20||Multiple modes|05|250 - 499 miles|2022|2534||2890||26.5||28.5|
01|00|0100000US|United States||03|Agricultural products (excludes animal feed, cereal grains, and forage products)|20||Multiple modes|06|500 - 749 miles|2022|2779||4224||29.6||32.8|
01|00|0100000US|United States||03|Agricultural products (excludes animal feed, cereal grains, and forage products)|20||Multiple modes|07|750 - 999 miles|2022|1267||1418||23||38.6|
01|00|0100000US|United States||03|Agricultural products (excludes animal feed, cereal grains, and forage products)|20||Multiple modes|08|1,000 - 1,499 miles|2022|1700||0|S|35.5||0|S
01|00|0100000US|United States||03|Agricultural products (excludes animal feed, cereal grains, and forage products)|20||Multiple modes|09|1,500 - 1,999 miles|2022|562||246||24||34.7|
01|00|0100000US|United States||03|Agricultural products (excludes animal feed, cereal grains, and forage products)|20||Multiple modes|10|2,000 miles or more|2022|871||103||41.2||29.6|
01|00|0100000US|United States||03|Agricultural products (excludes animal feed, cereal grains, and forage products)|21||Parcel, U.S.P.S. or courier|001|Total|2022|3756||247||28||27|
01|00|0100000US|United States||03|Agricultural products (excludes animal feed, cereal grains, and forage products)|21||Parcel, U.S.P.S. or courier|02|Less than 50 miles|2022|0|S|0|S|0|S|0|S
01|00|0100000US|United States||03|Agricultural products (excludes animal feed, cereal grains, and forage products)|21||Parcel, U.S.P.S. or courier|03|50 - 99 miles|2022|90||8||20.5||36.2|
01|00|0100000US|United States||03|Agricultural products (excludes animal feed, cereal grains, and forage products)|21||Parcel, U.S.P.S. or courier|04|100 - 249 miles|2022|284||19||32.8||30.3|
01|00|0100000US|United States||03|Agricultural products (excludes animal feed, cereal grains, and forage products)|21||Parcel, U.S.P.S. or courier|05|250 - 499 miles|2022|665||38||42.3||37.5|
01|00|0100000US|United States||03|Agricultural products (excludes animal feed, cereal grains, and forage products)|21||Parcel, U.S.P.S. or courier|06|500 - 749 miles|2022|418||21||37.7||33.8|
01|00|0100000US|United States||03|Agricultural products (excludes animal feed, cereal grains, and forage products)|21||Parcel, U.S.P.S. or courier|07|750 - 999 miles|2022|358||18||39.1||32.8|
01|00|0100000US|United States||03|Agricultural products (excludes animal feed, cereal grains, and forage products)|21||Parcel, U.S.P.S. or courier|08|1,000 - 1,499 miles|2022|484||27||41.5||44|
01|00|0100000US|United States||03|Agricultural products (excludes animal feed, cereal grains, and forage products)|21||Parcel, U.S.P.S. or courier|09|1,500 - 1,999 miles|2022|313||17||30.5||31|
01|00|0100000US|United States||03|Agricultural products (excludes animal feed, cereal grains, and forage products)|21||Parcel, U.S.P.S. or courier|10|2,000 miles or more|2022|625||27||45.4||30.2|
01|00|0100000US|United States||03|Agricultural products (excludes animal feed, cereal grains, and forage products)|22||Truck and rail|001|Total|2022|8811||14087||11||12.3|
01|00|0100000US|United States||03|Agricultural products (excludes animal feed, cereal grains, and forage products)|22||Truck and rail|02|Less than 50 miles|2022|1735||2438||32.6||24.3|
01|00|0100000US|United States||03|Agricultural products (excludes animal feed, cereal grains, and forage products)|22||Truck and rail|03|50 - 99 miles|2022|794||1466||26.2||27.3|
01|00|0100000US|United States||03|Agricultural products (excludes animal feed, cereal grains, and forage products)|22||Truck and rail|04|100 - 249 miles|2022|297||633||36.6||44.9|
01|00|0100000US|United States||03|Agricultural products (excludes animal feed, cereal grains, and forage products)|22||Truck and rail|05|250 - 499 miles|2022|1801||2734||28||26.2|
01|00|0100000US|United States||03|Agricultural products (excludes animal feed, cereal grains, and forage products)|22||Truck and rail|06|500 - 749 miles|2022|1778||3162||39.3||38.8|
01|00|0100000US|United States||03|Agricultural products (excludes animal feed, cereal grains, and forage products)|22||Truck and rail|07|750 - 999 miles|2022|902||1388||34.4||39.6|
01|00|0100000US|United States||03|Agricultural products (excludes animal feed, cereal grains, and forage products)|22||Truck and rail|08|1,000 - 1,499 miles|2022|1183||0|S|47.6||0|S
01|00|0100000US|United States||03|Agricultural products (excludes animal feed, cereal grains, and forage products)|22||Truck and rail|09|1,500 - 1,999 miles|2022|236||227||39.1||31.7|
01|00|0100000US|United States||03|Agricultural products (excludes animal feed, cereal grains, and forage products)|22||Truck and rail|10|2,000 miles or more|2022|83||45||28.4||41.2|
01|00|0100000US|United States||03|Agricultural products (excludes animal feed, cereal grains, and forage products)|23||Truck and water|001|Total|2022|1704||2560||18.8||24.2|
01|00|0100000US|United States||03|Agricultural products (excludes animal feed, cereal grains, and forage products)|23||Truck and water|02|Less than 50 miles|2022|0|S|0|S|0|S|0|S
01|00|0100000US|United States||03|Agricultural products (excludes animal feed, cereal grains, and forage products)|23||Truck and water|03|50 - 99 miles|2022|0|S|0|S|0|S|0|S
01|00|0100000US|United States||03|Agricultural products (excludes animal feed, cereal grains, and forage products)|23||Truck and water|04|100 - 249 miles|2022|0|S|0|S|0|S|0|S
01|00|0100000US|United States||03|Agricultural products (excludes animal feed, cereal grains, and forage products)|23||Truck and water|05|250 - 499 miles|2022|0|S|0|S|0|S|0|S
01|00|0100000US|United States||03|Agricultural products (excludes animal feed, cereal grains, and forage products)|23||Truck and water|06|500 - 749 miles|2022|570||1015||34.6||33.4|
01|00|0100000US|United States||03|Agricultural products (excludes animal feed, cereal grains, and forage products)|23||Truck and water|07|750 - 999 miles|2022|0|S|0|S|0|S|0|S
01|00|0100000US|United States||03|Agricultural products (excludes animal feed, cereal grains, and forage products)|23||Truck and water|08|1,000 - 1,499 miles|2022|0|S|0|S|0|S|0|S
01|00|0100000US|United States||03|Agricultural products (excludes animal feed, cereal grains, and forage products)|23||Truck and water|09|1,500 - 1,999 miles|2022|0|S|0|S|0|S|0|S
01|00|0100000US|United States||03|Agricultural products (excludes animal feed, cereal grains, and forage products)|23||Truck and water|10|2,000 miles or more|2022|0|S|32||0|S|42.4|
01|00|0100000US|United States||03|Agricultural products (excludes animal feed, cereal grains, and forage products)|25|x|Other multiple modes|001|Total|2022|14||27||39||40.8|
01|00|0100000US|United States||03|Agricultural products (excludes animal feed, cereal grains, and forage products)|25|x|Other multiple modes|04|100 - 249 miles|2022|0|S|0|S|0|S|0|S
01|00|0100000US|United States||03|Agricultural products (excludes animal feed, cereal grains, and forage products)|25|x|Other multiple modes|06|500 - 749 miles|2022|13||26||40.3||42|
01|00|0100000US|United States||03|Agricultural products (excludes animal feed, cereal grains, and forage products)|25|x|Other multiple modes|09|1,500 - 1,999 miles|2022|0|S|0|S|0|S|0|S
01|00|0100000US|United States||03|Agricultural products (excludes animal feed, cereal grains, and forage products)|30|z|Unknown mode|001|Total|2022|954||222||38.3||33.1|
01|00|0100000US|United States||03|Agricultural products (excludes animal feed, cereal grains, and forage products)|30|z|Unknown mode|02|Less than 50 miles|2022|0|S|0|S|0|S|0|S
01|00|0100000US|United States||03|Agricultural products (excludes animal feed, cereal grains, and forage products)|30|z|Unknown mode|03|50 - 99 miles|2022|0|S|0|S|0|S|0|S
01|00|0100000US|United States||03|Agricultural products (excludes animal feed, cereal grains, and forage products)|30|z|Unknown mode|04|100 - 249 miles|2022|0|S|0|S|0|S|0|S
01|00|0100000US|United States||03|Agricultural products (excludes animal feed, cereal grains, and forage products)|30|z|Unknown mode|05|250 - 499 miles|2022|0|S|0|S|0|S|0|S
01|00|0100000US|United States||03|Agricultural products (excludes animal feed, cereal grains, and forage products)|30|z|Unknown mode|06|500 - 749 miles|2022|64||14||49.4||42.6|
01|00|0100000US|United States||03|Agricultural products (excludes animal feed, cereal grains, and forage products)|30|z|Unknown mode|07|750 - 999 miles|2022|0|S|0|S|0|S|0|S
01|00|0100000US|United States||03|Agricultural products (excludes animal feed, cereal grains, and forage products)|30|z|Unknown mode|08|1,000 - 1,499 miles|2022|0|S|0|S|0|S|0|S
01|00|0100000US|United States||03|Agricultural products (excludes animal feed, cereal grains, and forage products)|30|z|Unknown mode|09|1,500 - 1,999 miles|2022|0|S|0|S|0|S|0|S
01|00|0100000US|United States||03|Agricultural products (excludes animal feed, cereal grains, and forage products)|30|z|Unknown mode|10|2,000 miles or more|2022|0|S|0|S|0|S|0|S
01|00|0100000US|United States||04|Animal feed, eggs, honey, and other products of animal origin|00||All modes|001|Total|2022|179828||335604||7.3||5.8|
01|00|0100000US|United States||04|Animal feed, eggs, honey, and other products of animal origin|00||All modes|02|Less than 50 miles|2022|57122||148614||10||7.2|
01|00|0100000US|United States||04|Animal feed, eggs, honey, and other products of animal origin|00||All modes|03|50 - 99 miles|2022|20616||41403||8.7||10.4|
01|00|0100000US|United States||04|Animal feed, eggs, honey, and other products of animal origin|00||All modes|04|100 - 249 miles|2022|31682||53270||11.7||19.9|
01|00|0100000US|United States||04|Animal feed, eggs, honey, and other products of animal origin|00||All modes|05|250 - 499 miles|2022|27286||35809||11.1||16.8|
01|00|0100000US|United States||04|Animal feed, eggs, honey, and other products of animal origin|00||All modes|06|500 - 749 miles|2022|18163||22580||13.6||12.1|
01|00|0100000US|United States||04|Animal feed, eggs, honey, and other products of animal origin|00||All modes|07|750 - 999 miles|2022|9195||11337||25.5||24.6|
01|00|0100000US|United States||04|Animal feed, eggs, honey, and other products of animal origin|00||All modes|08|1,000 - 1,499 miles|2022|11267||15412||16.7||19.4|
01|00|0100000US|United States||04|Animal feed, eggs, honey, and other products of animal origin|00||All modes|09|1,500 - 1,999 miles|2022|3550||6288||18.2||22.6|
01|00|0100000US|United States||04|Animal feed, eggs, honey, and other products of animal origin|00||All modes|10|2,000 miles or more|2022|948||0|S|30.1||0|S
01|00|0100000US|United States||04|Animal feed, eggs, honey, and other products of animal origin|10||Single modes|001|Total|2022|165628||310150||7.7||5.5|
01|00|0100000US|United States||04|Animal feed, eggs, honey, and other products of animal origin|10||Single modes|02|Less than 50 miles|2022|55340||145127||10.4||7.3|
01|00|0100000US|United States||04|Animal feed, eggs, honey, and other products of animal origin|10||Single modes|03|50 - 99 miles|2022|19694||38746||7.7||7.6|
01|00|0100000US|United States||04|Animal feed, eggs, honey, and other products of animal origin|10||Single modes|04|100 - 249 miles|2022|29747||50519||11.8||21.1|
01|00|0100000US|United States||04|Animal feed, eggs, honey, and other products of animal origin|10||Single modes|05|250 - 499 miles|2022|23991||30084||13.7||21.6|
01|00|0100000US|United States||04|Animal feed, eggs, honey, and other products of animal origin|10||Single modes|06|500 - 749 miles|2022|14985||15947||15.4||12.6|
01|00|0100000US|United States||04|Animal feed, eggs, honey, and other products of animal origin|10||Single modes|07|750 - 999 miles|2022|8271||9983||28.1||27.5|
01|00|0100000US|United States||04|Animal feed, eggs, honey, and other products of animal origin|10||Single modes|08|1,000 - 1,499 miles|2022|10022||13183||19.1||19.4|
01|00|0100000US|United States||04|Animal feed, eggs, honey, and other products of animal origin|10||Single modes|09|1,500 - 1,999 miles|2022|3006||5734||20.7||23.6|
01|00|0100000US|United States||04|Animal feed, eggs, honey, and other products of animal origin|10||Single modes|10|2,000 miles or more|2022|572||0|S|39.1||0|S
01|00|0100000US|United States||04|Animal feed, eggs, honey, and other products of animal origin|11|n|Truck|001|Total|2022|148268||249355||8.6||4.8|
01|00|0100000US|United States||04|Animal feed, eggs, honey, and other products of animal origin|11|n|Truck|02|Less than 50 miles|2022|52268||131780||11.1||8|
01|00|0100000US|United States||04|Animal feed, eggs, honey, and other products of animal origin|11|n|Truck|03|50 - 99 miles|2022|18637||34858||7.5||6.9|
01|00|0100000US|United States||04|Animal feed, eggs, honey, and other products of animal origin|11|n|Truck|04|100 - 249 miles|2022|28633||38494||12.1||12.8|
01|00|0100000US|United States||04|Animal feed, eggs, honey, and other products of animal origin|11|n|Truck|05|250 - 499 miles|2022|20982||23348||15.3||23.3|
01|00|0100000US|United States||04|Animal feed, eggs, honey, and other products of animal origin|11|n|Truck|06|500 - 749 miles|2022|11934||7096||19.2||18|
01|00|0100000US|United States||04|Animal feed, eggs, honey, and other products of animal origin|11|n|Truck|07|750 - 999 miles|2022|6119||4502||36.3||38.3|
01|00|0100000US|United States||04|Animal feed, eggs, honey, and other products of animal origin|11|n|Truck|08|1,000 - 1,499 miles|2022|7105||5916||22.4||18.7|
01|00|0100000US|United States||04|Animal feed, eggs, honey, and other products of animal origin|11|n|Truck|09|1,500 - 1,999 miles|2022|2046||2552||20.4||20.8|
01|00|0100000US|United States||04|Animal feed, eggs, honey, and other products of animal origin|11|n|Truck|10|2,000 miles or more|2022|544||0|S|42||0|S
01|00|0100000US|United States||04|Animal feed, eggs, honey, and other products of animal origin|111||For-hire truck|001|Total|2022|86830||144351||10.9||5.1|
01|00|0100000US|United States||04|Animal feed, eggs, honey, and other products of animal origin|111||For-hire truck|02|Less than 50 miles|2022|23432||65763||18.4||13|
01|00|0100000US|United States||04|Animal feed, eggs, honey, and other products of animal origin|111||For-hire truck|03|50 - 99 miles|2022|9053||20192||10.1||8.8|
01|00|0100000US|United States||04|Animal feed, eggs, honey, and other products of animal origin|111||For-hire truck|04|100 - 249 miles|2022|19125||25621||14||12.3|
01|00|0100000US|United States||04|Animal feed, eggs, honey, and other products of animal origin|111||For-hire truck|05|250 - 499 miles|2022|16695||18577||18.1||26|
01|00|0100000US|United States||04|Animal feed, eggs, honey, and other products of animal origin|111||For-hire truck|06|500 - 749 miles|2022|8523||5198||15.4||13.6|
01|00|0100000US|United States||04|Animal feed, eggs, honey, and other products of animal origin|111||For-hire truck|07|750 - 999 miles|2022|3312||2252||17.1||17.1|
01|00|0100000US|United States||04|Animal feed, eggs, honey, and other products of animal origin|111||For-hire truck|08|1,000 - 1,499 miles|2022|5068||4595||18.9||19.4|
01|00|0100000US|United States||04|Animal feed, eggs, honey, and other products of animal origin|111||For-hire truck|09|1,500 - 1,999 miles|2022|1403||2086||21||24.4|
01|00|0100000US|United States||04|Animal feed, eggs, honey, and other products of animal origin|111||For-hire truck|10|2,000 miles or more|2022|219||68||42.9||33.5|
01|00|0100000US|United States||04|Animal feed, eggs, honey, and other products of animal origin|112||Company-owned truck|001|Total|2022|40269||67897||6.6||12|
01|00|0100000US|United States||04|Animal feed, eggs, honey, and other products of animal origin|112||Company-owned truck|02|Less than 50 miles|2022|22926||50077||12||14|
01|00|0100000US|United States||04|Animal feed, eggs, honey, and other products of animal origin|112||Company-owned truck|03|50 - 99 miles|2022|6934||8612||11.4||20.5|
01|00|0100000US|United States||04|Animal feed, eggs, honey, and other products of animal origin|112||Company-owned truck|04|100 - 249 miles|2022|6614||6325||17.5||21.8|
01|00|0100000US|United States||04|Animal feed, eggs, honey, and other products of animal origin|112||Company-owned truck|05|250 - 499 miles|2022|2128||1603||20.3||41.4|
01|00|0100000US|United States||04|Animal feed, eggs, honey, and other products of animal origin|112||Company-owned truck|06|500 - 749 miles|2022|556||231||40.2||28|
01|00|0100000US|United States||04|Animal feed, eggs, honey, and other products of animal origin|112||Company-owned truck|07|750 - 999 miles|2022|338||149||30.9||34|
01|00|0100000US|United States||04|Animal feed, eggs, honey, and other products of animal origin|112||Company-owned truck|08|1,000 - 1,499 miles|2022|350||118||38.5||36.2|
01|00|0100000US|United States||04|Animal feed, eggs, honey, and other products of animal origin|112||Company-owned truck|09|1,500 - 1,999 miles|2022|0|S|0|S|0|S|0|S
01|00|0100000US|United States||04|Animal feed, eggs, honey, and other products of animal origin|112||Company-owned truck|10|2,000 miles or more|2022|0|S|0|S|0|S|0|S
01|00|0100000US|United States||04|Animal feed, eggs, honey, and other products of animal origin|113|o|Customer pick-up|001|Total|2022|21169||37107||23.6||14.2|
01|00|0100000US|United States||04|Animal feed, eggs, honey, and other products of animal origin|113|o|Customer pick-up|02|Less than 50 miles|2022|5911||15940||22||20|
01|00|0100000US|United States||04|Animal feed, eggs, honey, and other products of animal origin|113|o|Customer pick-up|03|50 - 99 miles|2022|2650||6054||17.9||12.3|
01|00|0100000US|United States||04|Animal feed, eggs, honey, and other products of animal origin|113|o|Customer pick-up|04|100 - 249 miles|2022|2894||6549||17.9||24|
01|00|0100000US|United States||04|Animal feed, eggs, honey, and other products of animal origin|113|o|Customer pick-up|05|250 - 499 miles|2022|2160||3168||28||24.9|
01|00|0100000US|United States||04|Animal feed, eggs, honey, and other products of animal origin|113|o|Customer pick-up|06|500 - 749 miles|2022|0|S|1667||0|S|44.2|
01|00|0100000US|United States||04|Animal feed, eggs, honey, and other products of animal origin|113|o|Customer pick-up|07|750 - 999 miles|2022|0|S|0|S|0|S|0|S
01|00|0100000US|United States||04|Animal feed, eggs, honey, and other products of animal origin|113|o|Customer pick-up|08|1,000 - 1,499 miles|2022|0|S|1203||0|S|42.4|
01|00|0100000US|United States||04|Animal feed, eggs, honey, and other products of animal origin|113|o|Customer pick-up|09|1,500 - 1,999 miles|2022|0|S|422||0|S|45.2|
01|00|0100000US|United States||04|Animal feed, eggs, honey, and other products of animal origin|113|o|Customer pick-up|10|2,000 miles or more|2022|10||4||48.7||28.8|
01|00|0100000US|United States||04|Animal feed, eggs, honey, and other products of animal origin|12||Rail|001|Total|2022|16421||58037||9.1||18.6|
01|00|0100000US|United States||04|Animal feed, eggs, honey, and other products of animal origin|12||Rail|02|Less than 50 miles|2022|2721||12277||33.2||25.7|
01|00|0100000US|United States||04|Animal feed, eggs, honey, and other products of animal origin|12||Rail|03|50 - 99 miles|2022|987||3667||23.3||30|
01|00|0100000US|United States||04|Animal feed, eggs, honey, and other products of animal origin|12||Rail|04|100 - 249 miles|2022|1113||0|S|26.3||0|S
01|00|0100000US|United States||04|Animal feed, eggs, honey, and other products of animal origin|12||Rail|05|250 - 499 miles|2022|3007||6736||17.1||21.9|
01|00|0100000US|United States||04|Animal feed, eggs, honey, and other products of animal origin|12||Rail|06|500 - 749 miles|2022|2712||7880||21.3||16.6|
01|00|0100000US|United States||04|Animal feed, eggs, honey, and other products of animal origin|12||Rail|07|750 - 999 miles|2022|2107||5299||44.5||41.8|
01|00|0100000US|United States||04|Animal feed, eggs, honey, and other products of animal origin|12||Rail|08|1,000 - 1,499 miles|2022|2913||7267||28.2||26.5|
01|00|0100000US|United States||04|Animal feed, eggs, honey, and other products of animal origin|12||Rail|09|1,500 - 1,999 miles|2022|842||2870||35.5||38.2|
01|00|0100000US|United States||04|Animal feed, eggs, honey, and other products of animal origin|12||Rail|10|2,000 miles or more|2022|19||17||16.6||8.3|
01|00|0100000US|United States||04|Animal feed, eggs, honey, and other products of animal origin|13||Water|001|Total|2022|891||2582||35.1||34|
01|00|0100000US|United States||04|Animal feed, eggs, honey, and other products of animal origin|13||Water|02|Less than 50 miles|2022|323||895||17.9||5.8|
01|00|0100000US|United States||04|Animal feed, eggs, honey, and other products of animal origin|13||Water|03|50 - 99 miles|2022|0|S|0|S|0|S|0|S
01|00|0100000US|United States||04|Animal feed, eggs, honey, and other products of animal origin|13||Water|04|100 - 249 miles|2022|0|S|0|S|0|S|0|S
01|00|0100000US|United States||04|Animal feed, eggs, honey, and other products of animal origin|13||Water|06|500 - 749 miles|2022|338||971||42.3||46.1|
01|00|0100000US|United States||04|Animal feed, eggs, honey, and other products of animal origin|13||Water|07|750 - 999 miles|2022|0|S|0|S|0|S|0|S
01|00|0100000US|United States||04|Animal feed, eggs, honey, and other products of animal origin|13||Water|09|1,500 - 1,999 miles|2022|0|S|0|S|0|S|0|S
01|00|0100000US|United States||04|Animal feed, eggs, honey, and other products of animal origin|131||Inland water|001|Total|2022|458||1369||33.3||38.5|
01|00|0100000US|United States||04|Animal feed, eggs, honey, and other products of animal origin|131||Inland water|02|Less than 50 miles|2022|0|S|0|S|0|S|0|S
01|00|0100000US|United States||04|Animal feed, eggs, honey, and other products of animal origin|131||Inland water|04|100 - 249 miles|2022|0|S|0|S|0|S|0|S
01|00|0100000US|United States||04|Animal feed, eggs, honey, and other products of animal origin|131||Inland water|06|500 - 749 miles|2022|338||971||42.3||46.1|
01|00|0100000US|United States||04|Animal feed, eggs, honey, and other products of animal origin|131||Inland water|07|750 - 999 miles|2022|0|S|0|S|0|S|0|S
01|00|0100000US|United States||04|Animal feed, eggs, honey, and other products of animal origin|133||Deep sea|001|Total|2022|434||1214||38.9||36.4|
01|00|0100000US|United States||04|Animal feed, eggs, honey, and other products of animal origin|133||Deep sea|02|Less than 50 miles|2022|247||681||24.3||6.2|
01|00|0100000US|United States||04|Animal feed, eggs, honey, and other products of animal origin|133||Deep sea|03|50 - 99 miles|2022|0|S|0|S|0|S|0|S
01|00|0100000US|United States||04|Animal feed, eggs, honey, and other products of animal origin|133||Deep sea|09|1,500 - 1,999 miles|2022|0|S|0|S|0|S|0|S
01|00|0100000US|United States||04|Animal feed, eggs, honey, and other products of animal origin|14||Air (includes truck and air)|001|Total|2022|0|S|2||0|S|48.5|
01|00|0100000US|United States||04|Animal feed, eggs, honey, and other products of animal origin|14||Air (includes truck and air)|03|50 - 99 miles|2022|0|S|0|S|0|S|0|S
01|00|0100000US|United States||04|Animal feed, eggs, honey, and other products of animal origin|14||Air (includes truck and air)|04|100 - 249 miles|2022|0|S|0|S|0|S|0|S
01|00|0100000US|United States||04|Animal feed, eggs, honey, and other products of animal origin|14||Air (includes truck and air)|05|250 - 499 miles|2022|0|S|0|S|0|S|0|S
01|00|0100000US|United States||04|Animal feed, eggs, honey, and other products of animal origin|14||Air (includes truck and air)|06|500 - 749 miles|2022|0|Z|0|Z|25.1||25.1|
01|00|0100000US|United States||04|Animal feed, eggs, honey, and other products of animal origin|14||Air (includes truck and air)|07|750 - 999 miles|2022|0|S|0|S|0|S|0|S
01|00|0100000US|United States||04|Animal feed, eggs, honey, and other products of animal origin|14||Air (includes truck and air)|08|1,000 - 1,499 miles|2022|0|S|0|S|0|S|0|S
01|00|0100000US|United States||04|Animal feed, eggs, honey, and other products of animal origin|14||Air (includes truck and air)|09|1,500 - 1,999 miles|2022|0|S|0|Z|0|S|46.9|
01|00|0100000US|United States||04|Animal feed, eggs, honey, and other products of animal origin|14||Air (includes truck and air)|10|2,000 miles or more|2022|0|S|1||0|S|35|
01|00|0100000US|United States||04|Animal feed, eggs, honey, and other products of animal origin|15||Pipeline|001|Total|2022|29||0|S|21.6||0|S
01|00|0100000US|United States||04|Animal feed, eggs, honey, and other products of animal origin|15||Pipeline|02|Less than 50 miles|2022|29||0|S|21.6||0|S
01|00|0100000US|United States||04|Animal feed, eggs, honey, and other products of animal origin|20||Multiple modes|001|Total|2022|13109||24808||11.1||13.8|
01|00|0100000US|United States||04|Animal feed, eggs, honey, and other products of animal origin|20||Multiple modes|02|Less than 50 miles|2022|1434||3194||30.6||29.4|
01|00|0100000US|United States||04|Animal feed, eggs, honey, and other products of animal origin|20||Multiple modes|03|50 - 99 miles|2022|0|S|0|S|0|S|0|S
01|00|0100000US|United States||04|Animal feed, eggs, honey, and other products of animal origin|20||Multiple modes|04|100 - 249 miles|2022|1751||2670||28.2||13.4|
01|00|0100000US|United States||04|Animal feed, eggs, honey, and other products of animal origin|20||Multiple modes|05|250 - 499 miles|2022|3205||5665||24.7||30.7|
01|00|0100000US|United States||04|Animal feed, eggs, honey, and other products of animal origin|20||Multiple modes|06|500 - 749 miles|2022|3023||6598||20||22.9|
01|00|0100000US|United States||04|Animal feed, eggs, honey, and other products of animal origin|20||Multiple modes|07|750 - 999 miles|2022|914||1351||21.3||16|
01|00|0100000US|United States||04|Animal feed, eggs, honey, and other products of animal origin|20||Multiple modes|08|1,000 - 1,499 miles|2022|1229||2203||46.4||47.9|
01|00|0100000US|United States||04|Animal feed, eggs, honey, and other products of animal origin|20||Multiple modes|09|1,500 - 1,999 miles|2022|0|S|550||0|S|49.1|
01|00|0100000US|United States||04|Animal feed, eggs, honey, and other products of animal origin|20||Multiple modes|10|2,000 miles or more|2022|0|S|62||0|S|33.4|
01|00|0100000US|United States||04|Animal feed, eggs, honey, and other products of animal origin|21||Parcel, U.S.P.S. or courier|001|Total|2022|3711||566||38||48.9|
01|00|0100000US|United States||04|Animal feed, eggs, honey, and other products of animal origin|21||Parcel, U.S.P.S. or courier|02|Less than 50 miles|2022|177||29||40||47.2|
01|00|0100000US|United States||04|Animal feed, eggs, honey, and other products of animal origin|21||Parcel, U.S.P.S. or courier|03|50 - 99 miles|2022|195||27||39.1||36.9|
01|00|0100000US|United States||04|Animal feed, eggs, honey, and other products of animal origin|21||Parcel, U.S.P.S. or courier|04|100 - 249 miles|2022|0|S|0|S|0|S|0|S
01|00|0100000US|United States||04|Animal feed, eggs, honey, and other products of animal origin|21||Parcel, U.S.P.S. or courier|05|250 - 499 miles|2022|757||0|S|37.5||0|S
01|00|0100000US|United States||04|Animal feed, eggs, honey, and other products of animal origin|21||Parcel, U.S.P.S. or courier|06|500 - 749 miles|2022|434||0|S|44.2||0|S
01|00|0100000US|United States||04|Animal feed, eggs, honey, and other products of animal origin|21||Parcel, U.S.P.S. or courier|07|750 - 999 miles|2022|489||67||41.3||40.5|
01|00|0100000US|United States||04|Animal feed, eggs, honey, and other products of animal origin|21||Parcel, U.S.P.S. or courier|08|1,000 - 1,499 miles|2022|0|S|0|S|0|S|0|S
01|00|0100000US|United States||04|Animal feed, eggs, honey, and other products of animal origin|21||Parcel, U.S.P.S. or courier|09|1,500 - 1,999 miles|2022|0|S|26||0|S|45.3|
01|00|0100000US|United States||04|Animal feed, eggs, honey, and other products of animal origin|21||Parcel, U.S.P.S. or courier|10|2,000 miles or more|2022|0|S|0|S|0|S|0|S
01|00|0100000US|United States||04|Animal feed, eggs, honey, and other products of animal origin|22||Truck and rail|001|Total|2022|9043||23606||13||14.4|
01|00|0100000US|United States||04|Animal feed, eggs, honey, and other products of animal origin|22||Truck and rail|02|Less than 50 miles|2022|1257||3165||33.9||29.3|
01|00|0100000US|United States||04|Animal feed, eggs, honey, and other products of animal origin|22||Truck and rail|03|50 - 99 miles|2022|0|S|0|S|0|S|0|S
01|00|0100000US|United States||04|Animal feed, eggs, honey, and other products of animal origin|22||Truck and rail|04|100 - 249 miles|2022|883||2263||23.5||15.9|
01|00|0100000US|United States||04|Animal feed, eggs, honey, and other products of animal origin|22||Truck and rail|05|250 - 499 miles|2022|2434||5527||32.4||31.6|
01|00|0100000US|United States||04|Animal feed, eggs, honey, and other products of animal origin|22||Truck and rail|06|500 - 749 miles|2022|2522||6448||24.9||23.9|
01|00|0100000US|United States||04|Animal feed, eggs, honey, and other products of animal origin|22||Truck and rail|07|750 - 999 miles|2022|419||1281||12.1||17|
01|00|0100000US|United States||04|Animal feed, eggs, honey, and other products of animal origin|22||Truck and rail|08|1,000 - 1,499 miles|2022|0|S|2137||0|S|49.5|
01|00|0100000US|United States||04|Animal feed, eggs, honey, and other products of animal origin|22||Truck and rail|09|1,500 - 1,999 miles|2022|0|S|518||0|S|48.3|
01|00|0100000US|United States||04|Animal feed, eggs, honey, and other products of animal origin|22||Truck and rail|10|2,000 miles or more|2022|0|S|13||0|S|42.2|
01|00|0100000US|United States||04|Animal feed, eggs, honey, and other products of animal origin|23||Truck and water|001|Total|2022|344||628||42.7||48.7|
01|00|0100000US|United States||04|Animal feed, eggs, honey, and other products of animal origin|23||Truck and water|03|50 - 99 miles|2022|43||0|S|20.8||0|S
01|00|0100000US|United States||04|Animal feed, eggs, honey, and other products of animal origin|23||Truck and water|04|100 - 249 miles|2022|0|S|0|S|0|S|0|S
01|00|0100000US|United States||04|Animal feed, eggs, honey, and other products of animal origin|23||Truck and water|05|250 - 499 miles|2022|11||4||42.2||28.8|
01|00|0100000US|United States||04|Animal feed, eggs, honey, and other products of animal origin|23||Truck and water|06|500 - 749 miles|2022|0|S|0|S|0|S|0|S
01|00|0100000US|United States||04|Animal feed, eggs, honey, and other products of animal origin|23||Truck and water|07|750 - 999 miles|2022|0|S|0|S|0|S|0|S
01|00|0100000US|United States||04|Animal feed, eggs, honey, and other products of animal origin|23||Truck and water|08|1,000 - 1,499 miles|2022|49||0|S|48.3||0|S
01|00|0100000US|United States||04|Animal feed, eggs, honey, and other products of animal origin|23||Truck and water|09|1,500 - 1,999 miles|2022|0|S|7||0|S|30.2|
01|00|0100000US|United States||04|Animal feed, eggs, honey, and other products of animal origin|23||Truck and water|10|2,000 miles or more|2022|46||22||26.4||33.8|
01|00|0100000US|United States||04|Animal feed, eggs, honey, and other products of animal origin|25|x|Other multiple modes|001|Total|2022|11||7||38.3||47.8|
01|00|0100000US|United States||04|Animal feed, eggs, honey, and other products of animal origin|25|x|Other multiple modes|04|100 - 249 miles|2022|0|S|0|S|0|S|0|S
01|00|0100000US|United States||04|Animal feed, eggs, honey, and other products of animal origin|25|x|Other multiple modes|05|250 - 499 miles|2022|0|S|0|S|0|S|0|S
01|00|0100000US|United States||04|Animal feed, eggs, honey, and other products of animal origin|30|z|Unknown mode|001|Total|2022|1091||646||40.6||38.8|
01|00|0100000US|United States||04|Animal feed, eggs, honey, and other products of animal origin|30|z|Unknown mode|02|Less than 50 miles|2022|347||294||34.1||49.3|
01|00|0100000US|United States||04|Animal feed, eggs, honey, and other products of animal origin|30|z|Unknown mode|03|50 - 99 miles|2022|278||0|S|36.8||0|S
01|00|0100000US|United States||04|Animal feed, eggs, honey, and other products of animal origin|30|z|Unknown mode|04|100 - 249 miles|2022|184||80||44.9||27|
01|00|0100000US|United States||04|Animal feed, eggs, honey, and other products of animal origin|30|z|Unknown mode|05|250 - 499 miles|2022|90||60||45.2||38.3|
01|00|0100000US|United States||04|Animal feed, eggs, honey, and other products of animal origin|30|z|Unknown mode|06|500 - 749 miles|2022|0|S|0|S|0|S|0|S
01|00|0100000US|United States||04|Animal feed, eggs, honey, and other products of animal origin|30|z|Unknown mode|07|750 - 999 miles|2022|0|S|0|S|0|S|0|S
01|00|0100000US|United States||04|Animal feed, eggs, honey, and other products of animal origin|30|z|Unknown mode|08|1,000 - 1,499 miles|2022|0|S|0|S|0|S|0|S
01|00|0100000US|United States||04|Animal feed, eggs, honey, and other products of animal origin|30|z|Unknown mode|09|1,500 - 1,999 miles|2022|0|S|0|S|0|S|0|S
01|00|0100000US|United States||04|Animal feed, eggs, honey, and other products of animal origin|30|z|Unknown mode|10|2,000 miles or more|2022|0|S|0|S|0|S|0|S
01|00|0100000US|United States||05|Meat, poultry, fish, seafood, and their preparations|00||All modes|001|Total|2022|507218||120033||4.4||7.1|
01|00|0100000US|United States||05|Meat, poultry, fish, seafood, and their preparations|00||All modes|02|Less than 50 miles|2022|146364||36597||9||22.6|
01|00|0100000US|United States||05|Meat, poultry, fish, seafood, and their preparations|00||All modes|03|50 - 99 miles|2022|50893||11338||10.4||8.8|
01|00|0100000US|United States||05|Meat, poultry, fish, seafood, and their preparations|00||All modes|04|100 - 249 miles|2022|79535||19127||7.3||6.7|
01|00|0100000US|United States||05|Meat, poultry, fish, seafood, and their preparations|00||All modes|05|250 - 499 miles|2022|81114||20053||8||9.4|
01|00|0100000US|United States||05|Meat, poultry, fish, seafood, and their preparations|00||All modes|06|500 - 749 miles|2022|50158||12229||8||7.2|
01|00|0100000US|United States||05|Meat, poultry, fish, seafood, and their preparations|00||All modes|07|750 - 999 miles|2022|37028||8436||5.8||12.2|
01|00|0100000US|United States||05|Meat, poultry, fish, seafood, and their preparations|00||All modes|08|1,000 - 1,499 miles|2022|43929||8638||6.7||11.6|
01|00|0100000US|United States||05|Meat, poultry, fish, seafood, and their preparations|00||All modes|09|1,500 - 1,999 miles|2022|12785||2717||10.4||13.7|
01|00|0100000US|United States||05|Meat, poultry, fish, seafood, and their preparations|00||All modes|10|2,000 miles or more|2022|5413||899||9.8||13.9|
01|00|0100000US|United States||05|Meat, poultry, fish, seafood, and their preparations|10||Single modes|001|Total|2022|475486||111583||4.8||8.1|
01|00|0100000US|United States||05|Meat, poultry, fish, seafood, and their preparations|10||Single modes|02|Less than 50 miles|2022|140236||34939||9.7||24.3|
01|00|0100000US|United States||05|Meat, poultry, fish, seafood, and their preparations|10||Single modes|03|50 - 99 miles|2022|48390||10431||10.3||8.8|
01|00|0100000US|United States||05|Meat, poultry, fish, seafood, and their preparations|10||Single modes|04|100 - 249 miles|2022|74615||18092||7.4||6.5|
01|00|0100000US|United States||05|Meat, poultry, fish, seafood, and their preparations|10||Single modes|05|250 - 499 miles|2022|75559||18259||8.6||7.8|
01|00|0100000US|United States||05|Meat, poultry, fish, seafood, and their preparations|10||Single modes|06|500 - 749 miles|2022|46997||11512||8.8||8.1|
01|00|0100000US|United States||05|Meat, poultry, fish, seafood, and their preparations|10||Single modes|07|750 - 999 miles|2022|34725||7655||5.9||13.1|
01|00|0100000US|United States||05|Meat, poultry, fish, seafood, and their preparations|10||Single modes|08|1,000 - 1,499 miles|2022|39167||7519||6.4||13.3|
01|00|0100000US|United States||05|Meat, poultry, fish, seafood, and their preparations|10||Single modes|09|1,500 - 1,999 miles|2022|11194||2476||8.8||13.7|
01|00|0100000US|United States||05|Meat, poultry, fish, seafood, and their preparations|10||Single modes|10|2,000 miles or more|2022|4603||700||9.8||8.3|
01|00|0100000US|United States||05|Meat, poultry, fish, seafood, and their preparations|11|n|Truck|001|Total|2022|464991||106530||4.8||8.4|
01|00|0100000US|United States||05|Meat, poultry, fish, seafood, and their preparations|11|n|Truck|02|Less than 50 miles|2022|136753||33972||10||24.7|
01|00|0100000US|United States||05|Meat, poultry, fish, seafood, and their preparations|11|n|Truck|03|50 - 99 miles|2022|47242||10140||9.8||8.4|
01|00|0100000US|United States||05|Meat, poultry, fish, seafood, and their preparations|11|n|Truck|04|100 - 249 miles|2022|74352||17621||7.5||6.8|
01|00|0100000US|United States||05|Meat, poultry, fish, seafood, and their preparations|11|n|Truck|05|250 - 499 miles|2022|74849||17694||8.6||7.6|
01|00|0100000US|United States||05|Meat, poultry, fish, seafood, and their preparations|11|n|Truck|06|500 - 749 miles|2022|45851||10812||9.4||9.2|
01|00|0100000US|United States||05|Meat, poultry, fish, seafood, and their preparations|11|n|Truck|07|750 - 999 miles|2022|32791||6411||5.9||10.3|
01|00|0100000US|United States||05|Meat, poultry, fish, seafood, and their preparations|11|n|Truck|08|1,000 - 1,499 miles|2022|38148||6913||5.4||8.1|
01|00|0100000US|United States||05|Meat, poultry, fish, seafood, and their preparations|11|n|Truck|09|1,500 - 1,999 miles|2022|10860||2298||9.5||14.3|
01|00|0100000US|United States||05|Meat, poultry, fish, seafood, and their preparations|11|n|Truck|10|2,000 miles or more|2022|4146||671||9.4||9|
01|00|0100000US|United States||05|Meat, poultry, fish, seafood, and their preparations|111||For-hire truck|001|Total|2022|256298||58317||6.5||6.4|
01|00|0100000US|United States||05|Meat, poultry, fish, seafood, and their preparations|111||For-hire truck|02|Less than 50 miles|2022|32741||8116||17.1||14.8|
01|00|0100000US|United States||05|Meat, poultry, fish, seafood, and their preparations|111||For-hire truck|03|50 - 99 miles|2022|16846||4165||16.9||15.8|
01|00|0100000US|United States||05|Meat, poultry, fish, seafood, and their preparations|111||For-hire truck|04|100 - 249 miles|2022|40400||10615||14.7||12.3|
01|00|0100000US|United States||05|Meat, poultry, fish, seafood, and their preparations|111||For-hire truck|05|250 - 499 miles|2022|56003||13375||10.6||10|
01|00|0100000US|United States||05|Meat, poultry, fish, seafood, and their preparations|111||For-hire truck|06|500 - 749 miles|2022|37203||8646||8||8.4|
01|00|0100000US|United States||05|Meat, poultry, fish, seafood, and their preparations|111||For-hire truck|07|750 - 999 miles|2022|27339||5267||6.6||9.4|
01|00|0100000US|United States||05|Meat, poultry, fish, seafood, and their preparations|111||For-hire truck|08|1,000 - 1,499 miles|2022|33933||6024||6.5||7.9|
01|00|0100000US|United States||05|Meat, poultry, fish, seafood, and their preparations|111||For-hire truck|09|1,500 - 1,999 miles|2022|8213||1561||10.3||14.6|
01|00|0100000US|United States||05|Meat, poultry, fish, seafood, and their preparations|111||For-hire truck|10|2,000 miles or more|2022|3620||548||12.4||8.6|
01|00|0100000US|United States||05|Meat, poultry, fish, seafood, and their preparations|112||Company-owned truck|001|Total|2022|173408||38913||7.1||19.6|
01|00|0100000US|United States||05|Meat, poultry, fish, seafood, and their preparations|112||Company-owned truck|02|Less than 50 miles|2022|96489||23707||13.5||34.2|
01|00|0100000US|United States||05|Meat, poultry, fish, seafood, and their preparations|112||Company-owned truck|03|50 - 99 miles|2022|26615||5141||10.5||9.9|
01|00|0100000US|United States||05|Meat, poultry, fish, seafood, and their preparations|112||Company-owned truck|04|100 - 249 miles|2022|28106||5507||8.9||9.7|
01|00|0100000US|United States||05|Meat, poultry, fish, seafood, and their preparations|112||Company-owned truck|05|250 - 499 miles|2022|10568||2499||13.2||23|
01|00|0100000US|United States||05|Meat, poultry, fish, seafood, and their preparations|112||Company-owned truck|06|500 - 749 miles|2022|4638||995||21.3||21.9|
01|00|0100000US|United States||05|Meat, poultry, fish, seafood, and their preparations|112||Company-owned truck|07|750 - 999 miles|2022|3438||603||24.2||38.2|
01|00|0100000US|United States||05|Meat, poultry, fish, seafood, and their preparations|112||Company-owned truck|08|1,000 - 1,499 miles|2022|2419||303||23.8||19.7|
01|00|0100000US|United States||05|Meat, poultry, fish, seafood, and their preparations|112||Company-owned truck|09|1,500 - 1,999 miles|2022|1001||131||24.3||25.8|
01|00|0100000US|United States||05|Meat, poultry, fish, seafood, and their preparations|112||Company-owned truck|10|2,000 miles or more|2022|134||26||15.9||26.8|
01|00|0100000US|United States||05|Meat, poultry, fish, seafood, and their preparations|113|o|Customer pick-up|001|Total|2022|35286||9300||13.4||16.3|
01|00|0100000US|United States||05|Meat, poultry, fish, seafood, and their preparations|113|o|Customer pick-up|02|Less than 50 miles|2022|7523||2149||14.8||23.1|
01|00|0100000US|United States||05|Meat, poultry, fish, seafood, and their preparations|113|o|Customer pick-up|03|50 - 99 miles|2022|3781||834||18.7||18.7|
01|00|0100000US|United States||05|Meat, poultry, fish, seafood, and their preparations|113|o|Customer pick-up|04|100 - 249 miles|2022|5846||1498||13.9||15.9|
01|00|0100000US|United States||05|Meat, poultry, fish, seafood, and their preparations|113|o|Customer pick-up|05|250 - 499 miles|2022|8278||1819||22.4||16.3|
01|00|0100000US|United States||05|Meat, poultry, fish, seafood, and their preparations|113|o|Customer pick-up|06|500 - 749 miles|2022|4009||1172||21.6||28|
01|00|0100000US|United States||05|Meat, poultry, fish, seafood, and their preparations|113|o|Customer pick-up|07|750 - 999 miles|2022|2014||542||23.2||29.7|
01|00|0100000US|United States||05|Meat, poultry, fish, seafood, and their preparations|113|o|Customer pick-up|08|1,000 - 1,499 miles|2022|1796||585||30||29.4|
01|00|0100000US|United States||05|Meat, poultry, fish, seafood, and their preparations|113|o|Customer pick-up|09|1,500 - 1,999 miles|2022|1646||605||40.8||48.9|
01|00|0100000US|United States||05|Meat, poultry, fish, seafood, and their preparations|113|o|Customer pick-up|10|2,000 miles or more|2022|392||96||36.8||44.6|
01|00|0100000US|United States||05|Meat, poultry, fish, seafood, and their preparations|12||Rail|001|Total|2022|9399||4896||31.3||30.7|
01|00|0100000US|United States||05|Meat, poultry, fish, seafood, and their preparations|12||Rail|02|Less than 50 miles|2022|0|S|0|S|0|S|0|S
01|00|0100000US|United States||05|Meat, poultry, fish, seafood, and their preparations|12||Rail|03|50 - 99 miles|2022|1112||290||39.8||26.3|
01|00|0100000US|United States||05|Meat, poultry, fish, seafood, and their preparations|12||Rail|04|100 - 249 miles|2022|199||0|S|47.1||0|S
01|00|0100000US|United States||05|Meat, poultry, fish, seafood, and their preparations|12||Rail|05|250 - 499 miles|2022|708||565||25.5||40.8|
01|00|0100000US|United States||05|Meat, poultry, fish, seafood, and their preparations|12||Rail|06|500 - 749 miles|2022|1130||695||48.8||49.9|
01|00|0100000US|United States||05|Meat, poultry, fish, seafood, and their preparations|12||Rail|07|750 - 999 miles|2022|0|S|0|S|0|S|0|S
01|00|0100000US|United States||05|Meat, poultry, fish, seafood, and their preparations|12||Rail|08|1,000 - 1,499 miles|2022|0|S|0|S|0|S|0|S
01|00|0100000US|United States||05|Meat, poultry, fish, seafood, and their preparations|12||Rail|09|1,500 - 1,999 miles|2022|71||125||34.9||34.9|
01|00|0100000US|United States||05|Meat, poultry, fish, seafood, and their preparations|13||Water|001|Total|2022|488||119||32.1||31.7|
01|00|0100000US|United States||05|Meat, poultry, fish, seafood, and their preparations|13||Water|02|Less than 50 miles|2022|180||59||49.7||42.3|
01|00|0100000US|United States||05|Meat, poultry, fish, seafood, and their preparations|13||Water|06|500 - 749 miles|2022|12||0|S|18.7||0|S
01|00|0100000US|United States||05|Meat, poultry, fish, seafood, and their preparations|13||Water|07|750 - 999 miles|2022|0|S|0|S|0|S|0|S
01|00|0100000US|United States||05|Meat, poultry, fish, seafood, and their preparations|13||Water|08|1,000 - 1,499 miles|2022|0|S|0|S|0|S|0|S
01|00|0100000US|United States||05|Meat, poultry, fish, seafood, and their preparations|13||Water|09|1,500 - 1,999 miles|2022|245||52||41.1||45.1|
01|00|0100000US|United States||05|Meat, poultry, fish, seafood, and their preparations|133||Deep sea|001|Total|2022|488||119||32.1||31.7|
01|00|0100000US|United States||05|Meat, poultry, fish, seafood, and their preparations|133||Deep sea|02|Less than 50 miles|2022|180||59||49.7||42.3|
01|00|0100000US|United States||05|Meat, poultry, fish, seafood, and their preparations|133||Deep sea|06|500 - 749 miles|2022|12||0|S|18.7||0|S
01|00|0100000US|United States||05|Meat, poultry, fish, seafood, and their preparations|133||Deep sea|07|750 - 999 miles|2022|0|S|0|S|0|S|0|S
01|00|0100000US|United States||05|Meat, poultry, fish, seafood, and their preparations|133||Deep sea|08|1,000 - 1,499 miles|2022|0|S|0|S|0|S|0|S
01|00|0100000US|United States||05|Meat, poultry, fish, seafood, and their preparations|133||Deep sea|09|1,500 - 1,999 miles|2022|245||52||41.1||45.1|
01|00|0100000US|United States||05|Meat, poultry, fish, seafood, and their preparations|14||Air (includes truck and air)|001|Total|2022|608||38||49.1||41|
01|00|0100000US|United States||05|Meat, poultry, fish, seafood, and their preparations|14||Air (includes truck and air)|03|50 - 99 miles|2022|0|S|0|S|0|S|0|S
01|00|0100000US|United States||05|Meat, poultry, fish, seafood, and their preparations|14||Air (includes truck and air)|04|100 - 249 miles|2022|0|S|0|S|0|S|0|S
01|00|0100000US|United States||05|Meat, poultry, fish, seafood, and their preparations|14||Air (includes truck and air)|05|250 - 499 miles|2022|0|S|0|S|0|S|0|S
01|00|0100000US|United States||05|Meat, poultry, fish, seafood, and their preparations|14||Air (includes truck and air)|06|500 - 749 miles|2022|0|S|0|S|0|S|0|S
01|00|0100000US|United States||05|Meat, poultry, fish, seafood, and their preparations|14||Air (includes truck and air)|07|750 - 999 miles|2022|10||1||46.2||42.7|
01|00|0100000US|United States||05|Meat, poultry, fish, seafood, and their preparations|14||Air (includes truck and air)|08|1,000 - 1,499 miles|2022|16||1||31||28.9|
01|00|0100000US|United States||05|Meat, poultry, fish, seafood, and their preparations|14||Air (includes truck and air)|09|1,500 - 1,999 miles|2022|18||2||26||42.8|
01|00|0100000US|United States||05|Meat, poultry, fish, seafood, and their preparations|14||Air (includes truck and air)|10|2,000 miles or more|2022|457||29||45.9||42.4|
01|00|0100000US|United States||05|Meat, poultry, fish, seafood, and their preparations|20||Multiple modes|001|Total|2022|9500||3265||13.4||27|
01|00|0100000US|United States||05|Meat, poultry, fish, seafood, and their preparations|20||Multiple modes|02|Less than 50 miles|2022|1511||369||30.7||40.6|
01|00|0100000US|United States||05|Meat, poultry, fish, seafood, and their preparations|20||Multiple modes|03|50 - 99 miles|2022|0|S|0|S|0|S|0|S
01|00|0100000US|United States||05|Meat, poultry, fish, seafood, and their preparations|20||Multiple modes|04|100 - 249 miles|2022|1581||338||31.2||19.4|
01|00|0100000US|United States||05|Meat, poultry, fish, seafood, and their preparations|20||Multiple modes|05|250 - 499 miles|2022|1698||1062||45.3||47.7|
01|00|0100000US|United States||05|Meat, poultry, fish, seafood, and their preparations|20||Multiple modes|06|500 - 749 miles|2022|312||137||29.6||33.7|
01|00|0100000US|United States||05|Meat, poultry, fish, seafood, and their preparations|20||Multiple modes|07|750 - 999 miles|2022|660||376||28.6||33.5|
01|00|0100000US|United States||05|Meat, poultry, fish, seafood, and their preparations|20||Multiple modes|08|1,000 - 1,499 miles|2022|605||145||26.7||37.8|
01|00|0100000US|United States||05|Meat, poultry, fish, seafood, and their preparations|20||Multiple modes|09|1,500 - 1,999 miles|2022|0|S|209||0|S|41.7|
01|00|0100000US|United States||05|Meat, poultry, fish, seafood, and their preparations|20||Multiple modes|10|2,000 miles or more|2022|0|S|0|S|0|S|0|S
01|00|0100000US|United States||05|Meat, poultry, fish, seafood, and their preparations|21||Parcel, U.S.P.S. or courier|001|Total|2022|0|S|0|S|0|S|0|S
01|00|0100000US|United States||05|Meat, poultry, fish, seafood, and their preparations|21||Parcel, U.S.P.S. or courier|02|Less than 50 miles|2022|0|S|0|S|0|S|0|S
01|00|0100000US|United States||05|Meat, poultry, fish, seafood, and their preparations|21||Parcel, U.S.P.S. or courier|03|50 - 99 miles|2022|0|S|0|S|0|S|0|S
01|00|0100000US|United States||05|Meat, poultry, fish, seafood, and their preparations|21||Parcel, U.S.P.S. or courier|04|100 - 249 miles|2022|0|S|0|S|0|S|0|S
01|00|0100000US|United States||05|Meat, poultry, fish, seafood, and their preparations|21||Parcel, U.S.P.S. or courier|05|250 - 499 miles|2022|0|S|0|S|0|S|0|S
01|00|0100000US|United States||05|Meat, poultry, fish, seafood, and their preparations|21||Parcel, U.S.P.S. or courier|06|500 - 749 miles|2022|62||0|S|37.7||0|S
01|00|0100000US|United States||05|Meat, poultry, fish, seafood, and their preparations|21||Parcel, U.S.P.S. or courier|07|750 - 999 miles|2022|0|S|0|S|0|S|0|S
01|00|0100000US|United States||05|Meat, poultry, fish, seafood, and their preparations|21||Parcel, U.S.P.S. or courier|08|1,000 - 1,499 miles|2022|0|S|0|S|0|S|0|S
01|00|0100000US|United States||05|Meat, poultry, fish, seafood, and their preparations|21||Parcel, U.S.P.S. or courier|09|1,500 - 1,999 miles|2022|0|S|0|S|0|S|0|S
01|00|0100000US|United States||05|Meat, poultry, fish, seafood, and their preparations|21||Parcel, U.S.P.S. or courier|10|2,000 miles or more|2022|0|S|0|S|0|S|0|S
01|00|0100000US|United States||05|Meat, poultry, fish, seafood, and their preparations|22||Truck and rail|001|Total|2022|5057||2542||33.6||37.7|
01|00|0100000US|United States||05|Meat, poultry, fish, seafood, and their preparations|22||Truck and rail|02|Less than 50 miles|2022|796||229||37.6||46|
01|00|0100000US|United States||05|Meat, poultry, fish, seafood, and their preparations|22||Truck and rail|03|50 - 99 miles|2022|0|S|0|S|0|S|0|S
01|00|0100000US|United States||05|Meat, poultry, fish, seafood, and their preparations|22||Truck and rail|04|100 - 249 miles|2022|779||225||37.3||21.8|
01|00|0100000US|United States||05|Meat, poultry, fish, seafood, and their preparations|22||Truck and rail|05|250 - 499 miles|2022|1576||1035||45.7||45.3|
01|00|0100000US|United States||05|Meat, poultry, fish, seafood, and their preparations|22||Truck and rail|06|500 - 749 miles|2022|145||110||41.7||30.3|
01|00|0100000US|United States||05|Meat, poultry, fish, seafood, and their preparations|22||Truck and rail|07|750 - 999 miles|2022|530||347||32.7||35.1|
01|00|0100000US|United States||05|Meat, poultry, fish, seafood, and their preparations|22||Truck and rail|08|1,000 - 1,499 miles|2022|0|S|0|S|0|S|0|S
01|00|0100000US|United States||05|Meat, poultry, fish, seafood, and their preparations|22||Truck and rail|09|1,500 - 1,999 miles|2022|28||6||43.4||41.8|
01|00|0100000US|United States||05|Meat, poultry, fish, seafood, and their preparations|22||Truck and rail|10|2,000 miles or more|2022|0|S|0|S|0|S|0|S
01|00|0100000US|United States||05|Meat, poultry, fish, seafood, and their preparations|23||Truck and water|001|Total|2022|2050||358||17.9||15.7|
01|00|0100000US|United States||05|Meat, poultry, fish, seafood, and their preparations|23||Truck and water|02|Less than 50 miles|2022|320||89||43.3||46.4|
01|00|0100000US|United States||05|Meat, poultry, fish, seafood, and their preparations|23||Truck and water|03|50 - 99 miles|2022|43||0|S|43.7||0|S
01|00|0100000US|United States||05|Meat, poultry, fish, seafood, and their preparations|23||Truck and water|04|100 - 249 miles|2022|632||91||47.3||43.9|
01|00|0100000US|United States||05|Meat, poultry, fish, seafood, and their preparations|23||Truck and water|05|250 - 499 miles|2022|0|S|0|S|0|S|0|S
01|00|0100000US|United States||05|Meat, poultry, fish, seafood, and their preparations|23||Truck and water|06|500 - 749 miles|2022|0|S|0|S|0|S|0|S
01|00|0100000US|United States||05|Meat, poultry, fish, seafood, and their preparations|23||Truck and water|07|750 - 999 miles|2022|68||18||34.4||24|
01|00|0100000US|United States||05|Meat, poultry, fish, seafood, and their preparations|23||Truck and water|08|1,000 - 1,499 miles|2022|350||40||32.3||32.6|
01|00|0100000US|United States||05|Meat, poultry, fish, seafood, and their preparations|23||Truck and water|09|1,500 - 1,999 miles|2022|424||76||37.4||46|
01|00|0100000US|United States||05|Meat, poultry, fish, seafood, and their preparations|23||Truck and water|10|2,000 miles or more|2022|106||17||27.8||33.7|
01|00|0100000US|United States||05|Meat, poultry, fish, seafood, and their preparations|24||Rail and water|001|Total|2022|0|S|0|S|0|S|0|S
01|00|0100000US|United States||05|Meat, poultry, fish, seafood, and their preparations|24||Rail and water|09|1,500 - 1,999 miles|2022|0|S|0|S|0|S|0|S
01|00|0100000US|United States||05|Meat, poultry, fish, seafood, and their preparations|25|x|Other multiple modes|001|Total|2022|0|S|0|S|0|S|0|S
01|00|0100000US|United States||05|Meat, poultry, fish, seafood, and their preparations|25|x|Other multiple modes|08|1,000 - 1,499 miles|2022|0|S|0|S|0|S|0|S
01|00|0100000US|United States||05|Meat, poultry, fish, seafood, and their preparations|30|z|Unknown mode|001|Total|2022|22232||5186||23.6||30.6|
01|00|0100000US|United States||05|Meat, poultry, fish, seafood, and their preparations|30|z|Unknown mode|02|Less than 50 miles|2022|0|S|0|S|0|S|0|S
01|00|0100000US|United States||05|Meat, poultry, fish, seafood, and their preparations|30|z|Unknown mode|03|50 - 99 miles|2022|1457||436||23||29.9|
01|00|0100000US|United States||05|Meat, poultry, fish, seafood, and their preparations|30|z|Unknown mode|04|100 - 249 miles|2022|3338||697||25.5||30.4|
01|00|0100000US|United States||05|Meat, poultry, fish, seafood, and their preparations|30|z|Unknown mode|05|250 - 499 miles|2022|3857||732||32.4||22.9|
01|00|0100000US|United States||05|Meat, poultry, fish, seafood, and their preparations|30|z|Unknown mode|06|500 - 749 miles|2022|2848||581||22.9||23.4|
01|00|0100000US|United States||05|Meat, poultry, fish, seafood, and their preparations|30|z|Unknown mode|07|750 - 999 miles|2022|1643||406||21.8||21.9|
01|00|0100000US|United States||05|Meat, poultry, fish, seafood, and their preparations|30|z|Unknown mode|08|1,000 - 1,499 miles|2022|4157||974||27.8||29.8|
01|00|0100000US|United States||05|Meat, poultry, fish, seafood, and their preparations|30|z|Unknown mode|09|1,500 - 1,999 miles|2022|123||32||47.1||42.7|
01|00|0100000US|United States||05|Meat, poultry, fish, seafood, and their preparations|30|z|Unknown mode|10|2,000 miles or more|2022|0|S|0|S|0|S|0|S
01|00|0100000US|United States||06|Milled grain products and preparations, and bakery products|00||All modes|001|Total|2022|169334||105694||8.1||10.3|
01|00|0100000US|United States||06|Milled grain products and preparations, and bakery products|00||All modes|02|Less than 50 miles|2022|54406||34693||12.4||15.7|
01|00|0100000US|United States||06|Milled grain products and preparations, and bakery products|00||All modes|03|50 - 99 miles|2022|17695||16641||9.7||23.6|
01|00|0100000US|United States||06|Milled grain products and preparations, and bakery products|00||All modes|04|100 - 249 miles|2022|29845||16611||11.9||10.7|
01|00|0100000US|United States||06|Milled grain products and preparations, and bakery products|00||All modes|05|250 - 499 miles|2022|21764||12398||9.8||12|
01|00|0100000US|United States||06|Milled grain products and preparations, and bakery products|00||All modes|06|500 - 749 miles|2022|17063||10351||11.6||14.8|
01|00|0100000US|United States||06|Milled grain products and preparations, and bakery products|00||All modes|07|750 - 999 miles|2022|9251||5505||11||7.6|
01|00|0100000US|United States||06|Milled grain products and preparations, and bakery products|00||All modes|08|1,000 - 1,499 miles|2022|9338||5082||18.4||11.2|
01|00|0100000US|United States||06|Milled grain products and preparations, and bakery products|00||All modes|09|1,500 - 1,999 miles|2022|6850||3437||21.3||26.6|
01|00|0100000US|United States||06|Milled grain products and preparations, and bakery products|00||All modes|10|2,000 miles or more|2022|3121||977||22.6||31.5|
01|00|0100000US|United States||06|Milled grain products and preparations, and bakery products|10||Single modes|001|Total|2022|163526||98876||8.2||9.9|
01|00|0100000US|United States||06|Milled grain products and preparations, and bakery products|10||Single modes|02|Less than 50 miles|2022|53889||34001||12.6||16.2|
01|00|0100000US|United States||06|Milled grain products and preparations, and bakery products|10||Single modes|03|50 - 99 miles|2022|17061||15600||9.3||22.2|
01|00|0100000US|United States||06|Milled grain products and preparations, and bakery products|10||Single modes|04|100 - 249 miles|2022|28916||15847||11.8||9.5|
01|00|0100000US|United States||06|Milled grain products and preparations, and bakery products|10||Single modes|05|250 - 499 miles|2022|20925||11341||10.1||11|
01|00|0100000US|United States||06|Milled grain products and preparations, and bakery products|10||Single modes|06|500 - 749 miles|2022|15684||8467||12||14.2|
01|00|0100000US|United States||06|Milled grain products and preparations, and bakery products|10||Single modes|07|750 - 999 miles|2022|8761||5017||12.5||9.4|
01|00|0100000US|United States||06|Milled grain products and preparations, and bakery products|10||Single modes|08|1,000 - 1,499 miles|2022|8844||4456||20||13.7|
01|00|0100000US|United States||06|Milled grain products and preparations, and bakery products|10||Single modes|09|1,500 - 1,999 miles|2022|6482||3199||22.8||27.1|
01|00|0100000US|United States||06|Milled grain products and preparations, and bakery products|10||Single modes|10|2,000 miles or more|2022|2965||948||24.3||32.1|
01|00|0100000US|United States||06|Milled grain products and preparations, and bakery products|11|n|Truck|001|Total|2022|158371||91605||8.5||10|
01|00|0100000US|United States||06|Milled grain products and preparations, and bakery products|11|n|Truck|02|Less than 50 miles|2022|53404||33508||12.7||16.4|
01|00|0100000US|United States||06|Milled grain products and preparations, and bakery products|11|n|Truck|03|50 - 99 miles|2022|16745||14642||9.1||19.5|
01|00|0100000US|United States||06|Milled grain products and preparations, and bakery products|11|n|Truck|04|100 - 249 miles|2022|28434||15073||11.8||8.6|
01|00|0100000US|United States||06|Milled grain products and preparations, and bakery products|11|n|Truck|05|250 - 499 miles|2022|20204||10064||10.3||11.1|
01|00|0100000US|United States||06|Milled grain products and preparations, and bakery products|11|n|Truck|06|500 - 749 miles|2022|14347||6628||14.2||13.2|
01|00|0100000US|United States||06|Milled grain products and preparations, and bakery products|11|n|Truck|07|750 - 999 miles|2022|7992||4046||13.3||11.4|
01|00|0100000US|United States||06|Milled grain products and preparations, and bakery products|11|n|Truck|08|1,000 - 1,499 miles|2022|8545||3955||20.8||16.3|
01|00|0100000US|United States||06|Milled grain products and preparations, and bakery products|11|n|Truck|09|1,500 - 1,999 miles|2022|6159||2966||24.5||29.4|
01|00|0100000US|United States||06|Milled grain products and preparations, and bakery products|11|n|Truck|10|2,000 miles or more|2022|2541||722||19.7||28.7|
01|00|0100000US|United States||06|Milled grain products and preparations, and bakery products|111||For-hire truck|001|Total|2022|82279||61060||9.1||12.7|
01|00|0100000US|United States||06|Milled grain products and preparations, and bakery products|111||For-hire truck|02|Less than 50 miles|2022|19840||20000||17.2||23.9|
01|00|0100000US|United States||06|Milled grain products and preparations, and bakery products|111||For-hire truck|03|50 - 99 miles|2022|7408||9956||16.6||27.3|
01|00|0100000US|United States||06|Milled grain products and preparations, and bakery products|111||For-hire truck|04|100 - 249 miles|2022|11753||9015||9.3||9.3|
01|00|0100000US|United States||06|Milled grain products and preparations, and bakery products|111||For-hire truck|05|250 - 499 miles|2022|13526||7412||11.3||11.6|
01|00|0100000US|United States||06|Milled grain products and preparations, and bakery products|111||For-hire truck|06|500 - 749 miles|2022|9520||4905||15.1||15.5|
01|00|0100000US|United States||06|Milled grain products and preparations, and bakery products|111||For-hire truck|07|750 - 999 miles|2022|6052||3342||12.5||10.5|
01|00|0100000US|United States||06|Milled grain products and preparations, and bakery products|111||For-hire truck|08|1,000 - 1,499 miles|2022|7029||3172||25||16.1|
01|00|0100000US|United States||06|Milled grain products and preparations, and bakery products|111||For-hire truck|09|1,500 - 1,999 miles|2022|5360||2682||27.4||33|
01|00|0100000US|United States||06|Milled grain products and preparations, and bakery products|111||For-hire truck|10|2,000 miles or more|2022|1789||576||19.1||31.1|
01|00|0100000US|United States||06|Milled grain products and preparations, and bakery products|112||Company-owned truck|001|Total|2022|67018||25366||13.3||9.9|
01|00|0100000US|United States||06|Milled grain products and preparations, and bakery products|112||Company-owned truck|02|Less than 50 miles|2022|31437||12578||13.6||9.4|
01|00|0100000US|United States||06|Milled grain products and preparations, and bakery products|112||Company-owned truck|03|50 - 99 miles|2022|8847||4163||12.4||17.3|
01|00|0100000US|United States||06|Milled grain products and preparations, and bakery products|112||Company-owned truck|04|100 - 249 miles|2022|15040||4904||22.1||14.4|
01|00|0100000US|United States||06|Milled grain products and preparations, and bakery products|112||Company-owned truck|05|250 - 499 miles|2022|5510||1788||14.3||16.3|
01|00|0100000US|United States||06|Milled grain products and preparations, and bakery products|112||Company-owned truck|06|500 - 749 miles|2022|3220||932||35.2||33.4|
01|00|0100000US|United States||06|Milled grain products and preparations, and bakery products|112||Company-owned truck|07|750 - 999 miles|2022|1410||479||37.1||48.2|
01|00|0100000US|United States||06|Milled grain products and preparations, and bakery products|112||Company-owned truck|08|1,000 - 1,499 miles|2022|833||319||24.8||37.2|
01|00|0100000US|United States||06|Milled grain products and preparations, and bakery products|112||Company-owned truck|09|1,500 - 1,999 miles|2022|336||0|S|46.6||0|S
01|00|0100000US|United States||06|Milled grain products and preparations, and bakery products|112||Company-owned truck|10|2,000 miles or more|2022|386||76||47.1||46.9|
01|00|0100000US|United States||06|Milled grain products and preparations, and bakery products|113|o|Customer pick-up|001|Total|2022|9074||5179||13.7||16.9|
01|00|0100000US|United States||06|Milled grain products and preparations, and bakery products|113|o|Customer pick-up|02|Less than 50 miles|2022|2126||931||26.3||18.5|
01|00|0100000US|United States||06|Milled grain products and preparations, and bakery products|113|o|Customer pick-up|03|50 - 99 miles|2022|489||0|S|37.6||0|S
01|00|0100000US|United States||06|Milled grain products and preparations, and bakery products|113|o|Customer pick-up|04|100 - 249 miles|2022|1642||1153||20.3||24.5|
01|00|0100000US|United States||06|Milled grain products and preparations, and bakery products|113|o|Customer pick-up|05|250 - 499 miles|2022|1168||865||34.2||39.7|
01|00|0100000US|United States||06|Milled grain products and preparations, and bakery products|113|o|Customer pick-up|06|500 - 749 miles|2022|1607||791||33.7||31.2|
01|00|0100000US|United States||06|Milled grain products and preparations, and bakery products|113|o|Customer pick-up|07|750 - 999 miles|2022|530||225||29.1||22.4|
01|00|0100000US|United States||06|Milled grain products and preparations, and bakery products|113|o|Customer pick-up|08|1,000 - 1,499 miles|2022|683||464||30.5||27.5|
01|00|0100000US|United States||06|Milled grain products and preparations, and bakery products|113|o|Customer pick-up|09|1,500 - 1,999 miles|2022|463||157||35.6||34.4|
01|00|0100000US|United States||06|Milled grain products and preparations, and bakery products|113|o|Customer pick-up|10|2,000 miles or more|2022|366||70||48.5||41|
01|00|0100000US|United States||06|Milled grain products and preparations, and bakery products|12||Rail|001|Total|2022|4982||7179||21.5||29.2|
01|00|0100000US|United States||06|Milled grain products and preparations, and bakery products|12||Rail|02|Less than 50 miles|2022|440||421||34.7||27|
01|00|0100000US|United States||06|Milled grain products and preparations, and bakery products|12||Rail|03|50 - 99 miles|2022|0|S|0|S|0|S|0|S
01|00|0100000US|United States||06|Milled grain products and preparations, and bakery products|12||Rail|04|100 - 249 miles|2022|411||764||41.3||39.4|
01|00|0100000US|United States||06|Milled grain products and preparations, and bakery products|12||Rail|05|250 - 499 miles|2022|721||1277||35.3||38.9|
01|00|0100000US|United States||06|Milled grain products and preparations, and bakery products|12||Rail|06|500 - 749 miles|2022|1331||1835||25.9||35.4|
01|00|0100000US|United States||06|Milled grain products and preparations, and bakery products|12||Rail|07|750 - 999 miles|2022|767||971||29.5||15.3|
01|00|0100000US|United States||06|Milled grain products and preparations, and bakery products|12||Rail|08|1,000 - 1,499 miles|2022|299||501||13.3||16.2|
01|00|0100000US|United States||06|Milled grain products and preparations, and bakery products|12||Rail|09|1,500 - 1,999 miles|2022|323||233||39||24.2|
01|00|0100000US|United States||06|Milled grain products and preparations, and bakery products|12||Rail|10|2,000 miles or more|2022|0|S|0|S|0|S|0|S
01|00|0100000US|United States||06|Milled grain products and preparations, and bakery products|13||Water|001|Total|2022|0|S|0|S|0|S|0|S
01|00|0100000US|United States||06|Milled grain products and preparations, and bakery products|13||Water|03|50 - 99 miles|2022|0|S|0|S|0|S|0|S
01|00|0100000US|United States||06|Milled grain products and preparations, and bakery products|13||Water|04|100 - 249 miles|2022|0|S|0|S|0|S|0|S
01|00|0100000US|United States||06|Milled grain products and preparations, and bakery products|13||Water|05|250 - 499 miles|2022|0|S|0|S|0|S|0|S
01|00|0100000US|United States||06|Milled grain products and preparations, and bakery products|13||Water|07|750 - 999 miles|2022|0|Z|0|Z|20.7||14.2|
01|00|0100000US|United States||06|Milled grain products and preparations, and bakery products|13||Water|08|1,000 - 1,499 miles|2022|0|S|0|S|0|S|0|S
01|00|0100000US|United States||06|Milled grain products and preparations, and bakery products|13||Water|10|2,000 miles or more|2022|0|Z|0|Z|40.6||40.6|
01|00|0100000US|United States||06|Milled grain products and preparations, and bakery products|133||Deep sea|001|Total|2022|0|S|0|S|0|S|0|S
01|00|0100000US|United States||06|Milled grain products and preparations, and bakery products|133||Deep sea|03|50 - 99 miles|2022|0|S|0|S|0|S|0|S
01|00|0100000US|United States||06|Milled grain products and preparations, and bakery products|133||Deep sea|04|100 - 249 miles|2022|0|S|0|S|0|S|0|S
01|00|0100000US|United States||06|Milled grain products and preparations, and bakery products|133||Deep sea|05|250 - 499 miles|2022|0|S|0|S|0|S|0|S
01|00|0100000US|United States||06|Milled grain products and preparations, and bakery products|133||Deep sea|07|750 - 999 miles|2022|0|Z|0|Z|20.7||14.2|
01|00|0100000US|United States||06|Milled grain products and preparations, and bakery products|133||Deep sea|08|1,000 - 1,499 miles|2022|0|S|0|S|0|S|0|S
01|00|0100000US|United States||06|Milled grain products and preparations, and bakery products|133||Deep sea|10|2,000 miles or more|2022|0|Z|0|Z|40.6||40.6|
01|00|0100000US|United States||06|Milled grain products and preparations, and bakery products|14||Air (includes truck and air)|001|Total|2022|0|S|0|S|0|S|0|S
01|00|0100000US|United States||06|Milled grain products and preparations, and bakery products|14||Air (includes truck and air)|03|50 - 99 miles|2022|0|S|0|S|0|S|0|S
01|00|0100000US|United States||06|Milled grain products and preparations, and bakery products|14||Air (includes truck and air)|04|100 - 249 miles|2022|0|S|0|S|0|S|0|S
01|00|0100000US|United States||06|Milled grain products and preparations, and bakery products|14||Air (includes truck and air)|05|250 - 499 miles|2022|0|S|0|Z|0|S|42|
01|00|0100000US|United States||06|Milled grain products and preparations, and bakery products|14||Air (includes truck and air)|06|500 - 749 miles|2022|0|S|0|S|0|S|0|S
01|00|0100000US|United States||06|Milled grain products and preparations, and bakery products|14||Air (includes truck and air)|07|750 - 999 miles|2022|0|S|0|S|0|S|0|S
01|00|0100000US|United States||06|Milled grain products and preparations, and bakery products|14||Air (includes truck and air)|08|1,000 - 1,499 miles|2022|0|S|0|S|0|S|0|S
01|00|0100000US|United States||06|Milled grain products and preparations, and bakery products|14||Air (includes truck and air)|09|1,500 - 1,999 miles|2022|0|Z|0|S|37.1||0|S
01|00|0100000US|United States||06|Milled grain products and preparations, and bakery products|14||Air (includes truck and air)|10|2,000 miles or more|2022|0|S|0|S|0|S|0|S
01|00|0100000US|United States||06|Milled grain products and preparations, and bakery products|15||Pipeline|001|Total|2022|45||71||8.3||17.5|
01|00|0100000US|United States||06|Milled grain products and preparations, and bakery products|15||Pipeline|02|Less than 50 miles|2022|45||71||8.3||17.5|
01|00|0100000US|United States||06|Milled grain products and preparations, and bakery products|20||Multiple modes|001|Total|2022|5218||6115||23.1||34.5|
01|00|0100000US|United States||06|Milled grain products and preparations, and bakery products|20||Multiple modes|02|Less than 50 miles|2022|345||310||17.3||27.2|
01|00|0100000US|United States||06|Milled grain products and preparations, and bakery products|20||Multiple modes|03|50 - 99 miles|2022|0|S|0|S|0|S|0|S
01|00|0100000US|United States||06|Milled grain products and preparations, and bakery products|20||Multiple modes|04|100 - 249 miles|2022|0|S|0|S|0|S|0|S
01|00|0100000US|United States||06|Milled grain products and preparations, and bakery products|20||Multiple modes|05|250 - 499 miles|2022|763||1024||25.1||38.4|
01|00|0100000US|United States||06|Milled grain products and preparations, and bakery products|20||Multiple modes|06|500 - 749 miles|2022|1339||1862||31.4||44.3|
01|00|0100000US|United States||06|Milled grain products and preparations, and bakery products|20||Multiple modes|07|750 - 999 miles|2022|464||472||31.2||31.9|
01|00|0100000US|United States||06|Milled grain products and preparations, and bakery products|20||Multiple modes|08|1,000 - 1,499 miles|2022|459||616||20||24.5|
01|00|0100000US|United States||06|Milled grain products and preparations, and bakery products|20||Multiple modes|09|1,500 - 1,999 miles|2022|334||203||24.5||31.2|
01|00|0100000US|United States||06|Milled grain products and preparations, and bakery products|20||Multiple modes|10|2,000 miles or more|2022|149||25||27.3||28.2|
01|00|0100000US|United States||06|Milled grain products and preparations, and bakery products|21||Parcel, U.S.P.S. or courier|001|Total|2022|1168||113||39.9||37|
01|00|0100000US|United States||06|Milled grain products and preparations, and bakery products|21||Parcel, U.S.P.S. or courier|02|Less than 50 miles|2022|117||0|S|30||0|S
01|00|0100000US|United States||06|Milled grain products and preparations, and bakery products|21||Parcel, U.S.P.S. or courier|03|50 - 99 miles|2022|65||6||28.4||42.3|
01|00|0100000US|United States||06|Milled grain products and preparations, and bakery products|21||Parcel, U.S.P.S. or courier|04|100 - 249 miles|2022|167||18||27.4||46.9|
01|00|0100000US|United States||06|Milled grain products and preparations, and bakery products|21||Parcel, U.S.P.S. or courier|05|250 - 499 miles|2022|0|S|10||0|S|44.1|
01|00|0100000US|United States||06|Milled grain products and preparations, and bakery products|21||Parcel, U.S.P.S. or courier|06|500 - 749 miles|2022|0|S|0|S|0|S|0|S
01|00|0100000US|United States||06|Milled grain products and preparations, and bakery products|21||Parcel, U.S.P.S. or courier|07|750 - 999 miles|2022|0|S|0|S|0|S|0|S
01|00|0100000US|United States||06|Milled grain products and preparations, and bakery products|21||Parcel, U.S.P.S. or courier|08|1,000 - 1,499 miles|2022|135||0|S|45.8||0|S
01|00|0100000US|United States||06|Milled grain products and preparations, and bakery products|21||Parcel, U.S.P.S. or courier|09|1,500 - 1,999 miles|2022|0|S|0|S|0|S|0|S
01|00|0100000US|United States||06|Milled grain products and preparations, and bakery products|21||Parcel, U.S.P.S. or courier|10|2,000 miles or more|2022|103||6||40.8||41.4|
01|00|0100000US|United States||06|Milled grain products and preparations, and bakery products|22||Truck and rail|001|Total|2022|3925||5899||30.4||35.9|
01|00|0100000US|United States||06|Milled grain products and preparations, and bakery products|22||Truck and rail|02|Less than 50 miles|2022|165||217||29.8||23.9|
01|00|0100000US|United States||06|Milled grain products and preparations, and bakery products|22||Truck and rail|03|50 - 99 miles|2022|0|S|0|S|0|S|0|S
01|00|0100000US|United States||06|Milled grain products and preparations, and bakery products|22||Truck and rail|04|100 - 249 miles|2022|0|S|0|S|0|S|0|S
01|00|0100000US|United States||06|Milled grain products and preparations, and bakery products|22||Truck and rail|05|250 - 499 miles|2022|634||1011||28.7||37.5|
01|00|0100000US|United States||06|Milled grain products and preparations, and bakery products|22||Truck and rail|06|500 - 749 miles|2022|1177||1845||36.9||44.8|
01|00|0100000US|United States||06|Milled grain products and preparations, and bakery products|22||Truck and rail|07|750 - 999 miles|2022|252||456||29.7||33|
01|00|0100000US|United States||06|Milled grain products and preparations, and bakery products|22||Truck and rail|08|1,000 - 1,499 miles|2022|314||589||20.9||23.3|
01|00|0100000US|United States||06|Milled grain products and preparations, and bakery products|22||Truck and rail|09|1,500 - 1,999 miles|2022|241||196||27||31|
01|00|0100000US|United States||06|Milled grain products and preparations, and bakery products|22||Truck and rail|10|2,000 miles or more|2022|0|S|0|S|0|S|0|S
01|00|0100000US|United States||06|Milled grain products and preparations, and bakery products|23||Truck and water|001|Total|2022|116||0|S|44.1||0|S
01|00|0100000US|United States||06|Milled grain products and preparations, and bakery products|23||Truck and water|02|Less than 50 miles|2022|0|S|0|S|0|S|0|S
01|00|0100000US|United States||06|Milled grain products and preparations, and bakery products|23||Truck and water|04|100 - 249 miles|2022|0|S|0|S|0|S|0|S
01|00|0100000US|United States||06|Milled grain products and preparations, and bakery products|23||Truck and water|05|250 - 499 miles|2022|8||0|S|41||0|S
01|00|0100000US|United States||06|Milled grain products and preparations, and bakery products|23||Truck and water|06|500 - 749 miles|2022|0|S|0|S|0|S|0|S
01|00|0100000US|United States||06|Milled grain products and preparations, and bakery products|23||Truck and water|09|1,500 - 1,999 miles|2022|0|S|0|S|0|S|0|S
01|00|0100000US|United States||06|Milled grain products and preparations, and bakery products|23||Truck and water|10|2,000 miles or more|2022|19||11||42.3||46.5|
01|00|0100000US|United States||06|Milled grain products and preparations, and bakery products|25|x|Other multiple modes|001|Total|2022|0|S|0|S|0|S|0|S
01|00|0100000US|United States||06|Milled grain products and preparations, and bakery products|25|x|Other multiple modes|08|1,000 - 1,499 miles|2022|0|S|0|S|0|S|0|S
01|00|0100000US|United States||06|Milled grain products and preparations, and bakery products|30|z|Unknown mode|001|Total|2022|590||0|S|37.8||0|S
01|00|0100000US|United States||06|Milled grain products and preparations, and bakery products|30|z|Unknown mode|02|Less than 50 miles|2022|0|S|0|S|0|S|0|S
01|00|0100000US|United States||06|Milled grain products and preparations, and bakery products|30|z|Unknown mode|03|50 - 99 miles|2022|0|S|0|S|0|S|0|S
01|00|0100000US|United States||06|Milled grain products and preparations, and bakery products|30|z|Unknown mode|04|100 - 249 miles|2022|0|S|0|S|0|S|0|S
01|00|0100000US|United States||06|Milled grain products and preparations, and bakery products|30|z|Unknown mode|05|250 - 499 miles|2022|75||32||44.3||47.8|
01|00|0100000US|United States||06|Milled grain products and preparations, and bakery products|30|z|Unknown mode|06|500 - 749 miles|2022|40||21||41.5||45.4|
01|00|0100000US|United States||06|Milled grain products and preparations, and bakery products|30|z|Unknown mode|07|750 - 999 miles|2022|26||0|S|49.1||0|S
01|00|0100000US|United States||06|Milled grain products and preparations, and bakery products|30|z|Unknown mode|08|1,000 - 1,499 miles|2022|0|S|0|S|0|S|0|S
01|00|0100000US|United States||06|Milled grain products and preparations, and bakery products|30|z|Unknown mode|09|1,500 - 1,999 miles|2022|34||34||34.3||35.5|
01|00|0100000US|United States||06|Milled grain products and preparations, and bakery products|30|z|Unknown mode|10|2,000 miles or more|2022|0|S|0|S|0|S|0|S
01|00|0100000US|United States||07|Other prepared foodstuffs and fats and oils|00||All modes|001|Total|2022|796922||629379||5.3||18.3|
01|00|0100000US|United States||07|Other prepared foodstuffs and fats and oils|00||All modes|02|Less than 50 miles|2022|261549||202886||10.2||12.4|
01|00|0100000US|United States||07|Other prepared foodstuffs and fats and oils|00||All modes|03|50 - 99 miles|2022|77469||97390||7.4||44.3|
01|00|0100000US|United States||07|Other prepared foodstuffs and fats and oils|00||All modes|04|100 - 249 miles|2022|134991||85355||7.8||8.6|
01|00|0100000US|United States||07|Other prepared foodstuffs and fats and oils|00||All modes|05|250 - 499 miles|2022|99740||90444||5||24.1|
01|00|0100000US|United States||07|Other prepared foodstuffs and fats and oils|00||All modes|06|500 - 749 miles|2022|73877||45941||6.5||10.9|
01|00|0100000US|United States||07|Other prepared foodstuffs and fats and oils|00||All modes|07|750 - 999 miles|2022|45412||33027||4.8||17.7|
01|00|0100000US|United States||07|Other prepared foodstuffs and fats and oils|00||All modes|08|1,000 - 1,499 miles|2022|47316||36765||12.1||25.1|
01|00|0100000US|United States||07|Other prepared foodstuffs and fats and oils|00||All modes|09|1,500 - 1,999 miles|2022|32295||19349||9.2||34.7|
01|00|0100000US|United States||07|Other prepared foodstuffs and fats and oils|00||All modes|10|2,000 miles or more|2022|24274||18220||10.3||46.8|
01|00|0100000US|United States||07|Other prepared foodstuffs and fats and oils|10||Single modes|001|Total|2022|741418||587125||5.5||19.3|
01|00|0100000US|United States||07|Other prepared foodstuffs and fats and oils|10||Single modes|02|Less than 50 miles|2022|253088||199449||10.6||12.4|
01|00|0100000US|United States||07|Other prepared foodstuffs and fats and oils|10||Single modes|03|50 - 99 miles|2022|74765||94874||8.1||45.7|
01|00|0100000US|United States||07|Other prepared foodstuffs and fats and oils|10||Single modes|04|100 - 249 miles|2022|127802||80487||7.9||7.9|
01|00|0100000US|United States||07|Other prepared foodstuffs and fats and oils|10||Single modes|05|250 - 499 miles|2022|92511||79954||5||23.6|
01|00|0100000US|United States||07|Other prepared foodstuffs and fats and oils|10||Single modes|06|500 - 749 miles|2022|65444||38395||7.2||14.1|
01|00|0100000US|United States||07|Other prepared foodstuffs and fats and oils|10||Single modes|07|750 - 999 miles|2022|40482||28691||4.6||15.6|
01|00|0100000US|United States||07|Other prepared foodstuffs and fats and oils|10||Single modes|08|1,000 - 1,499 miles|2022|39600||31812||10.5||28.4|
01|00|0100000US|United States||07|Other prepared foodstuffs and fats and oils|10||Single modes|09|1,500 - 1,999 miles|2022|28509||17552||10.2||38.7|
01|00|0100000US|United States||07|Other prepared foodstuffs and fats and oils|10||Single modes|10|2,000 miles or more|2022|19216||0|S|11.6||0|S
01|00|0100000US|United States||07|Other prepared foodstuffs and fats and oils|11|n|Truck|001|Total|2022|706567||543741||5.9||20.9|
01|00|0100000US|United States||07|Other prepared foodstuffs and fats and oils|11|n|Truck|02|Less than 50 miles|2022|246038||191540||10.9||12.9|
01|00|0100000US|United States||07|Other prepared foodstuffs and fats and oils|11|n|Truck|03|50 - 99 miles|2022|73928||93726||8.1||45.9|
01|00|0100000US|United States||07|Other prepared foodstuffs and fats and oils|11|n|Truck|04|100 - 249 miles|2022|124809||77402||7.9||7.7|
01|00|0100000US|United States||07|Other prepared foodstuffs and fats and oils|11|n|Truck|05|250 - 499 miles|2022|88222||74880||5.5||24.9|
01|00|0100000US|United States||07|Other prepared foodstuffs and fats and oils|11|n|Truck|06|500 - 749 miles|2022|56093||25972||7||11.3|
01|00|0100000US|United States||07|Other prepared foodstuffs and fats and oils|11|n|Truck|07|750 - 999 miles|2022|36596||23246||5.7||19.3|
01|00|0100000US|United States||07|Other prepared foodstuffs and fats and oils|11|n|Truck|08|1,000 - 1,499 miles|2022|36148||25374||11.1||35.9|
01|00|0100000US|United States||07|Other prepared foodstuffs and fats and oils|11|n|Truck|09|1,500 - 1,999 miles|2022|26729||16181||10.1||41.7|
01|00|0100000US|United States||07|Other prepared foodstuffs and fats and oils|11|n|Truck|10|2,000 miles or more|2022|18004||0|S|12.6||0|S
01|00|0100000US|United States||07|Other prepared foodstuffs and fats and oils|111||For-hire truck|001|Total|2022|424479||285784||7.4||11|
01|00|0100000US|United States||07|Other prepared foodstuffs and fats and oils|111||For-hire truck|02|Less than 50 miles|2022|114957||75744||20.6||9.7|
01|00|0100000US|United States||07|Other prepared foodstuffs and fats and oils|111||For-hire truck|03|50 - 99 miles|2022|30895||25372||14.8||13.4|
01|00|0100000US|United States||07|Other prepared foodstuffs and fats and oils|111||For-hire truck|04|100 - 249 miles|2022|69875||45414||9.3||5.6|
01|00|0100000US|United States||07|Other prepared foodstuffs and fats and oils|111||For-hire truck|05|250 - 499 miles|2022|67077||48124||7.7||22.6|
01|00|0100000US|United States||07|Other prepared foodstuffs and fats and oils|111||For-hire truck|06|500 - 749 miles|2022|46396||21399||8.1||12.6|
01|00|0100000US|United States||07|Other prepared foodstuffs and fats and oils|111||For-hire truck|07|750 - 999 miles|2022|30375||19197||6.7||18.9|
01|00|0100000US|United States||07|Other prepared foodstuffs and fats and oils|111||For-hire truck|08|1,000 - 1,499 miles|2022|30018||22922||11.5||39.2|
01|00|0100000US|United States||07|Other prepared foodstuffs and fats and oils|111||For-hire truck|09|1,500 - 1,999 miles|2022|20701||13829||10.2||48.7|
01|00|0100000US|United States||07|Other prepared foodstuffs and fats and oils|111||For-hire truck|10|2,000 miles or more|2022|14184||0|S|10.6||0|S
01|00|0100000US|United States||07|Other prepared foodstuffs and fats and oils|112||Company-owned truck|001|Total|2022|211687||198084||7.5||34.8|
01|00|0100000US|United States||07|Other prepared foodstuffs and fats and oils|112||Company-owned truck|02|Less than 50 miles|2022|120276||92872||7||12|
01|00|0100000US|United States||07|Other prepared foodstuffs and fats and oils|112||Company-owned truck|03|50 - 99 miles|2022|35584||0|S|10.6||0|S
01|00|0100000US|United States||07|Other prepared foodstuffs and fats and oils|112||Company-owned truck|04|100 - 249 miles|2022|41645||22028||9.3||10.7|
01|00|0100000US|United States||07|Other prepared foodstuffs and fats and oils|112||Company-owned truck|05|250 - 499 miles|2022|9223||0|S|9.9||0|S
01|00|0100000US|United States||07|Other prepared foodstuffs and fats and oils|112||Company-owned truck|06|500 - 749 miles|2022|2111||1045||19.5||12.7|
01|00|0100000US|United States||07|Other prepared foodstuffs and fats and oils|112||Company-owned truck|07|750 - 999 miles|2022|1098||550||13.9||18.2|
01|00|0100000US|United States||07|Other prepared foodstuffs and fats and oils|112||Company-owned truck|08|1,000 - 1,499 miles|2022|1287||419||36.8||35.4|
01|00|0100000US|United States||07|Other prepared foodstuffs and fats and oils|112||Company-owned truck|09|1,500 - 1,999 miles|2022|329||149||27.6||31.6|
01|00|0100000US|United States||07|Other prepared foodstuffs and fats and oils|112||Company-owned truck|10|2,000 miles or more|2022|0|S|0|S|0|S|0|S
01|00|0100000US|United States||07|Other prepared foodstuffs and fats and oils|113|o|Customer pick-up|001|Total|2022|70401||59873||8.6||27.6|
01|00|0100000US|United States||07|Other prepared foodstuffs and fats and oils|113|o|Customer pick-up|02|Less than 50 miles|2022|10805||22924||14.4||45.7|
01|00|0100000US|United States||07|Other prepared foodstuffs and fats and oils|113|o|Customer pick-up|03|50 - 99 miles|2022|7449||6512||17.1||25|
01|00|0100000US|United States||07|Other prepared foodstuffs and fats and oils|113|o|Customer pick-up|04|100 - 249 miles|2022|13289||9961||9.9||27.5|
01|00|0100000US|United States||07|Other prepared foodstuffs and fats and oils|113|o|Customer pick-up|05|250 - 499 miles|2022|11922||7615||10.8||18.6|
01|00|0100000US|United States||07|Other prepared foodstuffs and fats and oils|113|o|Customer pick-up|06|500 - 749 miles|2022|7586||3528||8.2||10.4|
01|00|0100000US|United States||07|Other prepared foodstuffs and fats and oils|113|o|Customer pick-up|07|750 - 999 miles|2022|5123||3499||10.8||29.3|
01|00|0100000US|United States||07|Other prepared foodstuffs and fats and oils|113|o|Customer pick-up|08|1,000 - 1,499 miles|2022|4842||2033||12.1||10.6|
01|00|0100000US|United States||07|Other prepared foodstuffs and fats and oils|113|o|Customer pick-up|09|1,500 - 1,999 miles|2022|5699||2204||18.4||23.4|
01|00|0100000US|United States||07|Other prepared foodstuffs and fats and oils|113|o|Customer pick-up|10|2,000 miles or more|2022|3685||1597||26.1||40.4|
01|00|0100000US|United States||07|Other prepared foodstuffs and fats and oils|12||Rail|001|Total|2022|30436||38799||13||13.2|
01|00|0100000US|United States||07|Other prepared foodstuffs and fats and oils|12||Rail|02|Less than 50 miles|2022|3068||3730||26.3||21.5|
01|00|0100000US|United States||07|Other prepared foodstuffs and fats and oils|12||Rail|03|50 - 99 miles|2022|646||811||40.5||27.1|
01|00|0100000US|United States||07|Other prepared foodstuffs and fats and oils|12||Rail|04|100 - 249 miles|2022|2909||3043||31.2||17.1|
01|00|0100000US|United States||07|Other prepared foodstuffs and fats and oils|12||Rail|05|250 - 499 miles|2022|4256||5073||21.7||17.2|
01|00|0100000US|United States||07|Other prepared foodstuffs and fats and oils|12||Rail|06|500 - 749 miles|2022|9342||12421||42.8||41.8|
01|00|0100000US|United States||07|Other prepared foodstuffs and fats and oils|12||Rail|07|750 - 999 miles|2022|3881||5444||14.7||12|
01|00|0100000US|United States||07|Other prepared foodstuffs and fats and oils|12||Rail|08|1,000 - 1,499 miles|2022|3444||6438||8.6||13.2|
01|00|0100000US|United States||07|Other prepared foodstuffs and fats and oils|12||Rail|09|1,500 - 1,999 miles|2022|1765||1365||18||15|
01|00|0100000US|United States||07|Other prepared foodstuffs and fats and oils|12||Rail|10|2,000 miles or more|2022|1125||475||35.1||35.5|
01|00|0100000US|United States||07|Other prepared foodstuffs and fats and oils|13||Water|001|Total|2022|0|S|0|S|0|S|0|S
01|00|0100000US|United States||07|Other prepared foodstuffs and fats and oils|13||Water|02|Less than 50 miles|2022|0|S|0|S|0|S|0|S
01|00|0100000US|United States||07|Other prepared foodstuffs and fats and oils|13||Water|03|50 - 99 miles|2022|0|S|0|S|0|S|0|S
01|00|0100000US|United States||07|Other prepared foodstuffs and fats and oils|13||Water|04|100 - 249 miles|2022|68||40||36.5||40.5|
01|00|0100000US|United States||07|Other prepared foodstuffs and fats and oils|13||Water|06|500 - 749 miles|2022|0|S|0|S|0|S|0|S
01|00|0100000US|United States||07|Other prepared foodstuffs and fats and oils|13||Water|07|750 - 999 miles|2022|0|S|0|S|0|S|0|S
01|00|0100000US|United States||07|Other prepared foodstuffs and fats and oils|13||Water|08|1,000 - 1,499 miles|2022|0|S|0|S|0|S|0|S
01|00|0100000US|United States||07|Other prepared foodstuffs and fats and oils|13||Water|09|1,500 - 1,999 miles|2022|0|S|0|S|0|S|0|S
01|00|0100000US|United States||07|Other prepared foodstuffs and fats and oils|13||Water|10|2,000 miles or more|2022|8||7||14.4||13.9|
01|00|0100000US|United States||07|Other prepared foodstuffs and fats and oils|131||Inland water|001|Total|2022|0|S|0|S|0|S|0|S
01|00|0100000US|United States||07|Other prepared foodstuffs and fats and oils|131||Inland water|02|Less than 50 miles|2022|0|S|0|S|0|S|0|S
01|00|0100000US|United States||07|Other prepared foodstuffs and fats and oils|131||Inland water|04|100 - 249 miles|2022|0|S|0|S|0|S|0|S
01|00|0100000US|United States||07|Other prepared foodstuffs and fats and oils|133||Deep sea|001|Total|2022|0|S|0|S|0|S|0|S
01|00|0100000US|United States||07|Other prepared foodstuffs and fats and oils|133||Deep sea|02|Less than 50 miles|2022|0|S|0|S|0|S|0|S
01|00|0100000US|United States||07|Other prepared foodstuffs and fats and oils|133||Deep sea|03|50 - 99 miles|2022|0|S|0|S|0|S|0|S
01|00|0100000US|United States||07|Other prepared foodstuffs and fats and oils|133||Deep sea|04|100 - 249 miles|2022|44||0|S|40.5||0|S
01|00|0100000US|United States||07|Other prepared foodstuffs and fats and oils|133||Deep sea|06|500 - 749 miles|2022|0|S|0|S|0|S|0|S
01|00|0100000US|United States||07|Other prepared foodstuffs and fats and oils|133||Deep sea|07|750 - 999 miles|2022|0|S|0|S|0|S|0|S
01|00|0100000US|United States||07|Other prepared foodstuffs and fats and oils|133||Deep sea|08|1,000 - 1,499 miles|2022|0|S|0|S|0|S|0|S
01|00|0100000US|United States||07|Other prepared foodstuffs and fats and oils|133||Deep sea|09|1,500 - 1,999 miles|2022|0|S|0|S|0|S|0|S
01|00|0100000US|United States||07|Other prepared foodstuffs and fats and oils|133||Deep sea|10|2,000 miles or more|2022|8||7||14.4||13.9|
01|00|0100000US|United States||07|Other prepared foodstuffs and fats and oils|14||Air (includes truck and air)|001|Total|2022|157||15||37.2||20.9|
01|00|0100000US|United States||07|Other prepared foodstuffs and fats and oils|14||Air (includes truck and air)|03|50 - 99 miles|2022|1||0|Z|42.2||29.1|
01|00|0100000US|United States||07|Other prepared foodstuffs and fats and oils|14||Air (includes truck and air)|04|100 - 249 miles|2022|0|S|0|S|0|S|0|S
01|00|0100000US|United States||07|Other prepared foodstuffs and fats and oils|14||Air (includes truck and air)|05|250 - 499 miles|2022|0|S|2||0|S|43.1|
01|00|0100000US|United States||07|Other prepared foodstuffs and fats and oils|14||Air (includes truck and air)|06|500 - 749 miles|2022|4||0|S|38.4||0|S
01|00|0100000US|United States||07|Other prepared foodstuffs and fats and oils|14||Air (includes truck and air)|07|750 - 999 miles|2022|6||0|S|48.4||0|S
01|00|0100000US|United States||07|Other prepared foodstuffs and fats and oils|14||Air (includes truck and air)|08|1,000 - 1,499 miles|2022|0|S|0|S|0|S|0|S
01|00|0100000US|United States||07|Other prepared foodstuffs and fats and oils|14||Air (includes truck and air)|09|1,500 - 1,999 miles|2022|0|S|1||0|S|35|
01|00|0100000US|United States||07|Other prepared foodstuffs and fats and oils|14||Air (includes truck and air)|10|2,000 miles or more|2022|79||9||41.8||24.3|
01|00|0100000US|United States||07|Other prepared foodstuffs and fats and oils|15||Pipeline|001|Total|2022|2809||1829||43.8||38.5|
01|00|0100000US|United States||07|Other prepared foodstuffs and fats and oils|15||Pipeline|02|Less than 50 miles|2022|2809||1829||43.8||38.5|
01|00|0100000US|United States||07|Other prepared foodstuffs and fats and oils|20||Multiple modes|001|Total|2022|45082||33471||12.7||15.1|
01|00|0100000US|United States||07|Other prepared foodstuffs and fats and oils|20||Multiple modes|02|Less than 50 miles|2022|6790||3040||34.6||30.7|
01|00|0100000US|United States||07|Other prepared foodstuffs and fats and oils|20||Multiple modes|03|50 - 99 miles|2022|1941||1851||26.2||37.9|
01|00|0100000US|United States||07|Other prepared foodstuffs and fats and oils|20||Multiple modes|04|100 - 249 miles|2022|6383||4536||32.8||49.9|
01|00|0100000US|United States||07|Other prepared foodstuffs and fats and oils|20||Multiple modes|05|250 - 499 miles|2022|4502||4513||11||16.4|
01|00|0100000US|United States||07|Other prepared foodstuffs and fats and oils|20||Multiple modes|06|500 - 749 miles|2022|7003||7049||15.1||25.4|
01|00|0100000US|United States||07|Other prepared foodstuffs and fats and oils|20||Multiple modes|07|750 - 999 miles|2022|4006||4041||21.3||37.5|
01|00|0100000US|United States||07|Other prepared foodstuffs and fats and oils|20||Multiple modes|08|1,000 - 1,499 miles|2022|6740||4601||37.2||31.6|
01|00|0100000US|United States||07|Other prepared foodstuffs and fats and oils|20||Multiple modes|09|1,500 - 1,999 miles|2022|3270||1682||25.1||43.1|
01|00|0100000US|United States||07|Other prepared foodstuffs and fats and oils|20||Multiple modes|10|2,000 miles or more|2022|4447||2158||9.6||18.6|
01|00|0100000US|United States||07|Other prepared foodstuffs and fats and oils|21||Parcel, U.S.P.S. or courier|001|Total|2022|13421||1082||7||11.3|
01|00|0100000US|United States||07|Other prepared foodstuffs and fats and oils|21||Parcel, U.S.P.S. or courier|02|Less than 50 miles|2022|1551||199||15.2||40.8|
01|00|0100000US|United States||07|Other prepared foodstuffs and fats and oils|21||Parcel, U.S.P.S. or courier|03|50 - 99 miles|2022|842||97||15.9||17|
01|00|0100000US|United States||07|Other prepared foodstuffs and fats and oils|21||Parcel, U.S.P.S. or courier|04|100 - 249 miles|2022|1962||171||17.3||14.3|
01|00|0100000US|United States||07|Other prepared foodstuffs and fats and oils|21||Parcel, U.S.P.S. or courier|05|250 - 499 miles|2022|1697||133||14.9||20.5|
01|00|0100000US|United States||07|Other prepared foodstuffs and fats and oils|21||Parcel, U.S.P.S. or courier|06|500 - 749 miles|2022|1856||142||14.2||17.9|
01|00|0100000US|United States||07|Other prepared foodstuffs and fats and oils|21||Parcel, U.S.P.S. or courier|07|750 - 999 miles|2022|1294||85||13||14.8|
01|00|0100000US|United States||07|Other prepared foodstuffs and fats and oils|21||Parcel, U.S.P.S. or courier|08|1,000 - 1,499 miles|2022|1624||100||11.3||14.9|
01|00|0100000US|United States||07|Other prepared foodstuffs and fats and oils|21||Parcel, U.S.P.S. or courier|09|1,500 - 1,999 miles|2022|956||55||11.3||10.5|
01|00|0100000US|United States||07|Other prepared foodstuffs and fats and oils|21||Parcel, U.S.P.S. or courier|10|2,000 miles or more|2022|1639||98||11.9||17.5|
01|00|0100000US|United States||07|Other prepared foodstuffs and fats and oils|22||Truck and rail|001|Total|2022|29734||31291||16.1||16.1|
01|00|0100000US|United States||07|Other prepared foodstuffs and fats and oils|22||Truck and rail|02|Less than 50 miles|2022|4997||2707||45.7||35.5|
01|00|0100000US|United States||07|Other prepared foodstuffs and fats and oils|22||Truck and rail|03|50 - 99 miles|2022|878||1675||39.4||41|
01|00|0100000US|United States||07|Other prepared foodstuffs and fats and oils|22||Truck and rail|04|100 - 249 miles|2022|4014||0|S|47.8||0|S
01|00|0100000US|United States||07|Other prepared foodstuffs and fats and oils|22||Truck and rail|05|250 - 499 miles|2022|2593||4259||13.8||17.7|
01|00|0100000US|United States||07|Other prepared foodstuffs and fats and oils|22||Truck and rail|06|500 - 749 miles|2022|5115||6884||18.9||26.1|
01|00|0100000US|United States||07|Other prepared foodstuffs and fats and oils|22||Truck and rail|07|750 - 999 miles|2022|2604||3860||30.5||39.3|
01|00|0100000US|United States||07|Other prepared foodstuffs and fats and oils|22||Truck and rail|08|1,000 - 1,499 miles|2022|4954||4420||49.3||33|
01|00|0100000US|United States||07|Other prepared foodstuffs and fats and oils|22||Truck and rail|09|1,500 - 1,999 miles|2022|2223||1602||35.2||45|
01|00|0100000US|United States||07|Other prepared foodstuffs and fats and oils|22||Truck and rail|10|2,000 miles or more|2022|2356||1855||18.5||24.1|
01|00|0100000US|United States||07|Other prepared foodstuffs and fats and oils|23||Truck and water|001|Total|2022|1922||1097||26.6||30.1|
01|00|0100000US|United States||07|Other prepared foodstuffs and fats and oils|23||Truck and water|02|Less than 50 miles|2022|0|S|0|S|0|S|0|S
01|00|0100000US|United States||07|Other prepared foodstuffs and fats and oils|23||Truck and water|03|50 - 99 miles|2022|0|S|0|S|0|S|0|S
01|00|0100000US|United States||07|Other prepared foodstuffs and fats and oils|23||Truck and water|04|100 - 249 miles|2022|405||334||40.6||44.2|
01|00|0100000US|United States||07|Other prepared foodstuffs and fats and oils|23||Truck and water|05|250 - 499 miles|2022|0|S|0|S|0|S|0|S
01|00|0100000US|United States||07|Other prepared foodstuffs and fats and oils|23||Truck and water|06|500 - 749 miles|2022|32||23||26||40.1|
01|00|0100000US|United States||07|Other prepared foodstuffs and fats and oils|23||Truck and water|07|750 - 999 miles|2022|0|S|0|S|0|S|0|S
01|00|0100000US|United States||07|Other prepared foodstuffs and fats and oils|23||Truck and water|08|1,000 - 1,499 miles|2022|161||81||28.5||31.6|
01|00|0100000US|United States||07|Other prepared foodstuffs and fats and oils|23||Truck and water|09|1,500 - 1,999 miles|2022|90||25||38.5||24.7|
01|00|0100000US|United States||07|Other prepared foodstuffs and fats and oils|23||Truck and water|10|2,000 miles or more|2022|0|S|0|S|0|S|0|S
01|00|0100000US|United States||07|Other prepared foodstuffs and fats and oils|24||Rail and water|001|Total|2022|0|S|0|S|0|S|0|S
01|00|0100000US|United States||07|Other prepared foodstuffs and fats and oils|24||Rail and water|02|Less than 50 miles|2022|0|S|0|S|0|S|0|S
01|00|0100000US|United States||07|Other prepared foodstuffs and fats and oils|24||Rail and water|03|50 - 99 miles|2022|0|S|0|S|0|S|0|S
01|00|0100000US|United States||07|Other prepared foodstuffs and fats and oils|24||Rail and water|09|1,500 - 1,999 miles|2022|0|S|0|S|0|S|0|S
01|00|0100000US|United States||07|Other prepared foodstuffs and fats and oils|25|x|Other multiple modes|001|Total|2022|0|S|0|S|0|S|0|S
01|00|0100000US|United States||07|Other prepared foodstuffs and fats and oils|25|x|Other multiple modes|03|50 - 99 miles|2022|0|S|0|S|0|S|0|S
01|00|0100000US|United States||07|Other prepared foodstuffs and fats and oils|25|x|Other multiple modes|04|100 - 249 miles|2022|0|S|0|S|0|S|0|S
01|00|0100000US|United States||07|Other prepared foodstuffs and fats and oils|30|z|Unknown mode|001|Total|2022|10423||0|S|14||0|S
01|00|0100000US|United States||07|Other prepared foodstuffs and fats and oils|30|z|Unknown mode|02|Less than 50 miles|2022|1671||397||42.3||26.2|
01|00|0100000US|United States||07|Other prepared foodstuffs and fats and oils|30|z|Unknown mode|03|50 - 99 miles|2022|763||0|S|45.5||0|S
01|00|0100000US|United States||07|Other prepared foodstuffs and fats and oils|30|z|Unknown mode|04|100 - 249 miles|2022|806||333||20.3||29.4|
01|00|0100000US|United States||07|Other prepared foodstuffs and fats and oils|30|z|Unknown mode|05|250 - 499 miles|2022|2727||0|S|33.4||0|S
01|00|0100000US|United States||07|Other prepared foodstuffs and fats and oils|30|z|Unknown mode|06|500 - 749 miles|2022|1430||497||20.9||23.5|
01|00|0100000US|United States||07|Other prepared foodstuffs and fats and oils|30|z|Unknown mode|07|750 - 999 miles|2022|923||295||28.2||26.1|
01|00|0100000US|United States||07|Other prepared foodstuffs and fats and oils|30|z|Unknown mode|08|1,000 - 1,499 miles|2022|976||352||34.1||33.2|
01|00|0100000US|United States||07|Other prepared foodstuffs and fats and oils|30|z|Unknown mode|09|1,500 - 1,999 miles|2022|516||115||29.4||19.6|
01|00|0100000US|United States||07|Other prepared foodstuffs and fats and oils|30|z|Unknown mode|10|2,000 miles or more|2022|611||0|S|39.1||0|S
01|00|0100000US|United States||08|Alcoholic beverages|00||All modes|001|Total|2022|279144||129330||3.5||6|
01|00|0100000US|United States||08|Alcoholic beverages|00||All modes|02|Less than 50 miles|2022|158655||65859||3.8||8.2|
01|00|0100000US|United States||08|Alcoholic beverages|00||All modes|03|50 - 99 miles|2022|27005||11549||6.6||9.8|
01|00|0100000US|United States||08|Alcoholic beverages|00||All modes|04|100 - 249 miles|2022|30839||18809||11.7||13.6|
01|00|0100000US|United States||08|Alcoholic beverages|00||All modes|05|250 - 499 miles|2022|19704||12964||7.7||16.1|
01|00|0100000US|United States||08|Alcoholic beverages|00||All modes|06|500 - 749 miles|2022|12597||6727||12.1||14.3|
01|00|0100000US|United States||08|Alcoholic beverages|00||All modes|07|750 - 999 miles|2022|7486||4840||11.1||11.4|
01|00|0100000US|United States||08|Alcoholic beverages|00||All modes|08|1,000 - 1,499 miles|2022|9501||4475||14.6||11.6|
01|00|0100000US|United States||08|Alcoholic beverages|00||All modes|09|1,500 - 1,999 miles|2022|5845||2115||19.1||14.1|
01|00|0100000US|United States||08|Alcoholic beverages|00||All modes|10|2,000 miles or more|2022|7512||1993||17.7||12.1|
01|00|0100000US|United States||08|Alcoholic beverages|10||Single modes|001|Total|2022|265585||123195||3.6||6|
01|00|0100000US|United States||08|Alcoholic beverages|10||Single modes|02|Less than 50 miles|2022|155908||65081||3.9||8.3|
01|00|0100000US|United States||08|Alcoholic beverages|10||Single modes|03|50 - 99 miles|2022|25929||11274||7||9.8|
01|00|0100000US|United States||08|Alcoholic beverages|10||Single modes|04|100 - 249 miles|2022|29091||18084||11.4||13.2|
01|00|0100000US|United States||08|Alcoholic beverages|10||Single modes|05|250 - 499 miles|2022|18523||12666||8.4||16.8|
01|00|0100000US|United States||08|Alcoholic beverages|10||Single modes|06|500 - 749 miles|2022|11837||6283||13.1||16.3|
01|00|0100000US|United States||08|Alcoholic beverages|10||Single modes|07|750 - 999 miles|2022|5473||2821||15.3||13.9|
01|00|0100000US|United States||08|Alcoholic beverages|10||Single modes|08|1,000 - 1,499 miles|2022|8080||3421||19.1||11.3|
01|00|0100000US|United States||08|Alcoholic beverages|10||Single modes|09|1,500 - 1,999 miles|2022|5133||1981||20.7||14.7|
01|00|0100000US|United States||08|Alcoholic beverages|10||Single modes|10|2,000 miles or more|2022|5612||1583||25.3||16.5|
01|00|0100000US|United States||08|Alcoholic beverages|11|n|Truck|001|Total|2022|259265||117105||3.7||6.2|
01|00|0100000US|United States||08|Alcoholic beverages|11|n|Truck|02|Less than 50 miles|2022|154490||63571||3.9||8.3|
01|00|0100000US|United States||08|Alcoholic beverages|11|n|Truck|03|50 - 99 miles|2022|25853||11191||7||9.7|
01|00|0100000US|United States||08|Alcoholic beverages|11|n|Truck|04|100 - 249 miles|2022|28008||17282||12||14.1|
01|00|0100000US|United States||08|Alcoholic beverages|11|n|Truck|05|250 - 499 miles|2022|18171||12369||8.7||17.5|
01|00|0100000US|United States||08|Alcoholic beverages|11|n|Truck|06|500 - 749 miles|2022|11202||5414||13.8||16.2|
01|00|0100000US|United States||08|Alcoholic beverages|11|n|Truck|07|750 - 999 miles|2022|5065||2465||16.2||14.6|
01|00|0100000US|United States||08|Alcoholic beverages|11|n|Truck|08|1,000 - 1,499 miles|2022|6701||2027||25.3||18.8|
01|00|0100000US|United States||08|Alcoholic beverages|11|n|Truck|09|1,500 - 1,999 miles|2022|4829||1675||23.4||17.6|
01|00|0100000US|United States||08|Alcoholic beverages|11|n|Truck|10|2,000 miles or more|2022|4945||1111||30.6||27.3|
01|00|0100000US|United States||08|Alcoholic beverages|111||For-hire truck|001|Total|2022|77403||42847||7.6||12.2|
01|00|0100000US|United States||08|Alcoholic beverages|111||For-hire truck|02|Less than 50 miles|2022|16750||8549||14.6||14.6|
01|00|0100000US|United States||08|Alcoholic beverages|111||For-hire truck|03|50 - 99 miles|2022|5415||3581||13.8||20.6|
01|00|0100000US|United States||08|Alcoholic beverages|111||For-hire truck|04|100 - 249 miles|2022|12092||9817||10.4||16.2|
01|00|0100000US|United States||08|Alcoholic beverages|111||For-hire truck|05|250 - 499 miles|2022|13780||9445||10.8||22.3|
01|00|0100000US|United States||08|Alcoholic beverages|111||For-hire truck|06|500 - 749 miles|2022|9994||4736||13.5||18|
01|00|0100000US|United States||08|Alcoholic beverages|111||For-hire truck|07|750 - 999 miles|2022|4403||2182||13.5||15|
01|00|0100000US|United States||08|Alcoholic beverages|111||For-hire truck|08|1,000 - 1,499 miles|2022|6053||1899||25.6||19.3|
01|00|0100000US|United States||08|Alcoholic beverages|111||For-hire truck|09|1,500 - 1,999 miles|2022|4607||1629||24.5||18.2|
01|00|0100000US|United States||08|Alcoholic beverages|111||For-hire truck|10|2,000 miles or more|2022|4309||1008||29||26.9|
01|00|0100000US|United States||08|Alcoholic beverages|112||Company-owned truck|001|Total|2022|170571||70795||3.5||6.6|
01|00|0100000US|United States||08|Alcoholic beverages|112||Company-owned truck|02|Less than 50 miles|2022|130809||53253||3.7||8.4|
01|00|0100000US|United States||08|Alcoholic beverages|112||Company-owned truck|03|50 - 99 miles|2022|19341||7019||6.1||8.4|
01|00|0100000US|United States||08|Alcoholic beverages|112||Company-owned truck|04|100 - 249 miles|2022|15120||7074||17.8||28.5|
01|00|0100000US|United States||08|Alcoholic beverages|112||Company-owned truck|05|250 - 499 miles|2022|3838||2658||26||30.8|
01|00|0100000US|United States||08|Alcoholic beverages|112||Company-owned truck|06|500 - 749 miles|2022|868||583||17.4||17.1|
01|00|0100000US|United States||08|Alcoholic beverages|112||Company-owned truck|07|750 - 999 miles|2022|229||132||30.6||25.7|
01|00|0100000US|United States||08|Alcoholic beverages|112||Company-owned truck|08|1,000 - 1,499 miles|2022|264||59||42.3||26.7|
01|00|0100000US|United States||08|Alcoholic beverages|112||Company-owned truck|09|1,500 - 1,999 miles|2022|0|S|10||0|S|32.5|
01|00|0100000US|United States||08|Alcoholic beverages|112||Company-owned truck|10|2,000 miles or more|2022|0|S|6||0|S|43|
01|00|0100000US|United States||08|Alcoholic beverages|113|o|Customer pick-up|001|Total|2022|11291||3463||20.6||15.8|
01|00|0100000US|United States||08|Alcoholic beverages|113|o|Customer pick-up|02|Less than 50 miles|2022|6931||1768||20.5||15.7|
01|00|0100000US|United States||08|Alcoholic beverages|113|o|Customer pick-up|03|50 - 99 miles|2022|1096||591||18.8||23.1|
01|00|0100000US|United States||08|Alcoholic beverages|113|o|Customer pick-up|04|100 - 249 miles|2022|796||391||12.8||17.5|
01|00|0100000US|United States||08|Alcoholic beverages|113|o|Customer pick-up|05|250 - 499 miles|2022|554||266||31.3||46.6|
01|00|0100000US|United States||08|Alcoholic beverages|113|o|Customer pick-up|06|500 - 749 miles|2022|0|S|95||0|S|33.3|
01|00|0100000US|United States||08|Alcoholic beverages|113|o|Customer pick-up|07|750 - 999 miles|2022|0|S|151||0|S|33.2|
01|00|0100000US|United States||08|Alcoholic beverages|113|o|Customer pick-up|08|1,000 - 1,499 miles|2022|0|S|69||0|S|44|
01|00|0100000US|United States||08|Alcoholic beverages|113|o|Customer pick-up|09|1,500 - 1,999 miles|2022|0|S|0|S|0|S|0|S
01|00|0100000US|United States||08|Alcoholic beverages|113|o|Customer pick-up|10|2,000 miles or more|2022|0|S|0|S|0|S|0|S
01|00|0100000US|United States||08|Alcoholic beverages|12||Rail|001|Total|2022|5917||5708||20.2||22.2|
01|00|0100000US|United States||08|Alcoholic beverages|12||Rail|02|Less than 50 miles|2022|1224||0|S|44.8||0|S
01|00|0100000US|United States||08|Alcoholic beverages|12||Rail|03|50 - 99 miles|2022|0|S|0|S|0|S|0|S
01|00|0100000US|United States||08|Alcoholic beverages|12||Rail|04|100 - 249 miles|2022|994||699||31.5||25.2|
01|00|0100000US|United States||08|Alcoholic beverages|12||Rail|05|250 - 499 miles|2022|350||296||35.1||32.2|
01|00|0100000US|United States||08|Alcoholic beverages|12||Rail|06|500 - 749 miles|2022|632||0|S|35.4||0|S
01|00|0100000US|United States||08|Alcoholic beverages|12||Rail|07|750 - 999 miles|2022|393||0|S|46.1||0|S
01|00|0100000US|United States||08|Alcoholic beverages|12||Rail|08|1,000 - 1,499 miles|2022|1376||1393||24.4||30.9|
01|00|0100000US|United States||08|Alcoholic beverages|12||Rail|09|1,500 - 1,999 miles|2022|298||306||32.5||32.3|
01|00|0100000US|United States||08|Alcoholic beverages|12||Rail|10|2,000 miles or more|2022|577||465||39.1||42.2|
01|00|0100000US|United States||08|Alcoholic beverages|13||Water|001|Total|2022|0|S|0|S|0|S|0|S
01|00|0100000US|United States||08|Alcoholic beverages|13||Water|02|Less than 50 miles|2022|0|Z|0|Z|25.5||13.1|
01|00|0100000US|United States||08|Alcoholic beverages|13||Water|03|50 - 99 miles|2022|0|S|0|S|0|S|0|S
01|00|0100000US|United States||08|Alcoholic beverages|13||Water|04|100 - 249 miles|2022|0|S|0|S|0|S|0|S
01|00|0100000US|United States||08|Alcoholic beverages|13||Water|05|250 - 499 miles|2022|0|S|0|S|0|S|0|S
01|00|0100000US|United States||08|Alcoholic beverages|13||Water|06|500 - 749 miles|2022|0|S|0|S|0|S|0|S
01|00|0100000US|United States||08|Alcoholic beverages|13||Water|07|750 - 999 miles|2022|0|S|0|S|0|S|0|S
01|00|0100000US|United States||08|Alcoholic beverages|13||Water|08|1,000 - 1,499 miles|2022|0|S|0|S|0|S|0|S
01|00|0100000US|United States||08|Alcoholic beverages|13||Water|10|2,000 miles or more|2022|0|S|0|S|0|S|0|S
01|00|0100000US|United States||08|Alcoholic beverages|131||Inland water|001|Total|2022|0|Z|0|Z|48.4||37.9|
01|00|0100000US|United States||08|Alcoholic beverages|131||Inland water|02|Less than 50 miles|2022|0|Z|0|Z|25.5||13.1|
01|00|0100000US|United States||08|Alcoholic beverages|131||Inland water|03|50 - 99 miles|2022|0|S|0|S|0|S|0|S
01|00|0100000US|United States||08|Alcoholic beverages|132||Great Lakes|001|Total|2022|0|S|0|S|0|S|0|S
01|00|0100000US|United States||08|Alcoholic beverages|132||Great Lakes|04|100 - 249 miles|2022|0|S|0|S|0|S|0|S
01|00|0100000US|United States||08|Alcoholic beverages|132||Great Lakes|05|250 - 499 miles|2022|0|S|0|S|0|S|0|S
01|00|0100000US|United States||08|Alcoholic beverages|132||Great Lakes|06|500 - 749 miles|2022|0|S|0|S|0|S|0|S
01|00|0100000US|United States||08|Alcoholic beverages|132||Great Lakes|07|750 - 999 miles|2022|0|S|0|S|0|S|0|S
01|00|0100000US|United States||08|Alcoholic beverages|132||Great Lakes|08|1,000 - 1,499 miles|2022|0|S|0|S|0|S|0|S
01|00|0100000US|United States||08|Alcoholic beverages|133||Deep sea|001|Total|2022|0|S|0|S|0|S|0|S
01|00|0100000US|United States||08|Alcoholic beverages|133||Deep sea|10|2,000 miles or more|2022|0|S|0|S|0|S|0|S
01|00|0100000US|United States||08|Alcoholic beverages|14||Air (includes truck and air)|001|Total|2022|0|S|0|S|0|S|0|S
01|00|0100000US|United States||08|Alcoholic beverages|14||Air (includes truck and air)|03|50 - 99 miles|2022|0|S|0|Z|0|S|36|
01|00|0100000US|United States||08|Alcoholic beverages|14||Air (includes truck and air)|04|100 - 249 miles|2022|0|S|0|S|0|S|0|S
01|00|0100000US|United States||08|Alcoholic beverages|14||Air (includes truck and air)|05|250 - 499 miles|2022|0|S|0|S|0|S|0|S
01|00|0100000US|United States||08|Alcoholic beverages|14||Air (includes truck and air)|06|500 - 749 miles|2022|0|S|0|S|0|S|0|S
01|00|0100000US|United States||08|Alcoholic beverages|14||Air (includes truck and air)|07|750 - 999 miles|2022|0|S|0|S|0|S|0|S
01|00|0100000US|United States||08|Alcoholic beverages|14||Air (includes truck and air)|08|1,000 - 1,499 miles|2022|0|S|0|S|0|S|0|S
01|00|0100000US|United States||08|Alcoholic beverages|14||Air (includes truck and air)|09|1,500 - 1,999 miles|2022|0|S|0|S|0|S|0|S
01|00|0100000US|United States||08|Alcoholic beverages|14||Air (includes truck and air)|10|2,000 miles or more|2022|0|S|0|S|0|S|0|S
01|00|0100000US|United States||08|Alcoholic beverages|15||Pipeline|001|Total|2022|274||365||12.6||11.1|
01|00|0100000US|United States||08|Alcoholic beverages|15||Pipeline|02|Less than 50 miles|2022|195||263||7.4||5.6|
01|00|0100000US|United States||08|Alcoholic beverages|15||Pipeline|04|100 - 249 miles|2022|0|S|0|S|0|S|0|S
01|00|0100000US|United States||08|Alcoholic beverages|20||Multiple modes|001|Total|2022|12628||5837||8.9||13|
01|00|0100000US|United States||08|Alcoholic beverages|20||Multiple modes|02|Less than 50 miles|2022|2104||546||17.3||22.3|
01|00|0100000US|United States||08|Alcoholic beverages|20||Multiple modes|03|50 - 99 miles|2022|1037||256||17.6||28.1|
01|00|0100000US|United States||08|Alcoholic beverages|20||Multiple modes|04|100 - 249 miles|2022|1683||710||26.5||44.4|
01|00|0100000US|United States||08|Alcoholic beverages|20||Multiple modes|05|250 - 499 miles|2022|1171||295||11.3||35.2|
01|00|0100000US|United States||08|Alcoholic beverages|20||Multiple modes|06|500 - 749 miles|2022|697||430||21.8||39|
01|00|0100000US|United States||08|Alcoholic beverages|20||Multiple modes|07|750 - 999 miles|2022|2003||2018||14||19.4|
01|00|0100000US|United States||08|Alcoholic beverages|20||Multiple modes|08|1,000 - 1,499 miles|2022|1373||1045||24.9||42.1|
01|00|0100000US|United States||08|Alcoholic beverages|20||Multiple modes|09|1,500 - 1,999 miles|2022|689||131||18.2||39.3|
01|00|0100000US|United States||08|Alcoholic beverages|20||Multiple modes|10|2,000 miles or more|2022|1872||406||22.1||23.9|
01|00|0100000US|United States||08|Alcoholic beverages|21||Parcel, U.S.P.S. or courier|001|Total|2022|6611||337||14.1||14.7|
01|00|0100000US|United States||08|Alcoholic beverages|21||Parcel, U.S.P.S. or courier|02|Less than 50 miles|2022|1205||58||29.2||16|
01|00|0100000US|United States||08|Alcoholic beverages|21||Parcel, U.S.P.S. or courier|03|50 - 99 miles|2022|734||42||19.4||23.9|
01|00|0100000US|United States||08|Alcoholic beverages|21||Parcel, U.S.P.S. or courier|04|100 - 249 miles|2022|724||51||24||34.2|
01|00|0100000US|United States||08|Alcoholic beverages|21||Parcel, U.S.P.S. or courier|05|250 - 499 miles|2022|833||43||12.9||16|
01|00|0100000US|United States||08|Alcoholic beverages|21||Parcel, U.S.P.S. or courier|06|500 - 749 miles|2022|313||21||15.8||26.1|
01|00|0100000US|United States||08|Alcoholic beverages|21||Parcel, U.S.P.S. or courier|07|750 - 999 miles|2022|292||16||16.4||20.3|
01|00|0100000US|United States||08|Alcoholic beverages|21||Parcel, U.S.P.S. or courier|08|1,000 - 1,499 miles|2022|448||21||24.6||26.6|
01|00|0100000US|United States||08|Alcoholic beverages|21||Parcel, U.S.P.S. or courier|09|1,500 - 1,999 miles|2022|559||22||21.2||22.2|
01|00|0100000US|United States||08|Alcoholic beverages|21||Parcel, U.S.P.S. or courier|10|2,000 miles or more|2022|1502||63||27.7||31.3|
01|00|0100000US|United States||08|Alcoholic beverages|22||Truck and rail|001|Total|2022|5405||5094||12.6||13.8|
01|00|0100000US|United States||08|Alcoholic beverages|22||Truck and rail|02|Less than 50 miles|2022|765||433||21||27.8|
01|00|0100000US|United States||08|Alcoholic beverages|22||Truck and rail|03|50 - 99 miles|2022|243||186||31.8||33.4|
01|00|0100000US|United States||08|Alcoholic beverages|22||Truck and rail|04|100 - 249 miles|2022|873||616||46.3||47|
01|00|0100000US|United States||08|Alcoholic beverages|22||Truck and rail|05|250 - 499 miles|2022|327||247||39.1||38.8|
01|00|0100000US|United States||08|Alcoholic beverages|22||Truck and rail|06|500 - 749 miles|2022|358||386||29.8||39.8|
01|00|0100000US|United States||08|Alcoholic beverages|22||Truck and rail|07|750 - 999 miles|2022|1661||1977||17||19.7|
01|00|0100000US|United States||08|Alcoholic beverages|22||Truck and rail|08|1,000 - 1,499 miles|2022|910||1017||31.6||40.6|
01|00|0100000US|United States||08|Alcoholic beverages|22||Truck and rail|09|1,500 - 1,999 miles|2022|0|S|105||0|S|44.2|
01|00|0100000US|United States||08|Alcoholic beverages|22||Truck and rail|10|2,000 miles or more|2022|0|S|126||0|S|38.8|
01|00|0100000US|United States||08|Alcoholic beverages|23||Truck and water|001|Total|2022|590||397||27.8||24.1|
01|00|0100000US|United States||08|Alcoholic beverages|23||Truck and water|02|Less than 50 miles|2022|0|S|0|S|0|S|0|S
01|00|0100000US|United States||08|Alcoholic beverages|23||Truck and water|03|50 - 99 miles|2022|0|S|0|S|0|S|0|S
01|00|0100000US|United States||08|Alcoholic beverages|23||Truck and water|04|100 - 249 miles|2022|85||0|S|45.3||0|S
01|00|0100000US|United States||08|Alcoholic beverages|23||Truck and water|05|250 - 499 miles|2022|0|S|0|S|0|S|0|S
01|00|0100000US|United States||08|Alcoholic beverages|23||Truck and water|06|500 - 749 miles|2022|26||0|S|15||0|S
01|00|0100000US|United States||08|Alcoholic beverages|23||Truck and water|07|750 - 999 miles|2022|0|S|0|S|0|S|0|S
01|00|0100000US|United States||08|Alcoholic beverages|23||Truck and water|08|1,000 - 1,499 miles|2022|0|S|0|S|0|S|0|S
01|00|0100000US|United States||08|Alcoholic beverages|23||Truck and water|09|1,500 - 1,999 miles|2022|0|S|0|S|0|S|0|S
01|00|0100000US|United States||08|Alcoholic beverages|23||Truck and water|10|2,000 miles or more|2022|225||216||20.3||30.1|
01|00|0100000US|United States||08|Alcoholic beverages|24||Rail and water|001|Total|2022|0|S|0|S|0|S|0|S
01|00|0100000US|United States||08|Alcoholic beverages|24||Rail and water|02|Less than 50 miles|2022|0|S|0|S|0|S|0|S
01|00|0100000US|United States||08|Alcoholic beverages|24||Rail and water|03|50 - 99 miles|2022|0|S|0|S|0|S|0|S
01|00|0100000US|United States||08|Alcoholic beverages|25|x|Other multiple modes|001|Total|2022|0|S|1||0|S|43.1|
01|00|0100000US|United States||08|Alcoholic beverages|25|x|Other multiple modes|02|Less than 50 miles|2022|1||0|S|37.7||0|S
01|00|0100000US|United States||08|Alcoholic beverages|25|x|Other multiple modes|03|50 - 99 miles|2022|0|S|0|S|0|S|0|S
01|00|0100000US|United States||08|Alcoholic beverages|25|x|Other multiple modes|10|2,000 miles or more|2022|0|S|0|S|0|S|0|S
01|00|0100000US|United States||08|Alcoholic beverages|30|z|Unknown mode|001|Total|2022|931||299||37.5||49.8|
01|00|0100000US|United States||08|Alcoholic beverages|30|z|Unknown mode|02|Less than 50 miles|2022|642||0|S|46.6||0|S
01|00|0100000US|United States||08|Alcoholic beverages|30|z|Unknown mode|03|50 - 99 miles|2022|0|S|0|S|0|S|0|S
01|00|0100000US|United States||08|Alcoholic beverages|30|z|Unknown mode|04|100 - 249 miles|2022|0|S|0|S|0|S|0|S
01|00|0100000US|United States||08|Alcoholic beverages|30|z|Unknown mode|05|250 - 499 miles|2022|0|S|0|S|0|S|0|S
01|00|0100000US|United States||08|Alcoholic beverages|30|z|Unknown mode|06|500 - 749 miles|2022|0|S|0|S|0|S|0|S
01|00|0100000US|United States||08|Alcoholic beverages|30|z|Unknown mode|07|750 - 999 miles|2022|0|S|0|S|0|S|0|S
01|00|0100000US|United States||08|Alcoholic beverages|30|z|Unknown mode|08|1,000 - 1,499 miles|2022|0|S|9||0|S|39.2|
01|00|0100000US|United States||08|Alcoholic beverages|30|z|Unknown mode|09|1,500 - 1,999 miles|2022|22||4||48||49.2|
01|00|0100000US|United States||08|Alcoholic beverages|30|z|Unknown mode|10|2,000 miles or more|2022|0|S|0|S|0|S|0|S
01|00|0100000US|United States||09|Tobacco products|00||All modes|001|Total|2022|90931||4865||12||12.9|
01|00|0100000US|United States||09|Tobacco products|00||All modes|02|Less than 50 miles|2022|42602||2344||22.7||23.6|
01|00|0100000US|United States||09|Tobacco products|00||All modes|03|50 - 99 miles|2022|8659||423||18.6||25.7|
01|00|0100000US|United States||09|Tobacco products|00||All modes|04|100 - 249 miles|2022|10766||536||12.1||18.1|
01|00|0100000US|United States||09|Tobacco products|00||All modes|05|250 - 499 miles|2022|6529||320||17.4||15.7|
01|00|0100000US|United States||09|Tobacco products|00||All modes|06|500 - 749 miles|2022|7362||504||19.5||23.1|
01|00|0100000US|United States||09|Tobacco products|00||All modes|07|750 - 999 miles|2022|5388||327||32.8||32.4|
01|00|0100000US|United States||09|Tobacco products|00||All modes|08|1,000 - 1,499 miles|2022|3854||153||17.1||17.6|
01|00|0100000US|United States||09|Tobacco products|00||All modes|09|1,500 - 1,999 miles|2022|2532||122||14.7||19.2|
01|00|0100000US|United States||09|Tobacco products|00||All modes|10|2,000 miles or more|2022|3237||136||13.4||20.8|
01|00|0100000US|United States||09|Tobacco products|10||Single modes|001|Total|2022|74084||4078||14.5||16|
01|00|0100000US|United States||09|Tobacco products|10||Single modes|02|Less than 50 miles|2022|41019||2256||23.9||24.9|
01|00|0100000US|United States||09|Tobacco products|10||Single modes|03|50 - 99 miles|2022|7795||394||21.1||27.9|
01|00|0100000US|United States||09|Tobacco products|10||Single modes|04|100 - 249 miles|2022|8879||429||14.4||23|
01|00|0100000US|United States||09|Tobacco products|10||Single modes|05|250 - 499 miles|2022|4412||194||22.4||21.3|
01|00|0100000US|United States||09|Tobacco products|10||Single modes|06|500 - 749 miles|2022|5301||422||23.8||26.3|
01|00|0100000US|United States||09|Tobacco products|10||Single modes|07|750 - 999 miles|2022|3014||210||44.9||46.9|
01|00|0100000US|United States||09|Tobacco products|10||Single modes|08|1,000 - 1,499 miles|2022|1834||75||24.2||22.6|
01|00|0100000US|United States||09|Tobacco products|10||Single modes|09|1,500 - 1,999 miles|2022|905||50||22.3||23.9|
01|00|0100000US|United States||09|Tobacco products|10||Single modes|10|2,000 miles or more|2022|925||47||34.2||34.2|
01|00|0100000US|United States||09|Tobacco products|11|n|Truck|001|Total|2022|73647||4020||14.7||16.2|
01|00|0100000US|United States||09|Tobacco products|11|n|Truck|02|Less than 50 miles|2022|40890||2248||24||25|
01|00|0100000US|United States||09|Tobacco products|11|n|Truck|03|50 - 99 miles|2022|7795||394||21.1||27.9|
01|00|0100000US|United States||09|Tobacco products|11|n|Truck|04|100 - 249 miles|2022|8805||418||14.1||22.5|
01|00|0100000US|United States||09|Tobacco products|11|n|Truck|05|250 - 499 miles|2022|4393||186||22.6||22.7|
01|00|0100000US|United States||09|Tobacco products|11|n|Truck|06|500 - 749 miles|2022|5280||415||23.7||26.4|
01|00|0100000US|United States||09|Tobacco products|11|n|Truck|07|750 - 999 miles|2022|2980||201||44.6||48.7|
01|00|0100000US|United States||09|Tobacco products|11|n|Truck|08|1,000 - 1,499 miles|2022|1817||70||24.6||22.6|
01|00|0100000US|United States||09|Tobacco products|11|n|Truck|09|1,500 - 1,999 miles|2022|889||47||22.8||21.5|
01|00|0100000US|United States||09|Tobacco products|11|n|Truck|10|2,000 miles or more|2022|797||40||39.6||39.6|
01|00|0100000US|United States||09|Tobacco products|111||For-hire truck|001|Total|2022|50473||3212||22.2||21.5|
01|00|0100000US|United States||09|Tobacco products|111||For-hire truck|02|Less than 50 miles|2022|29156||1873||33.7||31.4|
01|00|0100000US|United States||09|Tobacco products|111||For-hire truck|03|50 - 99 miles|2022|0|S|253||0|S|47.5|
01|00|0100000US|United States||09|Tobacco products|111||For-hire truck|04|100 - 249 miles|2022|3325||178||14.8||27.3|
01|00|0100000US|United States||09|Tobacco products|111||For-hire truck|05|250 - 499 miles|2022|3544||142||27.6||27.5|
01|00|0100000US|United States||09|Tobacco products|111||For-hire truck|06|500 - 749 miles|2022|5232||413||23.9||26.4|
01|00|0100000US|United States||09|Tobacco products|111||For-hire truck|07|750 - 999 miles|2022|2956||201||45.1||48.9|
01|00|0100000US|United States||09|Tobacco products|111||For-hire truck|08|1,000 - 1,499 miles|2022|1776||69||25.4||22.9|
01|00|0100000US|United States||09|Tobacco products|111||For-hire truck|09|1,500 - 1,999 miles|2022|743||44||28.1||21.1|
01|00|0100000US|United States||09|Tobacco products|111||For-hire truck|10|2,000 miles or more|2022|619||38||47.6||41.4|
01|00|0100000US|United States||09|Tobacco products|112||Company-owned truck|001|Total|2022|20878||771||16.4||27.6|
01|00|0100000US|United States||09|Tobacco products|112||Company-owned truck|02|Less than 50 miles|2022|10262||350||11.7||25.9|
01|00|0100000US|United States||09|Tobacco products|112||Company-owned truck|03|50 - 99 miles|2022|4445||139||15.4||25|
01|00|0100000US|United States||09|Tobacco products|112||Company-owned truck|04|100 - 249 miles|2022|5430||239||26.7||36.5|
01|00|0100000US|United States||09|Tobacco products|112||Company-owned truck|05|250 - 499 miles|2022|0|S|0|S|0|S|0|S
01|00|0100000US|United States||09|Tobacco products|112||Company-owned truck|06|500 - 749 miles|2022|21||1||43.8||48.1|
01|00|0100000US|United States||09|Tobacco products|112||Company-owned truck|07|750 - 999 miles|2022|0|S|0|S|0|S|0|S
01|00|0100000US|United States||09|Tobacco products|112||Company-owned truck|08|1,000 - 1,499 miles|2022|0|S|0|Z|0|S|47.9|
01|00|0100000US|United States||09|Tobacco products|112||Company-owned truck|09|1,500 - 1,999 miles|2022|0|S|0|S|0|S|0|S
01|00|0100000US|United States||09|Tobacco products|112||Company-owned truck|10|2,000 miles or more|2022|0|S|0|S|0|S|0|S
01|00|0100000US|United States||09|Tobacco products|113|o|Customer pick-up|001|Total|2022|0|S|37||0|S|49.4|
01|00|0100000US|United States||09|Tobacco products|113|o|Customer pick-up|02|Less than 50 miles|2022|0|S|0|S|0|S|0|S
01|00|0100000US|United States||09|Tobacco products|113|o|Customer pick-up|03|50 - 99 miles|2022|0|S|0|S|0|S|0|S
01|00|0100000US|United States||09|Tobacco products|113|o|Customer pick-up|04|100 - 249 miles|2022|49||1||28.5||32.3|
01|00|0100000US|United States||09|Tobacco products|113|o|Customer pick-up|05|250 - 499 miles|2022|0|S|0|S|0|S|0|S
01|00|0100000US|United States||09|Tobacco products|113|o|Customer pick-up|06|500 - 749 miles|2022|0|S|0|S|0|S|0|S
01|00|0100000US|United States||09|Tobacco products|113|o|Customer pick-up|07|750 - 999 miles|2022|0|S|0|S|0|S|0|S
01|00|0100000US|United States||09|Tobacco products|113|o|Customer pick-up|08|1,000 - 1,499 miles|2022|0|S|0|S|0|S|0|S
01|00|0100000US|United States||09|Tobacco products|113|o|Customer pick-up|09|1,500 - 1,999 miles|2022|0|S|0|S|0|S|0|S
01|00|0100000US|United States||09|Tobacco products|113|o|Customer pick-up|10|2,000 miles or more|2022|0|S|0|S|0|S|0|S
01|00|0100000US|United States||09|Tobacco products|12||Rail|001|Total|2022|0|S|23||0|S|7.7|
01|00|0100000US|United States||09|Tobacco products|12||Rail|02|Less than 50 miles|2022|0|S|0|S|0|S|0|S
01|00|0100000US|United States||09|Tobacco products|12||Rail|04|100 - 249 miles|2022|0|S|7||0|S|5.3|
01|00|0100000US|United States||09|Tobacco products|12||Rail|06|500 - 749 miles|2022|0|S|0|S|0|S|0|S
01|00|0100000US|United States||09|Tobacco products|12||Rail|07|750 - 999 miles|2022|0|S|0|S|0|S|0|S
01|00|0100000US|United States||09|Tobacco products|14||Air (includes truck and air)|001|Total|2022|201||0|S|45.6||0|S
01|00|0100000US|United States||09|Tobacco products|14||Air (includes truck and air)|04|100 - 249 miles|2022|0|S|0|S|0|S|0|S
01|00|0100000US|United States||09|Tobacco products|14||Air (includes truck and air)|05|250 - 499 miles|2022|0|S|0|S|0|S|0|S
01|00|0100000US|United States||09|Tobacco products|14||Air (includes truck and air)|06|500 - 749 miles|2022|0|S|0|S|0|S|0|S
01|00|0100000US|United States||09|Tobacco products|14||Air (includes truck and air)|07|750 - 999 miles|2022|7||0|S|43.3||0|S
01|00|0100000US|United States||09|Tobacco products|14||Air (includes truck and air)|08|1,000 - 1,499 miles|2022|17||0|S|42.8||0|S
01|00|0100000US|United States||09|Tobacco products|14||Air (includes truck and air)|09|1,500 - 1,999 miles|2022|16||0|S|46.1||0|S
01|00|0100000US|United States||09|Tobacco products|14||Air (includes truck and air)|10|2,000 miles or more|2022|0|S|0|S|0|S|0|S
01|00|0100000US|United States||09|Tobacco products|20||Multiple modes|001|Total|2022|16539||762||8.3||13.5|
01|00|0100000US|United States||09|Tobacco products|20||Multiple modes|02|Less than 50 miles|2022|1440||79||32.2||26.5|
01|00|0100000US|United States||09|Tobacco products|20||Multiple modes|03|50 - 99 miles|2022|846||28||22.7||22.1|
01|00|0100000US|United States||09|Tobacco products|20||Multiple modes|04|100 - 249 miles|2022|1798||96||9||23|
01|00|0100000US|United States||09|Tobacco products|20||Multiple modes|05|250 - 499 miles|2022|2099||122||12.6||25|
01|00|0100000US|United States||09|Tobacco products|20||Multiple modes|06|500 - 749 miles|2022|2052||82||13.4||17.5|
01|00|0100000US|United States||09|Tobacco products|20||Multiple modes|07|750 - 999 miles|2022|2367||117||19.9||25.4|
01|00|0100000US|United States||09|Tobacco products|20||Multiple modes|08|1,000 - 1,499 miles|2022|2015||78||12.9||16.4|
01|00|0100000US|United States||09|Tobacco products|20||Multiple modes|09|1,500 - 1,999 miles|2022|1623||72||16||17.9|
01|00|0100000US|United States||09|Tobacco products|20||Multiple modes|10|2,000 miles or more|2022|2299||89||8.1||15.7|
01|00|0100000US|United States||09|Tobacco products|21||Parcel, U.S.P.S. or courier|001|Total|2022|15981||693||8.3||13.9|
01|00|0100000US|United States||09|Tobacco products|21||Parcel, U.S.P.S. or courier|02|Less than 50 miles|2022|1403||72||33||29.4|
01|00|0100000US|United States||09|Tobacco products|21||Parcel, U.S.P.S. or courier|03|50 - 99 miles|2022|846||28||22.7||22.1|
01|00|0100000US|United States||09|Tobacco products|21||Parcel, U.S.P.S. or courier|04|100 - 249 miles|2022|1679||89||12.3||25.8|
01|00|0100000US|United States||09|Tobacco products|21||Parcel, U.S.P.S. or courier|05|250 - 499 miles|2022|2091||121||12.9||25.2|
01|00|0100000US|United States||09|Tobacco products|21||Parcel, U.S.P.S. or courier|06|500 - 749 miles|2022|2049||82||13.4||17.5|
01|00|0100000US|United States||09|Tobacco products|21||Parcel, U.S.P.S. or courier|07|750 - 999 miles|2022|2042||73||15||13|
01|00|0100000US|United States||09|Tobacco products|21||Parcel, U.S.P.S. or courier|08|1,000 - 1,499 miles|2022|2015||78||12.9||16.5|
01|00|0100000US|United States||09|Tobacco products|21||Parcel, U.S.P.S. or courier|09|1,500 - 1,999 miles|2022|1560||62||16.5||15.3|
01|00|0100000US|United States||09|Tobacco products|21||Parcel, U.S.P.S. or courier|10|2,000 miles or more|2022|2297||89||8.2||15.7|
01|00|0100000US|United States||09|Tobacco products|22||Truck and rail|001|Total|2022|0|S|0|S|0|S|0|S
01|00|0100000US|United States||09|Tobacco products|22||Truck and rail|02|Less than 50 miles|2022|0|S|0|S|0|S|0|S
01|00|0100000US|United States||09|Tobacco products|22||Truck and rail|06|500 - 749 miles|2022|0|S|0|S|0|S|0|S
01|00|0100000US|United States||09|Tobacco products|22||Truck and rail|07|750 - 999 miles|2022|325||44||34.8||31.1|
01|00|0100000US|United States||09|Tobacco products|22||Truck and rail|10|2,000 miles or more|2022|0|S|0|S|0|S|0|S
01|00|0100000US|United States||09|Tobacco products|23||Truck and water|001|Total|2022|0|S|0|S|0|S|0|S
01|00|0100000US|United States||09|Tobacco products|23||Truck and water|02|Less than 50 miles|2022|0|S|0|S|0|S|0|S
01|00|0100000US|United States||09|Tobacco products|23||Truck and water|04|100 - 249 miles|2022|0|S|0|S|0|S|0|S
01|00|0100000US|United States||09|Tobacco products|23||Truck and water|05|250 - 499 miles|2022|0|S|0|S|0|S|0|S
01|00|0100000US|United States||09|Tobacco products|23||Truck and water|06|500 - 749 miles|2022|0|S|0|S|0|S|0|S
01|00|0100000US|United States||09|Tobacco products|23||Truck and water|08|1,000 - 1,499 miles|2022|0|Z|0|S|43.8||0|S
01|00|0100000US|United States||09|Tobacco products|23||Truck and water|09|1,500 - 1,999 miles|2022|0|S|0|S|0|S|0|S
01|00|0100000US|United States||09|Tobacco products|23||Truck and water|10|2,000 miles or more|2022|0|S|0|S|0|S|0|S
01|00|0100000US|United States||09|Tobacco products|30|z|Unknown mode|001|Total|2022|307||25||25.2||43.7|
01|00|0100000US|United States||09|Tobacco products|30|z|Unknown mode|02|Less than 50 miles|2022|142||9||38.6||45.1|
01|00|0100000US|United States||09|Tobacco products|30|z|Unknown mode|03|50 - 99 miles|2022|18||0|S|46.1||0|S
01|00|0100000US|United States||09|Tobacco products|30|z|Unknown mode|04|100 - 249 miles|2022|0|S|0|S|0|S|0|S
01|00|0100000US|United States||09|Tobacco products|30|z|Unknown mode|05|250 - 499 miles|2022|19||0|S|37.6||0|S
01|00|0100000US|United States||09|Tobacco products|30|z|Unknown mode|06|500 - 749 miles|2022|0|S|0|Z|0|S|33.3|
01|00|0100000US|United States||09|Tobacco products|30|z|Unknown mode|07|750 - 999 miles|2022|0|S|0|Z|0|S|43.6|
01|00|0100000US|United States||09|Tobacco products|30|z|Unknown mode|08|1,000 - 1,499 miles|2022|0|S|0|S|0|S|0|S
01|00|0100000US|United States||09|Tobacco products|30|z|Unknown mode|09|1,500 - 1,999 miles|2022|4||0|S|46.9||0|S
01|00|0100000US|United States||09|Tobacco products|30|z|Unknown mode|10|2,000 miles or more|2022|0|S|0|Z|0|S|46.7|
01|00|0100000US|United States||10|Monumental or building stone|00||All modes|001|Total|2022|7751||9152||21||22.1|
01|00|0100000US|United States||10|Monumental or building stone|00||All modes|02|Less than 50 miles|2022|3340||4077||22.3||31.2|
01|00|0100000US|United States||10|Monumental or building stone|00||All modes|03|50 - 99 miles|2022|594||1196||29.7||39.5|
01|00|0100000US|United States||10|Monumental or building stone|00||All modes|04|100 - 249 miles|2022|1688||2210||40.5||44.2|
01|00|0100000US|United States||10|Monumental or building stone|00||All modes|05|250 - 499 miles|2022|696||729||27.2||43.2|
01|00|0100000US|United States||10|Monumental or building stone|00||All modes|06|500 - 749 miles|2022|405||320||38.3||33.3|
01|00|0100000US|United States||10|Monumental or building stone|00||All modes|07|750 - 999 miles|2022|0|S|0|S|0|S|0|S
01|00|0100000US|United States||10|Monumental or building stone|00||All modes|08|1,000 - 1,499 miles|2022|241||155||32.7||25.9|
01|00|0100000US|United States||10|Monumental or building stone|00||All modes|09|1,500 - 1,999 miles|2022|208||167||31||23.7|
01|00|0100000US|United States||10|Monumental or building stone|00||All modes|10|2,000 miles or more|2022|0|S|0|S|0|S|0|S
01|00|0100000US|United States||10|Monumental or building stone|10||Single modes|001|Total|2022|7621||9004||21.5||22.1|
01|00|0100000US|United States||10|Monumental or building stone|10||Single modes|02|Less than 50 miles|2022|3283||3984||23||30.5|
01|00|0100000US|United States||10|Monumental or building stone|10||Single modes|03|50 - 99 miles|2022|585||1172||30.2||40.2|
01|00|0100000US|United States||10|Monumental or building stone|10||Single modes|04|100 - 249 miles|2022|1674||2202||40.6||44.3|
01|00|0100000US|United States||10|Monumental or building stone|10||Single modes|05|250 - 499 miles|2022|687||727||27.7||43.3|
01|00|0100000US|United States||10|Monumental or building stone|10||Single modes|06|500 - 749 miles|2022|390||304||38.6||33.6|
01|00|0100000US|United States||10|Monumental or building stone|10||Single modes|07|750 - 999 miles|2022|0|S|0|S|0|S|0|S
01|00|0100000US|United States||10|Monumental or building stone|10||Single modes|08|1,000 - 1,499 miles|2022|232||153||33.5||26.2|
01|00|0100000US|United States||10|Monumental or building stone|10||Single modes|09|1,500 - 1,999 miles|2022|206||167||30.7||23.8|
01|00|0100000US|United States||10|Monumental or building stone|10||Single modes|10|2,000 miles or more|2022|0|S|0|S|0|S|0|S
01|00|0100000US|United States||10|Monumental or building stone|11|n|Truck|001|Total|2022|7600||8938||21.7||22.3|
01|00|0100000US|United States||10|Monumental or building stone|11|n|Truck|02|Less than 50 miles|2022|3267||3966||23.2||30.8|
01|00|0100000US|United States||10|Monumental or building stone|11|n|Truck|03|50 - 99 miles|2022|580||1123||30.4||41.8|
01|00|0100000US|United States||10|Monumental or building stone|11|n|Truck|04|100 - 249 miles|2022|1674||2202||40.6||44.3|
01|00|0100000US|United States||10|Monumental or building stone|11|n|Truck|05|250 - 499 miles|2022|687||727||27.7||43.3|
01|00|0100000US|United States||10|Monumental or building stone|11|n|Truck|06|500 - 749 miles|2022|390||304||38.6||33.6|
01|00|0100000US|United States||10|Monumental or building stone|11|n|Truck|07|750 - 999 miles|2022|0|S|0|S|0|S|0|S
01|00|0100000US|United States||10|Monumental or building stone|11|n|Truck|08|1,000 - 1,499 miles|2022|232||153||33.5||26.2|
01|00|0100000US|United States||10|Monumental or building stone|11|n|Truck|09|1,500 - 1,999 miles|2022|206||167||30.7||23.8|
01|00|0100000US|United States||10|Monumental or building stone|11|n|Truck|10|2,000 miles or more|2022|0|S|0|S|0|S|0|S
01|00|0100000US|United States||10|Monumental or building stone|111||For-hire truck|001|Total|2022|5451||5107||27.5||33.1|
01|00|0100000US|United States||10|Monumental or building stone|111||For-hire truck|02|Less than 50 miles|2022|1876||1261||32.7||27.8|
01|00|0100000US|United States||10|Monumental or building stone|111||For-hire truck|03|50 - 99 miles|2022|361||594||36.8||37|
01|00|0100000US|United States||10|Monumental or building stone|111||For-hire truck|04|100 - 249 miles|2022|1357||0|S|46.9||0|S
01|00|0100000US|United States||10|Monumental or building stone|111||For-hire truck|05|250 - 499 miles|2022|579||603||29.9||47.4|
01|00|0100000US|United States||10|Monumental or building stone|111||For-hire truck|06|500 - 749 miles|2022|372||271||38.2||37.6|
01|00|0100000US|United States||10|Monumental or building stone|111||For-hire truck|07|750 - 999 miles|2022|0|S|0|S|0|S|0|S
01|00|0100000US|United States||10|Monumental or building stone|111||For-hire truck|08|1,000 - 1,499 miles|2022|219||132||34.2||30.3|
01|00|0100000US|United States||10|Monumental or building stone|111||For-hire truck|09|1,500 - 1,999 miles|2022|156||105||40.8||31.1|
01|00|0100000US|United States||10|Monumental or building stone|111||For-hire truck|10|2,000 miles or more|2022|0|S|0|S|0|S|0|S
01|00|0100000US|United States||10|Monumental or building stone|112||Company-owned truck|001|Total|2022|1791||2968||28.7||39.1|
01|00|0100000US|United States||10|Monumental or building stone|112||Company-owned truck|02|Less than 50 miles|2022|1253||2295||28.2||43.1|
01|00|0100000US|United States||10|Monumental or building stone|112||Company-owned truck|03|50 - 99 miles|2022|188||0|S|41.6||0|S
01|00|0100000US|United States||10|Monumental or building stone|112||Company-owned truck|04|100 - 249 miles|2022|273||223||44.7||47.6|
01|00|0100000US|United States||10|Monumental or building stone|112||Company-owned truck|05|250 - 499 miles|2022|0|S|0|S|0|S|0|S
01|00|0100000US|United States||10|Monumental or building stone|112||Company-owned truck|07|750 - 999 miles|2022|0|S|0|S|0|S|0|S
01|00|0100000US|United States||10|Monumental or building stone|113|o|Customer pick-up|001|Total|2022|358||862||24.1||29.1|
01|00|0100000US|United States||10|Monumental or building stone|113|o|Customer pick-up|02|Less than 50 miles|2022|138||411||40||40.6|
01|00|0100000US|United States||10|Monumental or building stone|113|o|Customer pick-up|03|50 - 99 miles|2022|31||110||27.6||31.8|
01|00|0100000US|United States||10|Monumental or building stone|113|o|Customer pick-up|04|100 - 249 miles|2022|44||104||24.9||36.9|
01|00|0100000US|United States||10|Monumental or building stone|113|o|Customer pick-up|05|250 - 499 miles|2022|30||92||43.2||45.5|
01|00|0100000US|United States||10|Monumental or building stone|113|o|Customer pick-up|06|500 - 749 miles|2022|0|S|33||0|S|43.1|
01|00|0100000US|United States||10|Monumental or building stone|113|o|Customer pick-up|07|750 - 999 miles|2022|33||29||32.4||37.9|
01|00|0100000US|United States||10|Monumental or building stone|113|o|Customer pick-up|08|1,000 - 1,499 miles|2022|0|S|21||0|S|37.9|
01|00|0100000US|United States||10|Monumental or building stone|113|o|Customer pick-up|09|1,500 - 1,999 miles|2022|0|S|0|S|0|S|0|S
01|00|0100000US|United States||10|Monumental or building stone|12||Rail|001|Total|2022|21||66||44.7||21.5|
01|00|0100000US|United States||10|Monumental or building stone|12||Rail|02|Less than 50 miles|2022|16||18||47.6||10.2|
01|00|0100000US|United States||10|Monumental or building stone|12||Rail|03|50 - 99 miles|2022|5||49||39||37.1|
01|00|0100000US|United States||10|Monumental or building stone|20||Multiple modes|001|Total|2022|0|S|0|S|0|S|0|S
01|00|0100000US|United States||10|Monumental or building stone|20||Multiple modes|02|Less than 50 miles|2022|0|S|0|S|0|S|0|S
01|00|0100000US|United States||10|Monumental or building stone|20||Multiple modes|03|50 - 99 miles|2022|0|S|1||0|S|43.2|
01|00|0100000US|United States||10|Monumental or building stone|20||Multiple modes|04|100 - 249 miles|2022|13||3||35.4||27.7|
01|00|0100000US|United States||10|Monumental or building stone|20||Multiple modes|05|250 - 499 miles|2022|10||2||32.5||31.9|
01|00|0100000US|United States||10|Monumental or building stone|20||Multiple modes|06|500 - 749 miles|2022|15||0|S|41.1||0|S
01|00|0100000US|United States||10|Monumental or building stone|20||Multiple modes|07|750 - 999 miles|2022|13||2||38.9||32.1|
01|00|0100000US|United States||10|Monumental or building stone|20||Multiple modes|08|1,000 - 1,499 miles|2022|9||2||45.5||36.5|
01|00|0100000US|United States||10|Monumental or building stone|20||Multiple modes|09|1,500 - 1,999 miles|2022|0|S|0|Z|0|S|39.2|
01|00|0100000US|United States||10|Monumental or building stone|20||Multiple modes|10|2,000 miles or more|2022|0|S|0|S|0|S|0|S
01|00|0100000US|United States||10|Monumental or building stone|21||Parcel, U.S.P.S. or courier|001|Total|2022|76||16||37.7||35.1|
01|00|0100000US|United States||10|Monumental or building stone|21||Parcel, U.S.P.S. or courier|02|Less than 50 miles|2022|14||3||49.2||41.6|
01|00|0100000US|United States||10|Monumental or building stone|21||Parcel, U.S.P.S. or courier|03|50 - 99 miles|2022|0|S|1||0|S|43.2|
01|00|0100000US|United States||10|Monumental or building stone|21||Parcel, U.S.P.S. or courier|04|100 - 249 miles|2022|13||3||35.4||27.7|
01|00|0100000US|United States||10|Monumental or building stone|21||Parcel, U.S.P.S. or courier|05|250 - 499 miles|2022|10||2||32.5||31.9|
01|00|0100000US|United States||10|Monumental or building stone|21||Parcel, U.S.P.S. or courier|06|500 - 749 miles|2022|11||2||36||30.1|
01|00|0100000US|United States||10|Monumental or building stone|21||Parcel, U.S.P.S. or courier|07|750 - 999 miles|2022|10||2||45.4||31.3|
01|00|0100000US|United States||10|Monumental or building stone|21||Parcel, U.S.P.S. or courier|08|1,000 - 1,499 miles|2022|9||2||45.5||36.5|
01|00|0100000US|United States||10|Monumental or building stone|21||Parcel, U.S.P.S. or courier|09|1,500 - 1,999 miles|2022|0|S|0|Z|0|S|39.2|
01|00|0100000US|United States||10|Monumental or building stone|21||Parcel, U.S.P.S. or courier|10|2,000 miles or more|2022|0|S|0|Z|0|S|48.7|
01|00|0100000US|United States||10|Monumental or building stone|22||Truck and rail|001|Total|2022|0|S|0|S|0|S|0|S
01|00|0100000US|United States||10|Monumental or building stone|22||Truck and rail|02|Less than 50 miles|2022|0|S|0|S|0|S|0|S
01|00|0100000US|United States||10|Monumental or building stone|22||Truck and rail|06|500 - 749 miles|2022|0|S|0|S|0|S|0|S
01|00|0100000US|United States||10|Monumental or building stone|22||Truck and rail|07|750 - 999 miles|2022|0|S|0|S|0|S|0|S
01|00|0100000US|United States||10|Monumental or building stone|25|x|Other multiple modes|001|Total|2022|0|S|0|S|0|S|0|S
01|00|0100000US|United States||10|Monumental or building stone|25|x|Other multiple modes|10|2,000 miles or more|2022|0|S|0|S|0|S|0|S
01|00|0100000US|United States||10|Monumental or building stone|30|z|Unknown mode|001|Total|2022|0|S|0|S|0|S|0|S
01|00|0100000US|United States||10|Monumental or building stone|30|z|Unknown mode|02|Less than 50 miles|2022|2||18||46.2||39.8|
01|00|0100000US|United States||10|Monumental or building stone|30|z|Unknown mode|03|50 - 99 miles|2022|0|S|0|S|0|S|0|S
01|00|0100000US|United States||10|Monumental or building stone|30|z|Unknown mode|04|100 - 249 miles|2022|0|Z|6||7.8||7|
01|00|0100000US|United States||11|Natural sands|00||All modes|001|Total|2022|7475||455064||9||15.2|
01|00|0100000US|United States||11|Natural sands|00||All modes|02|Less than 50 miles|2022|4193||304889||9.8||12.8|
01|00|0100000US|United States||11|Natural sands|00||All modes|03|50 - 99 miles|2022|677||0|S|15.4||0|S
01|00|0100000US|United States||11|Natural sands|00||All modes|04|100 - 249 miles|2022|910||28000||20.2||20.1|
01|00|0100000US|United States||11|Natural sands|00||All modes|05|250 - 499 miles|2022|436||10248||13.8||20.7|
01|00|0100000US|United States||11|Natural sands|00||All modes|06|500 - 749 miles|2022|468||12514||30.9||36.2|
01|00|0100000US|United States||11|Natural sands|00||All modes|07|750 - 999 miles|2022|265||7086||26.7||34|
01|00|0100000US|United States||11|Natural sands|00||All modes|08|1,000 - 1,499 miles|2022|282||7583||44.1||38.4|
01|00|0100000US|United States||11|Natural sands|00||All modes|09|1,500 - 1,999 miles|2022|0|S|0|S|0|S|0|S
01|00|0100000US|United States||11|Natural sands|00||All modes|10|2,000 miles or more|2022|0|S|672||0|S|48.7|
01|00|0100000US|United States||11|Natural sands|10||Single modes|001|Total|2022|6964||417430||8.6||15.5|
01|00|0100000US|United States||11|Natural sands|10||Single modes|02|Less than 50 miles|2022|4009||280347||10||13.5|
01|00|0100000US|United States||11|Natural sands|10||Single modes|03|50 - 99 miles|2022|652||0|S|15.2||0|S
01|00|0100000US|United States||11|Natural sands|10||Single modes|04|100 - 249 miles|2022|858||23305||21.8||24.9|
01|00|0100000US|United States||11|Natural sands|10||Single modes|05|250 - 499 miles|2022|362||8118||12.1||21.6|
01|00|0100000US|United States||11|Natural sands|10||Single modes|06|500 - 749 miles|2022|339||8882||25.4||31.1|
01|00|0100000US|United States||11|Natural sands|10||Single modes|07|750 - 999 miles|2022|235||6442||28.2||34.9|
01|00|0100000US|United States||11|Natural sands|10||Single modes|08|1,000 - 1,499 miles|2022|268||7070||46.8||41.9|
01|00|0100000US|United States||11|Natural sands|10||Single modes|09|1,500 - 1,999 miles|2022|0|S|0|S|0|S|0|S
01|00|0100000US|United States||11|Natural sands|10||Single modes|10|2,000 miles or more|2022|0|S|0|S|0|S|0|S
01|00|0100000US|United States||11|Natural sands|11|n|Truck|001|Total|2022|5751||311703||10.2||14.5|
01|00|0100000US|United States||11|Natural sands|11|n|Truck|02|Less than 50 miles|2022|3809||249346||11.7||16.1|
01|00|0100000US|United States||11|Natural sands|11|n|Truck|03|50 - 99 miles|2022|517||29439||13.4||13.3|
01|00|0100000US|United States||11|Natural sands|11|n|Truck|04|100 - 249 miles|2022|780||20747||24.8||28.8|
01|00|0100000US|United States||11|Natural sands|11|n|Truck|05|250 - 499 miles|2022|223||4521||15.8||28.1|
01|00|0100000US|United States||11|Natural sands|11|n|Truck|06|500 - 749 miles|2022|68||438||27.7||21.4|
01|00|0100000US|United States||11|Natural sands|11|n|Truck|07|750 - 999 miles|2022|106||0|S|42||0|S
01|00|0100000US|United States||11|Natural sands|11|n|Truck|08|1,000 - 1,499 miles|2022|46||1407||43.7||47.4|
01|00|0100000US|United States||11|Natural sands|11|n|Truck|09|1,500 - 1,999 miles|2022|0|S|0|S|0|S|0|S
01|00|0100000US|United States||11|Natural sands|11|n|Truck|10|2,000 miles or more|2022|12||232||25.9||33.9|
01|00|0100000US|United States||11|Natural sands|111||For-hire truck|001|Total|2022|3011||134239||12.9||14.5|
01|00|0100000US|United States||11|Natural sands|111||For-hire truck|02|Less than 50 miles|2022|1680||92795||17.1||15.7|
01|00|0100000US|United States||11|Natural sands|111||For-hire truck|03|50 - 99 miles|2022|367||19328||11.2||15.3|
01|00|0100000US|United States||11|Natural sands|111||For-hire truck|04|100 - 249 miles|2022|504||13940||18.7||25.1|
01|00|0100000US|United States||11|Natural sands|111||For-hire truck|05|250 - 499 miles|2022|152||2484||22.7||34.1|
01|00|0100000US|United States||11|Natural sands|111||For-hire truck|06|500 - 749 miles|2022|55||298||36.3||31.2|
01|00|0100000US|United States||11|Natural sands|111||For-hire truck|07|750 - 999 miles|2022|74||0|S|44.1||0|S
01|00|0100000US|United States||11|Natural sands|111||For-hire truck|08|1,000 - 1,499 miles|2022|30||0|S|38.2||0|S
01|00|0100000US|United States||11|Natural sands|111||For-hire truck|09|1,500 - 1,999 miles|2022|0|S|0|S|0|S|0|S
01|00|0100000US|United States||11|Natural sands|111||For-hire truck|10|2,000 miles or more|2022|12||232||26||34|
01|00|0100000US|United States||11|Natural sands|112||Company-owned truck|001|Total|2022|986||64768||22.5||38.9|
01|00|0100000US|United States||11|Natural sands|112||Company-owned truck|02|Less than 50 miles|2022|762||58745||22.8||42.2|
01|00|0100000US|United States||11|Natural sands|112||Company-owned truck|03|50 - 99 miles|2022|66||2620||38.6||37.3|
01|00|0100000US|United States||11|Natural sands|112||Company-owned truck|04|100 - 249 miles|2022|0|S|0|S|0|S|0|S
01|00|0100000US|United States||11|Natural sands|112||Company-owned truck|05|250 - 499 miles|2022|0|S|0|S|0|S|0|S
01|00|0100000US|United States||11|Natural sands|112||Company-owned truck|06|500 - 749 miles|2022|0|S|0|S|0|S|0|S
01|00|0100000US|United States||11|Natural sands|112||Company-owned truck|07|750 - 999 miles|2022|0|S|0|S|0|S|0|S
01|00|0100000US|United States||11|Natural sands|112||Company-owned truck|08|1,000 - 1,499 miles|2022|0|S|0|S|0|S|0|S
01|00|0100000US|United States||11|Natural sands|112||Company-owned truck|09|1,500 - 1,999 miles|2022|1||0|S|29.8||0|S
01|00|0100000US|United States||11|Natural sands|113|o|Customer pick-up|001|Total|2022|1754||112695||17.1||14.9|
01|00|0100000US|United States||11|Natural sands|113|o|Customer pick-up|02|Less than 50 miles|2022|1367||97807||19.4||15.5|
01|00|0100000US|United States||11|Natural sands|113|o|Customer pick-up|03|50 - 99 miles|2022|83||7491||21.9||28.9|
01|00|0100000US|United States||11|Natural sands|113|o|Customer pick-up|04|100 - 249 miles|2022|136||3693||23.4||27.6|
01|00|0100000US|United States||11|Natural sands|113|o|Customer pick-up|05|250 - 499 miles|2022|59||1836||36||43.2|
01|00|0100000US|United States||11|Natural sands|113|o|Customer pick-up|06|500 - 749 miles|2022|7||71||37||26.8|
01|00|0100000US|United States||11|Natural sands|113|o|Customer pick-up|07|750 - 999 miles|2022|32||0|S|46.8||0|S
01|00|0100000US|United States||11|Natural sands|113|o|Customer pick-up|08|1,000 - 1,499 miles|2022|0|S|0|S|0|S|0|S
01|00|0100000US|United States||11|Natural sands|113|o|Customer pick-up|09|1,500 - 1,999 miles|2022|0|S|0|S|0|S|0|S
01|00|0100000US|United States||11|Natural sands|113|o|Customer pick-up|10|2,000 miles or more|2022|0|S|0|S|0|S|0|S
01|00|0100000US|United States||11|Natural sands|12||Rail|001|Total|2022|1143||55989||23.5||26.8|
01|00|0100000US|United States||11|Natural sands|12||Rail|02|Less than 50 miles|2022|196||28489||43.9||42.1|
01|00|0100000US|United States||11|Natural sands|12||Rail|03|50 - 99 miles|2022|0|S|2519||0|S|39.3|
01|00|0100000US|United States||11|Natural sands|12||Rail|04|100 - 249 miles|2022|77||2558||40||32.2|
01|00|0100000US|United States||11|Natural sands|12||Rail|05|250 - 499 miles|2022|139||3596||22.1||28.4|
01|00|0100000US|United States||11|Natural sands|12||Rail|06|500 - 749 miles|2022|272||8444||30.5||33|
01|00|0100000US|United States||11|Natural sands|12||Rail|07|750 - 999 miles|2022|129||4373||32.8||35.1|
01|00|0100000US|United States||11|Natural sands|12||Rail|08|1,000 - 1,499 miles|2022|222||5663||47.6||42.5|
01|00|0100000US|United States||11|Natural sands|12||Rail|09|1,500 - 1,999 miles|2022|0|S|3||0|S|38.4|
01|00|0100000US|United States||11|Natural sands|12||Rail|10|2,000 miles or more|2022|0|S|0|S|0|S|0|S
01|00|0100000US|United States||11|Natural sands|13||Water|001|Total|2022|0|S|0|S|0|S|0|S
01|00|0100000US|United States||11|Natural sands|13||Water|02|Less than 50 miles|2022|0|S|0|S|0|S|0|S
01|00|0100000US|United States||11|Natural sands|13||Water|03|50 - 99 miles|2022|0|S|0|S|0|S|0|S
01|00|0100000US|United States||11|Natural sands|131||Inland water|001|Total|2022|0|S|0|S|0|S|0|S
01|00|0100000US|United States||11|Natural sands|131||Inland water|02|Less than 50 miles|2022|0|S|0|S|0|S|0|S
01|00|0100000US|United States||11|Natural sands|131||Inland water|03|50 - 99 miles|2022|0|S|0|S|0|S|0|S
01|00|0100000US|United States||11|Natural sands|20||Multiple modes|001|Total|2022|497||36347||29.7||24.1|
01|00|0100000US|United States||11|Natural sands|20||Multiple modes|02|Less than 50 miles|2022|171||23399||37.3||29.9|
01|00|0100000US|United States||11|Natural sands|20||Multiple modes|03|50 - 99 miles|2022|24||1196||42.7||32.8|
01|00|0100000US|United States||11|Natural sands|20||Multiple modes|04|100 - 249 miles|2022|52||4633||17.9||33.7|
01|00|0100000US|United States||11|Natural sands|20||Multiple modes|05|250 - 499 miles|2022|74||2130||44.7||41.2|
01|00|0100000US|United States||11|Natural sands|20||Multiple modes|06|500 - 749 miles|2022|0|S|0|S|0|S|0|S
01|00|0100000US|United States||11|Natural sands|20||Multiple modes|07|750 - 999 miles|2022|0|S|644||0|S|49|
01|00|0100000US|United States||11|Natural sands|20||Multiple modes|08|1,000 - 1,499 miles|2022|0|S|0|S|0|S|0|S
01|00|0100000US|United States||11|Natural sands|20||Multiple modes|09|1,500 - 1,999 miles|2022|1||0|S|46.9||0|S
01|00|0100000US|United States||11|Natural sands|20||Multiple modes|10|2,000 miles or more|2022|0|S|0|S|0|S|0|S
01|00|0100000US|United States||11|Natural sands|21||Parcel, U.S.P.S. or courier|001|Total|2022|0|S|0|S|0|S|0|S
01|00|0100000US|United States||11|Natural sands|21||Parcel, U.S.P.S. or courier|02|Less than 50 miles|2022|0|Z|0|Z|15.2||17.1|
01|00|0100000US|United States||11|Natural sands|21||Parcel, U.S.P.S. or courier|05|250 - 499 miles|2022|0|S|0|S|0|S|0|S
01|00|0100000US|United States||11|Natural sands|21||Parcel, U.S.P.S. or courier|06|500 - 749 miles|2022|0|S|0|S|0|S|0|S
01|00|0100000US|United States||11|Natural sands|21||Parcel, U.S.P.S. or courier|08|1,000 - 1,499 miles|2022|0|S|0|Z|0|S|39.4|
01|00|0100000US|United States||11|Natural sands|21||Parcel, U.S.P.S. or courier|09|1,500 - 1,999 miles|2022|0|S|0|S|0|S|0|S
01|00|0100000US|United States||11|Natural sands|22||Truck and rail|001|Total|2022|351||32465||16.6||24.1|
01|00|0100000US|United States||11|Natural sands|22||Truck and rail|02|Less than 50 miles|2022|167||23034||37.4||30.1|
01|00|0100000US|United States||11|Natural sands|22||Truck and rail|03|50 - 99 miles|2022|24||1196||42.7||32.8|
01|00|0100000US|United States||11|Natural sands|22||Truck and rail|04|100 - 249 miles|2022|50||4616||17.8||33.8|
01|00|0100000US|United States||11|Natural sands|22||Truck and rail|05|250 - 499 miles|2022|37||1200||31.2||33.5|
01|00|0100000US|United States||11|Natural sands|22||Truck and rail|06|500 - 749 miles|2022|26||1063||33.8||38.9|
01|00|0100000US|United States||11|Natural sands|22||Truck and rail|07|750 - 999 miles|2022|0|S|644||0|S|49|
01|00|0100000US|United States||11|Natural sands|22||Truck and rail|08|1,000 - 1,499 miles|2022|0|S|0|S|0|S|0|S
01|00|0100000US|United States||11|Natural sands|22||Truck and rail|09|1,500 - 1,999 miles|2022|1||102||35.8||40.5|
01|00|0100000US|United States||11|Natural sands|22||Truck and rail|10|2,000 miles or more|2022|0|S|0|S|0|S|0|S
01|00|0100000US|United States||11|Natural sands|23||Truck and water|001|Total|2022|0|S|0|S|0|S|0|S
01|00|0100000US|United States||11|Natural sands|23||Truck and water|02|Less than 50 miles|2022|0|S|0|S|0|S|0|S
01|00|0100000US|United States||11|Natural sands|23||Truck and water|03|50 - 99 miles|2022|0|S|0|S|0|S|0|S
01|00|0100000US|United States||11|Natural sands|23||Truck and water|04|100 - 249 miles|2022|0|S|0|S|0|S|0|S
01|00|0100000US|United States||11|Natural sands|23||Truck and water|05|250 - 499 miles|2022|0|S|0|S|0|S|0|S
01|00|0100000US|United States||11|Natural sands|23||Truck and water|06|500 - 749 miles|2022|0|S|0|S|0|S|0|S
01|00|0100000US|United States||11|Natural sands|23||Truck and water|10|2,000 miles or more|2022|0|S|0|S|0|S|0|S
01|00|0100000US|United States||11|Natural sands|30|z|Unknown mode|001|Total|2022|14||0|S|38.7||0|S
01|00|0100000US|United States||11|Natural sands|30|z|Unknown mode|02|Less than 50 miles|2022|12||0|S|38.3||0|S
01|00|0100000US|United States||11|Natural sands|30|z|Unknown mode|03|50 - 99 miles|2022|1||82||30.9||49.1|
01|00|0100000US|United States||11|Natural sands|30|z|Unknown mode|04|100 - 249 miles|2022|1||62||41.9||42.6|
01|00|0100000US|United States||11|Natural sands|30|z|Unknown mode|05|250 - 499 miles|2022|0|S|0|S|0|S|0|S
01|00|0100000US|United States||11|Natural sands|30|z|Unknown mode|09|1,500 - 1,999 miles|2022|0|S|0|S|0|S|0|S
01|00|0100000US|United States||12|Gravel and crushed stone (excludes dolomite and slate)|00||All modes|001|Total|2022|29903||1910896||7.2||6.3|
01|00|0100000US|United States||12|Gravel and crushed stone (excludes dolomite and slate)|00||All modes|02|Less than 50 miles|2022|21368||1550127||7.2||6.6|
01|00|0100000US|United States||12|Gravel and crushed stone (excludes dolomite and slate)|00||All modes|03|50 - 99 miles|2022|2474||151215||13.1||13.1|
01|00|0100000US|United States||12|Gravel and crushed stone (excludes dolomite and slate)|00||All modes|04|100 - 249 miles|2022|2060||110229||10.2||13.7|
01|00|0100000US|United States||12|Gravel and crushed stone (excludes dolomite and slate)|00||All modes|05|250 - 499 miles|2022|1984||73832||23.8||28.2|
01|00|0100000US|United States||12|Gravel and crushed stone (excludes dolomite and slate)|00||All modes|06|500 - 749 miles|2022|626||17571||28.2||14.3|
01|00|0100000US|United States||12|Gravel and crushed stone (excludes dolomite and slate)|00||All modes|07|750 - 999 miles|2022|383||4259||35.2||22.3|
01|00|0100000US|United States||12|Gravel and crushed stone (excludes dolomite and slate)|00||All modes|08|1,000 - 1,499 miles|2022|79||1659||33.4||26.9|
01|00|0100000US|United States||12|Gravel and crushed stone (excludes dolomite and slate)|00||All modes|09|1,500 - 1,999 miles|2022|0|S|0|S|0|S|0|S
01|00|0100000US|United States||12|Gravel and crushed stone (excludes dolomite and slate)|00||All modes|10|2,000 miles or more|2022|0|S|0|S|0|S|0|S
01|00|0100000US|United States||12|Gravel and crushed stone (excludes dolomite and slate)|10||Single modes|001|Total|2022|26993||1670545||7.6||7.1|
01|00|0100000US|United States||12|Gravel and crushed stone (excludes dolomite and slate)|10||Single modes|02|Less than 50 miles|2022|19693||1413604||7.8||7|
01|00|0100000US|United States||12|Gravel and crushed stone (excludes dolomite and slate)|10||Single modes|03|50 - 99 miles|2022|2129||112138||16||17.7|
01|00|0100000US|United States||12|Gravel and crushed stone (excludes dolomite and slate)|10||Single modes|04|100 - 249 miles|2022|1587||68333||11.3||14.5|
01|00|0100000US|United States||12|Gravel and crushed stone (excludes dolomite and slate)|10||Single modes|05|250 - 499 miles|2022|1704||58118||28.5||38|
01|00|0100000US|United States||12|Gravel and crushed stone (excludes dolomite and slate)|10||Single modes|06|500 - 749 miles|2022|564||12609||30.3||21.5|
01|00|0100000US|United States||12|Gravel and crushed stone (excludes dolomite and slate)|10||Single modes|07|750 - 999 miles|2022|323||2182||43.3||21.8|
01|00|0100000US|United States||12|Gravel and crushed stone (excludes dolomite and slate)|10||Single modes|08|1,000 - 1,499 miles|2022|68||1615||31||27.5|
01|00|0100000US|United States||12|Gravel and crushed stone (excludes dolomite and slate)|10||Single modes|09|1,500 - 1,999 miles|2022|0|S|0|S|0|S|0|S
01|00|0100000US|United States||12|Gravel and crushed stone (excludes dolomite and slate)|10||Single modes|10|2,000 miles or more|2022|0|S|0|S|0|S|0|S
01|00|0100000US|United States||12|Gravel and crushed stone (excludes dolomite and slate)|11|n|Truck|001|Total|2022|24670||1437739||8.4||8.1|
01|00|0100000US|United States||12|Gravel and crushed stone (excludes dolomite and slate)|11|n|Truck|02|Less than 50 miles|2022|18592||1269045||8.4||7.6|
01|00|0100000US|United States||12|Gravel and crushed stone (excludes dolomite and slate)|11|n|Truck|03|50 - 99 miles|2022|1895||90628||17.4||21.7|
01|00|0100000US|United States||12|Gravel and crushed stone (excludes dolomite and slate)|11|n|Truck|04|100 - 249 miles|2022|1256||36966||11.3||10.9|
01|00|0100000US|United States||12|Gravel and crushed stone (excludes dolomite and slate)|11|n|Truck|05|250 - 499 miles|2022|1311||0|S|31.8||0|S
01|00|0100000US|United States||12|Gravel and crushed stone (excludes dolomite and slate)|11|n|Truck|06|500 - 749 miles|2022|426||7141||32.3||25.5|
01|00|0100000US|United States||12|Gravel and crushed stone (excludes dolomite and slate)|11|n|Truck|07|750 - 999 miles|2022|265||1700||50||27.9|
01|00|0100000US|United States||12|Gravel and crushed stone (excludes dolomite and slate)|11|n|Truck|08|1,000 - 1,499 miles|2022|48||1100||19.4||33.7|
01|00|0100000US|United States||12|Gravel and crushed stone (excludes dolomite and slate)|11|n|Truck|09|1,500 - 1,999 miles|2022|0|S|0|S|0|S|0|S
01|00|0100000US|United States||12|Gravel and crushed stone (excludes dolomite and slate)|11|n|Truck|10|2,000 miles or more|2022|0|S|0|S|0|S|0|S
01|00|0100000US|United States||12|Gravel and crushed stone (excludes dolomite and slate)|111||For-hire truck|001|Total|2022|8133||472731||6.5||4.6|
01|00|0100000US|United States||12|Gravel and crushed stone (excludes dolomite and slate)|111||For-hire truck|02|Less than 50 miles|2022|5783||410586||4.7||4.8|
01|00|0100000US|United States||12|Gravel and crushed stone (excludes dolomite and slate)|111||For-hire truck|03|50 - 99 miles|2022|602||33927||11.3||13.2|
01|00|0100000US|United States||12|Gravel and crushed stone (excludes dolomite and slate)|111||For-hire truck|04|100 - 249 miles|2022|696||15163||14.1||11.6|
01|00|0100000US|United States||12|Gravel and crushed stone (excludes dolomite and slate)|111||For-hire truck|05|250 - 499 miles|2022|416||8611||16.4||44.2|
01|00|0100000US|United States||12|Gravel and crushed stone (excludes dolomite and slate)|111||For-hire truck|06|500 - 749 miles|2022|158||2194||25.9||21.6|
01|00|0100000US|United States||12|Gravel and crushed stone (excludes dolomite and slate)|111||For-hire truck|07|750 - 999 miles|2022|77||800||30.1||30.2|
01|00|0100000US|United States||12|Gravel and crushed stone (excludes dolomite and slate)|111||For-hire truck|08|1,000 - 1,499 miles|2022|33||646||21.5||42.8|
01|00|0100000US|United States||12|Gravel and crushed stone (excludes dolomite and slate)|111||For-hire truck|09|1,500 - 1,999 miles|2022|35||0|S|44.2||0|S
01|00|0100000US|United States||12|Gravel and crushed stone (excludes dolomite and slate)|111||For-hire truck|10|2,000 miles or more|2022|0|S|133||0|S|43|
01|00|0100000US|United States||12|Gravel and crushed stone (excludes dolomite and slate)|112||Company-owned truck|001|Total|2022|8353||380054||21.2||21.3|
01|00|0100000US|United States||12|Gravel and crushed stone (excludes dolomite and slate)|112||Company-owned truck|02|Less than 50 miles|2022|6183||353897||20.5||22.5|
01|00|0100000US|United States||12|Gravel and crushed stone (excludes dolomite and slate)|112||Company-owned truck|03|50 - 99 miles|2022|619||12275||35.4||18|
01|00|0100000US|United States||12|Gravel and crushed stone (excludes dolomite and slate)|112||Company-owned truck|04|100 - 249 miles|2022|287||9599||26.1||27.8|
01|00|0100000US|United States||12|Gravel and crushed stone (excludes dolomite and slate)|112||Company-owned truck|05|250 - 499 miles|2022|0|S|0|S|0|S|0|S
01|00|0100000US|United States||12|Gravel and crushed stone (excludes dolomite and slate)|112||Company-owned truck|06|500 - 749 miles|2022|0|S|0|S|0|S|0|S
01|00|0100000US|United States||12|Gravel and crushed stone (excludes dolomite and slate)|112||Company-owned truck|07|750 - 999 miles|2022|0|S|270||0|S|41.7|
01|00|0100000US|United States||12|Gravel and crushed stone (excludes dolomite and slate)|112||Company-owned truck|08|1,000 - 1,499 miles|2022|0|S|0|S|0|S|0|S
01|00|0100000US|United States||12|Gravel and crushed stone (excludes dolomite and slate)|112||Company-owned truck|09|1,500 - 1,999 miles|2022|0|S|214||0|S|36.6|
01|00|0100000US|United States||12|Gravel and crushed stone (excludes dolomite and slate)|112||Company-owned truck|10|2,000 miles or more|2022|0|S|0|S|0|S|0|S
01|00|0100000US|United States||12|Gravel and crushed stone (excludes dolomite and slate)|113|o|Customer pick-up|001|Total|2022|8184||584954||11.6||11.3|
01|00|0100000US|United States||12|Gravel and crushed stone (excludes dolomite and slate)|113|o|Customer pick-up|02|Less than 50 miles|2022|6626||504562||9.6||9.4|
01|00|0100000US|United States||12|Gravel and crushed stone (excludes dolomite and slate)|113|o|Customer pick-up|03|50 - 99 miles|2022|675||44426||35.3||42|
01|00|0100000US|United States||12|Gravel and crushed stone (excludes dolomite and slate)|113|o|Customer pick-up|04|100 - 249 miles|2022|274||12203||14.1||29.6|
01|00|0100000US|United States||12|Gravel and crushed stone (excludes dolomite and slate)|113|o|Customer pick-up|05|250 - 499 miles|2022|0|S|0|S|0|S|0|S
01|00|0100000US|United States||12|Gravel and crushed stone (excludes dolomite and slate)|113|o|Customer pick-up|06|500 - 749 miles|2022|119||2688||30.9||40.1|
01|00|0100000US|United States||12|Gravel and crushed stone (excludes dolomite and slate)|113|o|Customer pick-up|07|750 - 999 miles|2022|24||0|S|38.5||0|S
01|00|0100000US|United States||12|Gravel and crushed stone (excludes dolomite and slate)|113|o|Customer pick-up|08|1,000 - 1,499 miles|2022|4||0|S|41.3||0|S
01|00|0100000US|United States||12|Gravel and crushed stone (excludes dolomite and slate)|113|o|Customer pick-up|09|1,500 - 1,999 miles|2022|1||5||17.5||32.3|
01|00|0100000US|United States||12|Gravel and crushed stone (excludes dolomite and slate)|113|o|Customer pick-up|10|2,000 miles or more|2022|0|S|0|S|0|S|0|S
01|00|0100000US|United States||12|Gravel and crushed stone (excludes dolomite and slate)|12||Rail|001|Total|2022|1751||159136||14.7||18.3|
01|00|0100000US|United States||12|Gravel and crushed stone (excludes dolomite and slate)|12||Rail|02|Less than 50 miles|2022|951||122531||17.7||22.6|
01|00|0100000US|United States||12|Gravel and crushed stone (excludes dolomite and slate)|12||Rail|03|50 - 99 miles|2022|204||19103||18.1||15.4|
01|00|0100000US|United States||12|Gravel and crushed stone (excludes dolomite and slate)|12||Rail|04|100 - 249 miles|2022|178||11162||22.2||11.8|
01|00|0100000US|United States||12|Gravel and crushed stone (excludes dolomite and slate)|12||Rail|05|250 - 499 miles|2022|206||3129||25.2||31.8|
01|00|0100000US|United States||12|Gravel and crushed stone (excludes dolomite and slate)|12||Rail|06|500 - 749 miles|2022|85||0|S|37.6||0|S
01|00|0100000US|United States||12|Gravel and crushed stone (excludes dolomite and slate)|12||Rail|07|750 - 999 miles|2022|58||482||42.8||29|
01|00|0100000US|United States||12|Gravel and crushed stone (excludes dolomite and slate)|12||Rail|08|1,000 - 1,499 miles|2022|0|S|0|S|0|S|0|S
01|00|0100000US|United States||12|Gravel and crushed stone (excludes dolomite and slate)|12||Rail|09|1,500 - 1,999 miles|2022|0|S|0|S|0|S|0|S
01|00|0100000US|United States||12|Gravel and crushed stone (excludes dolomite and slate)|12||Rail|10|2,000 miles or more|2022|0|S|0|S|0|S|0|S
01|00|0100000US|United States||12|Gravel and crushed stone (excludes dolomite and slate)|13||Water|001|Total|2022|550||70420||29.1||31.1|
01|00|0100000US|United States||12|Gravel and crushed stone (excludes dolomite and slate)|13||Water|02|Less than 50 miles|2022|128||18778||28.9||46.7|
01|00|0100000US|United States||12|Gravel and crushed stone (excludes dolomite and slate)|13||Water|03|50 - 99 miles|2022|30||2406||26.7||44|
01|00|0100000US|United States||12|Gravel and crushed stone (excludes dolomite and slate)|13||Water|04|100 - 249 miles|2022|153||20205||33.6||34.1|
01|00|0100000US|United States||12|Gravel and crushed stone (excludes dolomite and slate)|13||Water|05|250 - 499 miles|2022|0|S|0|S|0|S|0|S
01|00|0100000US|United States||12|Gravel and crushed stone (excludes dolomite and slate)|13||Water|06|500 - 749 miles|2022|52||3973||42.8||31.4|
01|00|0100000US|United States||12|Gravel and crushed stone (excludes dolomite and slate)|131||Inland water|001|Total|2022|239||26428||19.6||20.6|
01|00|0100000US|United States||12|Gravel and crushed stone (excludes dolomite and slate)|131||Inland water|02|Less than 50 miles|2022|63||7632||20.5||25.2|
01|00|0100000US|United States||12|Gravel and crushed stone (excludes dolomite and slate)|131||Inland water|03|50 - 99 miles|2022|7||820||28.6||34.7|
01|00|0100000US|United States||12|Gravel and crushed stone (excludes dolomite and slate)|131||Inland water|04|100 - 249 miles|2022|80||9548||24.7||21.3|
01|00|0100000US|United States||12|Gravel and crushed stone (excludes dolomite and slate)|131||Inland water|05|250 - 499 miles|2022|36||4455||28.9||27.9|
01|00|0100000US|United States||12|Gravel and crushed stone (excludes dolomite and slate)|131||Inland water|06|500 - 749 miles|2022|52||3973||42.8||31.4|
01|00|0100000US|United States||12|Gravel and crushed stone (excludes dolomite and slate)|132||Great Lakes|001|Total|2022|311||43991||46.7||46.1|
01|00|0100000US|United States||12|Gravel and crushed stone (excludes dolomite and slate)|132||Great Lakes|02|Less than 50 miles|2022|0|S|0|S|0|S|0|S
01|00|0100000US|United States||12|Gravel and crushed stone (excludes dolomite and slate)|132||Great Lakes|03|50 - 99 miles|2022|22||0|S|22.9||0|S
01|00|0100000US|United States||12|Gravel and crushed stone (excludes dolomite and slate)|132||Great Lakes|04|100 - 249 miles|2022|0|S|0|S|0|S|0|S
01|00|0100000US|United States||12|Gravel and crushed stone (excludes dolomite and slate)|132||Great Lakes|05|250 - 499 miles|2022|0|S|0|S|0|S|0|S
01|00|0100000US|United States||12|Gravel and crushed stone (excludes dolomite and slate)|15||Pipeline|001|Total|2022|10||195||16.4||26.9|
01|00|0100000US|United States||12|Gravel and crushed stone (excludes dolomite and slate)|15||Pipeline|02|Less than 50 miles|2022|10||195||16.4||26.9|
01|00|0100000US|United States||12|Gravel and crushed stone (excludes dolomite and slate)|16|x|Other single modes|001|Total|2022|12||3055||5.9||4.3|
01|00|0100000US|United States||12|Gravel and crushed stone (excludes dolomite and slate)|16|x|Other single modes|02|Less than 50 miles|2022|12||3055||5.9||4.3|
01|00|0100000US|United States||12|Gravel and crushed stone (excludes dolomite and slate)|20||Multiple modes|001|Total|2022|2616||221875||13.9||16.1|
01|00|0100000US|United States||12|Gravel and crushed stone (excludes dolomite and slate)|20||Multiple modes|02|Less than 50 miles|2022|1388||118500||18.1||19|
01|00|0100000US|United States||12|Gravel and crushed stone (excludes dolomite and slate)|20||Multiple modes|03|50 - 99 miles|2022|344||39004||23.6||23.9|
01|00|0100000US|United States||12|Gravel and crushed stone (excludes dolomite and slate)|20||Multiple modes|04|100 - 249 miles|2022|465||41516||20.5||20.4|
01|00|0100000US|United States||12|Gravel and crushed stone (excludes dolomite and slate)|20||Multiple modes|05|250 - 499 miles|2022|280||15714||32.4||39.3|
01|00|0100000US|United States||12|Gravel and crushed stone (excludes dolomite and slate)|20||Multiple modes|06|500 - 749 miles|2022|63||4962||18.7||30.9|
01|00|0100000US|United States||12|Gravel and crushed stone (excludes dolomite and slate)|20||Multiple modes|07|750 - 999 miles|2022|60||2077||37.1||46.1|
01|00|0100000US|United States||12|Gravel and crushed stone (excludes dolomite and slate)|20||Multiple modes|08|1,000 - 1,499 miles|2022|0|S|45||0|S|33.2|
01|00|0100000US|United States||12|Gravel and crushed stone (excludes dolomite and slate)|20||Multiple modes|09|1,500 - 1,999 miles|2022|1||51||18.4||31.1|
01|00|0100000US|United States||12|Gravel and crushed stone (excludes dolomite and slate)|20||Multiple modes|10|2,000 miles or more|2022|0|S|0|S|0|S|0|S
01|00|0100000US|United States||12|Gravel and crushed stone (excludes dolomite and slate)|21||Parcel, U.S.P.S. or courier|001|Total|2022|0|S|0|S|0|S|0|S
01|00|0100000US|United States||12|Gravel and crushed stone (excludes dolomite and slate)|21||Parcel, U.S.P.S. or courier|04|100 - 249 miles|2022|0|S|0|S|0|S|0|S
01|00|0100000US|United States||12|Gravel and crushed stone (excludes dolomite and slate)|21||Parcel, U.S.P.S. or courier|05|250 - 499 miles|2022|0|S|0|S|0|S|0|S
01|00|0100000US|United States||12|Gravel and crushed stone (excludes dolomite and slate)|21||Parcel, U.S.P.S. or courier|06|500 - 749 miles|2022|0|S|0|S|0|S|0|S
01|00|0100000US|United States||12|Gravel and crushed stone (excludes dolomite and slate)|21||Parcel, U.S.P.S. or courier|07|750 - 999 miles|2022|0|S|0|S|0|S|0|S
01|00|0100000US|United States||12|Gravel and crushed stone (excludes dolomite and slate)|21||Parcel, U.S.P.S. or courier|10|2,000 miles or more|2022|0|S|0|S|0|S|0|S
01|00|0100000US|United States||12|Gravel and crushed stone (excludes dolomite and slate)|22||Truck and rail|001|Total|2022|2479||205338||14.7||16.7|
01|00|0100000US|United States||12|Gravel and crushed stone (excludes dolomite and slate)|22||Truck and rail|02|Less than 50 miles|2022|1385||118199||18.1||19|
01|00|0100000US|United States||12|Gravel and crushed stone (excludes dolomite and slate)|22||Truck and rail|03|50 - 99 miles|2022|337||37727||23||22.7|
01|00|0100000US|United States||12|Gravel and crushed stone (excludes dolomite and slate)|22||Truck and rail|04|100 - 249 miles|2022|406||34396||23.8||22.8|
01|00|0100000US|United States||12|Gravel and crushed stone (excludes dolomite and slate)|22||Truck and rail|05|250 - 499 miles|2022|257||12478||36.2||49.2|
01|00|0100000US|United States||12|Gravel and crushed stone (excludes dolomite and slate)|22||Truck and rail|06|500 - 749 miles|2022|30||677||20.1||26.4|
01|00|0100000US|United States||12|Gravel and crushed stone (excludes dolomite and slate)|22||Truck and rail|07|750 - 999 miles|2022|53||0|S|38.9||0|S
01|00|0100000US|United States||12|Gravel and crushed stone (excludes dolomite and slate)|22||Truck and rail|08|1,000 - 1,499 miles|2022|0|S|39||0|S|25.8|
01|00|0100000US|United States||12|Gravel and crushed stone (excludes dolomite and slate)|22||Truck and rail|09|1,500 - 1,999 miles|2022|1||51||18.4||31.1|
01|00|0100000US|United States||12|Gravel and crushed stone (excludes dolomite and slate)|23||Truck and water|001|Total|2022|130||16232||25.4||29.5|
01|00|0100000US|United States||12|Gravel and crushed stone (excludes dolomite and slate)|23||Truck and water|02|Less than 50 miles|2022|4||0|S|23||0|S
01|00|0100000US|United States||12|Gravel and crushed stone (excludes dolomite and slate)|23||Truck and water|03|50 - 99 miles|2022|0|S|0|S|0|S|0|S
01|00|0100000US|United States||12|Gravel and crushed stone (excludes dolomite and slate)|23||Truck and water|04|100 - 249 miles|2022|0|S|0|S|0|S|0|S
01|00|0100000US|United States||12|Gravel and crushed stone (excludes dolomite and slate)|23||Truck and water|05|250 - 499 miles|2022|23||3237||21.3||19.4|
01|00|0100000US|United States||12|Gravel and crushed stone (excludes dolomite and slate)|23||Truck and water|06|500 - 749 miles|2022|33||4285||24.8||31.7|
01|00|0100000US|United States||12|Gravel and crushed stone (excludes dolomite and slate)|23||Truck and water|08|1,000 - 1,499 miles|2022|2||6||37.3||34.4|
01|00|0100000US|United States||12|Gravel and crushed stone (excludes dolomite and slate)|23||Truck and water|10|2,000 miles or more|2022|0|S|0|S|0|S|0|S
01|00|0100000US|United States||12|Gravel and crushed stone (excludes dolomite and slate)|24||Rail and water|001|Total|2022|0|S|0|S|0|S|0|S
01|00|0100000US|United States||12|Gravel and crushed stone (excludes dolomite and slate)|24||Rail and water|07|750 - 999 miles|2022|0|S|0|S|0|S|0|S
01|00|0100000US|United States||12|Gravel and crushed stone (excludes dolomite and slate)|30|z|Unknown mode|001|Total|2022|295||18476||16.4||16.2|
01|00|0100000US|United States||12|Gravel and crushed stone (excludes dolomite and slate)|30|z|Unknown mode|02|Less than 50 miles|2022|286||18023||17.5||17|
01|00|0100000US|United States||12|Gravel and crushed stone (excludes dolomite and slate)|30|z|Unknown mode|03|50 - 99 miles|2022|0|S|73||0|S|47.7|
01|00|0100000US|United States||12|Gravel and crushed stone (excludes dolomite and slate)|30|z|Unknown mode|04|100 - 249 miles|2022|0|S|0|S|0|S|0|S
01|00|0100000US|United States||13|Other non-metallic minerals, not elsewhere classified|00||All modes|001|Total|2022|17056||102024||4.9||8.9|
01|00|0100000US|United States||13|Other non-metallic minerals, not elsewhere classified|00||All modes|02|Less than 50 miles|2022|3638||44244||6.6||11.3|
01|00|0100000US|United States||13|Other non-metallic minerals, not elsewhere classified|00||All modes|03|50 - 99 miles|2022|1782||12463||11.4||18.1|
01|00|0100000US|United States||13|Other non-metallic minerals, not elsewhere classified|00||All modes|04|100 - 249 miles|2022|4412||16694||9.8||11.8|
01|00|0100000US|United States||13|Other non-metallic minerals, not elsewhere classified|00||All modes|05|250 - 499 miles|2022|2773||11444||7.6||14.1|
01|00|0100000US|United States||13|Other non-metallic minerals, not elsewhere classified|00||All modes|06|500 - 749 miles|2022|1789||7291||9.4||13.5|
01|00|0100000US|United States||13|Other non-metallic minerals, not elsewhere classified|00||All modes|07|750 - 999 miles|2022|1013||3909||12.2||21.2|
01|00|0100000US|United States||13|Other non-metallic minerals, not elsewhere classified|00||All modes|08|1,000 - 1,499 miles|2022|992||4558||15.2||28.7|
01|00|0100000US|United States||13|Other non-metallic minerals, not elsewhere classified|00||All modes|09|1,500 - 1,999 miles|2022|327||669||17.9||22.6|
01|00|0100000US|United States||13|Other non-metallic minerals, not elsewhere classified|00||All modes|10|2,000 miles or more|2022|330||754||28.1||32.3|
01|00|0100000US|United States||13|Other non-metallic minerals, not elsewhere classified|10||Single modes|001|Total|2022|15893||92237||5.2||8.6|
01|00|0100000US|United States||13|Other non-metallic minerals, not elsewhere classified|10||Single modes|02|Less than 50 miles|2022|3465||41498||5.9||10.5|
01|00|0100000US|United States||13|Other non-metallic minerals, not elsewhere classified|10||Single modes|03|50 - 99 miles|2022|1752||11987||12.1||19.6|
01|00|0100000US|United States||13|Other non-metallic minerals, not elsewhere classified|10||Single modes|04|100 - 249 miles|2022|4253||15139||10||12.5|
01|00|0100000US|United States||13|Other non-metallic minerals, not elsewhere classified|10||Single modes|05|250 - 499 miles|2022|2586||9951||8.2||15.1|
01|00|0100000US|United States||13|Other non-metallic minerals, not elsewhere classified|10||Single modes|06|500 - 749 miles|2022|1634||6092||10.4||9|
01|00|0100000US|United States||13|Other non-metallic minerals, not elsewhere classified|10||Single modes|07|750 - 999 miles|2022|891||3316||11.2||18.4|
01|00|0100000US|United States||13|Other non-metallic minerals, not elsewhere classified|10||Single modes|08|1,000 - 1,499 miles|2022|775||3165||10.5||23.2|
01|00|0100000US|United States||13|Other non-metallic minerals, not elsewhere classified|10||Single modes|09|1,500 - 1,999 miles|2022|251||484||19.6||19.9|
01|00|0100000US|United States||13|Other non-metallic minerals, not elsewhere classified|10||Single modes|10|2,000 miles or more|2022|284||603||30.2||39.4|
01|00|0100000US|United States||13|Other non-metallic minerals, not elsewhere classified|11|n|Truck|001|Total|2022|14433||70218||5.4||6.6|
01|00|0100000US|United States||13|Other non-metallic minerals, not elsewhere classified|11|n|Truck|02|Less than 50 miles|2022|3121||28748||5.9||9.9|
01|00|0100000US|United States||13|Other non-metallic minerals, not elsewhere classified|11|n|Truck|03|50 - 99 miles|2022|1586||10812||13.2||22.1|
01|00|0100000US|United States||13|Other non-metallic minerals, not elsewhere classified|11|n|Truck|04|100 - 249 miles|2022|4066||13335||9.9||14.1|
01|00|0100000US|United States||13|Other non-metallic minerals, not elsewhere classified|11|n|Truck|05|250 - 499 miles|2022|2485||9009||7.9||16|
01|00|0100000US|United States||13|Other non-metallic minerals, not elsewhere classified|11|n|Truck|06|500 - 749 miles|2022|1439||3857||11.4||14.8|
01|00|0100000US|United States||13|Other non-metallic minerals, not elsewhere classified|11|n|Truck|07|750 - 999 miles|2022|635||1833||14.2||12.9|
01|00|0100000US|United States||13|Other non-metallic minerals, not elsewhere classified|11|n|Truck|08|1,000 - 1,499 miles|2022|639||1598||12.6||16.8|
01|00|0100000US|United States||13|Other non-metallic minerals, not elsewhere classified|11|n|Truck|09|1,500 - 1,999 miles|2022|219||458||20.3||20.7|
01|00|0100000US|United States||13|Other non-metallic minerals, not elsewhere classified|11|n|Truck|10|2,000 miles or more|2022|244||566||34.3||42.5|
01|00|0100000US|United States||13|Other non-metallic minerals, not elsewhere classified|111||For-hire truck|001|Total|2022|9884||51494||7.7||9.9|
01|00|0100000US|United States||13|Other non-metallic minerals, not elsewhere classified|111||For-hire truck|02|Less than 50 miles|2022|1407||18214||9.8||17.6|
01|00|0100000US|United States||13|Other non-metallic minerals, not elsewhere classified|111||For-hire truck|03|50 - 99 miles|2022|817||8557||16.9||25.1|
01|00|0100000US|United States||13|Other non-metallic minerals, not elsewhere classified|111||For-hire truck|04|100 - 249 miles|2022|2795||10845||12||15.5|
01|00|0100000US|United States||13|Other non-metallic minerals, not elsewhere classified|111||For-hire truck|05|250 - 499 miles|2022|2037||7232||7.2||17.9|
01|00|0100000US|United States||13|Other non-metallic minerals, not elsewhere classified|111||For-hire truck|06|500 - 749 miles|2022|1328||3182||12.3||15.5|
01|00|0100000US|United States||13|Other non-metallic minerals, not elsewhere classified|111||For-hire truck|07|750 - 999 miles|2022|538||1363||17.9||16.7|
01|00|0100000US|United States||13|Other non-metallic minerals, not elsewhere classified|111||For-hire truck|08|1,000 - 1,499 miles|2022|543||1229||14.6||19.4|
01|00|0100000US|United States||13|Other non-metallic minerals, not elsewhere classified|111||For-hire truck|09|1,500 - 1,999 miles|2022|189||345||21.4||22.7|
01|00|0100000US|United States||13|Other non-metallic minerals, not elsewhere classified|111||For-hire truck|10|2,000 miles or more|2022|229||528||34.7||45.1|
01|00|0100000US|United States||13|Other non-metallic minerals, not elsewhere classified|112||Company-owned truck|001|Total|2022|3366||7879||11.8||11.1|
01|00|0100000US|United States||13|Other non-metallic minerals, not elsewhere classified|112||Company-owned truck|02|Less than 50 miles|2022|1399||4945||7.7||17.2|
01|00|0100000US|United States||13|Other non-metallic minerals, not elsewhere classified|112||Company-owned truck|03|50 - 99 miles|2022|700||1700||27||43|
01|00|0100000US|United States||13|Other non-metallic minerals, not elsewhere classified|112||Company-owned truck|04|100 - 249 miles|2022|1057||939||23.3||18.8|
01|00|0100000US|United States||13|Other non-metallic minerals, not elsewhere classified|112||Company-owned truck|05|250 - 499 miles|2022|177||242||26.1||29.3|
01|00|0100000US|United States||13|Other non-metallic minerals, not elsewhere classified|112||Company-owned truck|06|500 - 749 miles|2022|13||0|S|36.9||0|S
01|00|0100000US|United States||13|Other non-metallic minerals, not elsewhere classified|112||Company-owned truck|07|750 - 999 miles|2022|0|S|0|S|0|S|0|S
01|00|0100000US|United States||13|Other non-metallic minerals, not elsewhere classified|112||Company-owned truck|08|1,000 - 1,499 miles|2022|9||0|S|31.3||0|S
01|00|0100000US|United States||13|Other non-metallic minerals, not elsewhere classified|112||Company-owned truck|09|1,500 - 1,999 miles|2022|0|S|0|S|0|S|0|S
01|00|0100000US|United States||13|Other non-metallic minerals, not elsewhere classified|112||Company-owned truck|10|2,000 miles or more|2022|0|S|0|S|0|S|0|S
01|00|0100000US|United States||13|Other non-metallic minerals, not elsewhere classified|113|o|Customer pick-up|001|Total|2022|1183||10845||13.1||12.3|
01|00|0100000US|United States||13|Other non-metallic minerals, not elsewhere classified|113|o|Customer pick-up|02|Less than 50 miles|2022|316||5590||15.3||21|
01|00|0100000US|United States||13|Other non-metallic minerals, not elsewhere classified|113|o|Customer pick-up|03|50 - 99 miles|2022|69||555||28||27.5|
01|00|0100000US|United States||13|Other non-metallic minerals, not elsewhere classified|113|o|Customer pick-up|04|100 - 249 miles|2022|213||1552||26.2||22.8|
01|00|0100000US|United States||13|Other non-metallic minerals, not elsewhere classified|113|o|Customer pick-up|05|250 - 499 miles|2022|270||1536||31.6||13.8|
01|00|0100000US|United States||13|Other non-metallic minerals, not elsewhere classified|113|o|Customer pick-up|06|500 - 749 miles|2022|98||649||14.9||20|
01|00|0100000US|United States||13|Other non-metallic minerals, not elsewhere classified|113|o|Customer pick-up|07|750 - 999 miles|2022|92||465||32.5||42.2|
01|00|0100000US|United States||13|Other non-metallic minerals, not elsewhere classified|113|o|Customer pick-up|08|1,000 - 1,499 miles|2022|87||0|S|47.8||0|S
01|00|0100000US|United States||13|Other non-metallic minerals, not elsewhere classified|113|o|Customer pick-up|09|1,500 - 1,999 miles|2022|28||0|S|49.8||0|S
01|00|0100000US|United States||13|Other non-metallic minerals, not elsewhere classified|113|o|Customer pick-up|10|2,000 miles or more|2022|10||38||35.4||42.5|
01|00|0100000US|United States||13|Other non-metallic minerals, not elsewhere classified|12||Rail|001|Total|2022|1283||20155||11.2||24|
01|00|0100000US|United States||13|Other non-metallic minerals, not elsewhere classified|12||Rail|02|Less than 50 miles|2022|286||11458||30.2||38.8|
01|00|0100000US|United States||13|Other non-metallic minerals, not elsewhere classified|12||Rail|03|50 - 99 miles|2022|54||612||39.5||44.5|
01|00|0100000US|United States||13|Other non-metallic minerals, not elsewhere classified|12||Rail|04|100 - 249 miles|2022|187||1802||46.3||19.7|
01|00|0100000US|United States||13|Other non-metallic minerals, not elsewhere classified|12||Rail|05|250 - 499 miles|2022|101||939||28.7||25.1|
01|00|0100000US|United States||13|Other non-metallic minerals, not elsewhere classified|12||Rail|06|500 - 749 miles|2022|195||2235||27.7||24.5|
01|00|0100000US|United States||13|Other non-metallic minerals, not elsewhere classified|12||Rail|07|750 - 999 miles|2022|255||1483||25.9||32.5|
01|00|0100000US|United States||13|Other non-metallic minerals, not elsewhere classified|12||Rail|08|1,000 - 1,499 miles|2022|136||1566||32||43|
01|00|0100000US|United States||13|Other non-metallic minerals, not elsewhere classified|12||Rail|09|1,500 - 1,999 miles|2022|0|S|25||0|S|46.5|
01|00|0100000US|United States||13|Other non-metallic minerals, not elsewhere classified|12||Rail|10|2,000 miles or more|2022|0|S|0|S|0|S|0|S
01|00|0100000US|United States||13|Other non-metallic minerals, not elsewhere classified|13||Water|001|Total|2022|0|S|0|S|0|S|0|S
01|00|0100000US|United States||13|Other non-metallic minerals, not elsewhere classified|13||Water|02|Less than 50 miles|2022|0|S|0|S|0|S|0|S
01|00|0100000US|United States||13|Other non-metallic minerals, not elsewhere classified|133||Deep sea|001|Total|2022|0|S|0|S|0|S|0|S
01|00|0100000US|United States||13|Other non-metallic minerals, not elsewhere classified|133||Deep sea|02|Less than 50 miles|2022|0|S|0|S|0|S|0|S
01|00|0100000US|United States||13|Other non-metallic minerals, not elsewhere classified|14||Air (includes truck and air)|001|Total|2022|0|S|0|S|0|S|0|S
01|00|0100000US|United States||13|Other non-metallic minerals, not elsewhere classified|14||Air (includes truck and air)|04|100 - 249 miles|2022|0|S|0|S|0|S|0|S
01|00|0100000US|United States||13|Other non-metallic minerals, not elsewhere classified|14||Air (includes truck and air)|05|250 - 499 miles|2022|0|S|0|S|0|S|0|S
01|00|0100000US|United States||13|Other non-metallic minerals, not elsewhere classified|14||Air (includes truck and air)|06|500 - 749 miles|2022|0|S|0|S|0|S|0|S
01|00|0100000US|United States||13|Other non-metallic minerals, not elsewhere classified|14||Air (includes truck and air)|07|750 - 999 miles|2022|0|S|0|S|0|S|0|S
01|00|0100000US|United States||13|Other non-metallic minerals, not elsewhere classified|14||Air (includes truck and air)|08|1,000 - 1,499 miles|2022|0|S|0|S|0|S|0|S
01|00|0100000US|United States||13|Other non-metallic minerals, not elsewhere classified|14||Air (includes truck and air)|09|1,500 - 1,999 miles|2022|0|Z|0|S|47.9||0|S
01|00|0100000US|United States||13|Other non-metallic minerals, not elsewhere classified|14||Air (includes truck and air)|10|2,000 miles or more|2022|0|S|0|S|0|S|0|S
01|00|0100000US|United States||13|Other non-metallic minerals, not elsewhere classified|15||Pipeline|001|Total|2022|171||0|S|35.8||0|S
01|00|0100000US|United States||13|Other non-metallic minerals, not elsewhere classified|15||Pipeline|02|Less than 50 miles|2022|0|S|0|S|0|S|0|S
01|00|0100000US|United States||13|Other non-metallic minerals, not elsewhere classified|15||Pipeline|03|50 - 99 miles|2022|112||564||42.8||42.8|
01|00|0100000US|United States||13|Other non-metallic minerals, not elsewhere classified|20||Multiple modes|001|Total|2022|989||9015||14.8||19.8|
01|00|0100000US|United States||13|Other non-metallic minerals, not elsewhere classified|20||Multiple modes|02|Less than 50 miles|2022|0|S|2526||0|S|38.6|
01|00|0100000US|United States||13|Other non-metallic minerals, not elsewhere classified|20||Multiple modes|03|50 - 99 miles|2022|15||411||27.1||36.3|
01|00|0100000US|United States||13|Other non-metallic minerals, not elsewhere classified|20||Multiple modes|04|100 - 249 miles|2022|141||1344||22.9||33.1|
01|00|0100000US|United States||13|Other non-metallic minerals, not elsewhere classified|20||Multiple modes|05|250 - 499 miles|2022|162||1373||22||29.6|
01|00|0100000US|United States||13|Other non-metallic minerals, not elsewhere classified|20||Multiple modes|06|500 - 749 miles|2022|0|S|0|S|0|S|0|S
01|00|0100000US|United States||13|Other non-metallic minerals, not elsewhere classified|20||Multiple modes|07|750 - 999 miles|2022|120||591||37.8||46.2|
01|00|0100000US|United States||13|Other non-metallic minerals, not elsewhere classified|20||Multiple modes|08|1,000 - 1,499 miles|2022|213||1386||49.2||47.1|
01|00|0100000US|United States||13|Other non-metallic minerals, not elsewhere classified|20||Multiple modes|09|1,500 - 1,999 miles|2022|49||0|S|39.3||0|S
01|00|0100000US|United States||13|Other non-metallic minerals, not elsewhere classified|20||Multiple modes|10|2,000 miles or more|2022|45||150||41.7||44.1|
01|00|0100000US|United States||13|Other non-metallic minerals, not elsewhere classified|21||Parcel, U.S.P.S. or courier|001|Total|2022|54||10||29.7||20.8|
01|00|0100000US|United States||13|Other non-metallic minerals, not elsewhere classified|21||Parcel, U.S.P.S. or courier|02|Less than 50 miles|2022|1||0|Z|19.2||22.4|
01|00|0100000US|United States||13|Other non-metallic minerals, not elsewhere classified|21||Parcel, U.S.P.S. or courier|03|50 - 99 miles|2022|1||0|Z|30.1||33.4|
01|00|0100000US|United States||13|Other non-metallic minerals, not elsewhere classified|21||Parcel, U.S.P.S. or courier|04|100 - 249 miles|2022|0|S|1||0|S|29.4|
01|00|0100000US|United States||13|Other non-metallic minerals, not elsewhere classified|21||Parcel, U.S.P.S. or courier|05|250 - 499 miles|2022|9||2||34||29.2|
01|00|0100000US|United States||13|Other non-metallic minerals, not elsewhere classified|21||Parcel, U.S.P.S. or courier|06|500 - 749 miles|2022|5||2||23.1||33.3|
01|00|0100000US|United States||13|Other non-metallic minerals, not elsewhere classified|21||Parcel, U.S.P.S. or courier|07|750 - 999 miles|2022|6||1||35.6||31.6|
01|00|0100000US|United States||13|Other non-metallic minerals, not elsewhere classified|21||Parcel, U.S.P.S. or courier|08|1,000 - 1,499 miles|2022|0|S|0|S|0|S|0|S
01|00|0100000US|United States||13|Other non-metallic minerals, not elsewhere classified|21||Parcel, U.S.P.S. or courier|09|1,500 - 1,999 miles|2022|0|S|1||0|S|39.7|
01|00|0100000US|United States||13|Other non-metallic minerals, not elsewhere classified|21||Parcel, U.S.P.S. or courier|10|2,000 miles or more|2022|0|S|0|S|0|S|0|S
01|00|0100000US|United States||13|Other non-metallic minerals, not elsewhere classified|22||Truck and rail|001|Total|2022|830||8797||19.1||20.6|
01|00|0100000US|United States||13|Other non-metallic minerals, not elsewhere classified|22||Truck and rail|02|Less than 50 miles|2022|0|S|2521||0|S|38.7|
01|00|0100000US|United States||13|Other non-metallic minerals, not elsewhere classified|22||Truck and rail|03|50 - 99 miles|2022|12||406||25.7||31|
01|00|0100000US|United States||13|Other non-metallic minerals, not elsewhere classified|22||Truck and rail|04|100 - 249 miles|2022|72||1236||31.6||35|
01|00|0100000US|United States||13|Other non-metallic minerals, not elsewhere classified|22||Truck and rail|05|250 - 499 miles|2022|148||1355||23.2||30|
01|00|0100000US|United States||13|Other non-metallic minerals, not elsewhere classified|22||Truck and rail|06|500 - 749 miles|2022|0|S|0|S|0|S|0|S
01|00|0100000US|United States||13|Other non-metallic minerals, not elsewhere classified|22||Truck and rail|07|750 - 999 miles|2022|107||575||42.6||47.8|
01|00|0100000US|United States||13|Other non-metallic minerals, not elsewhere classified|22||Truck and rail|08|1,000 - 1,499 miles|2022|0|S|1377||0|S|46.6|
01|00|0100000US|United States||13|Other non-metallic minerals, not elsewhere classified|22||Truck and rail|09|1,500 - 1,999 miles|2022|44||0|S|41.6||0|S
01|00|0100000US|United States||13|Other non-metallic minerals, not elsewhere classified|22||Truck and rail|10|2,000 miles or more|2022|0|S|0|S|0|S|0|S
01|00|0100000US|United States||13|Other non-metallic minerals, not elsewhere classified|23||Truck and water|001|Total|2022|102||189||28.5||25.3|
01|00|0100000US|United States||13|Other non-metallic minerals, not elsewhere classified|23||Truck and water|02|Less than 50 miles|2022|1||0|S|12.2||0|S
01|00|0100000US|United States||13|Other non-metallic minerals, not elsewhere classified|23||Truck and water|03|50 - 99 miles|2022|0|S|0|S|0|S|0|S
01|00|0100000US|United States||13|Other non-metallic minerals, not elsewhere classified|23||Truck and water|04|100 - 249 miles|2022|57||100||25.7||20.4|
01|00|0100000US|United States||13|Other non-metallic minerals, not elsewhere classified|23||Truck and water|05|250 - 499 miles|2022|0|S|16||0|S|42.4|
01|00|0100000US|United States||13|Other non-metallic minerals, not elsewhere classified|23||Truck and water|06|500 - 749 miles|2022|6||13||33.9||27.7|
01|00|0100000US|United States||13|Other non-metallic minerals, not elsewhere classified|23||Truck and water|07|750 - 999 miles|2022|8||14||46.5||37.1|
01|00|0100000US|United States||13|Other non-metallic minerals, not elsewhere classified|23||Truck and water|08|1,000 - 1,499 miles|2022|5||7||17.3||24.5|
01|00|0100000US|United States||13|Other non-metallic minerals, not elsewhere classified|23||Truck and water|09|1,500 - 1,999 miles|2022|0|S|0|S|0|S|0|S
01|00|0100000US|United States||13|Other non-metallic minerals, not elsewhere classified|23||Truck and water|10|2,000 miles or more|2022|0|S|30||0|S|42.3|
01|00|0100000US|United States||13|Other non-metallic minerals, not elsewhere classified|24||Rail and water|001|Total|2022|0|S|0|S|0|S|0|S
01|00|0100000US|United States||13|Other non-metallic minerals, not elsewhere classified|24||Rail and water|04|100 - 249 miles|2022|0|S|0|S|0|S|0|S
01|00|0100000US|United States||13|Other non-metallic minerals, not elsewhere classified|24||Rail and water|05|250 - 499 miles|2022|0|S|0|S|0|S|0|S
01|00|0100000US|United States||13|Other non-metallic minerals, not elsewhere classified|24||Rail and water|10|2,000 miles or more|2022|0|S|0|S|0|S|0|S
01|00|0100000US|United States||13|Other non-metallic minerals, not elsewhere classified|25|x|Other multiple modes|001|Total|2022|0|S|0|S|0|S|0|S
01|00|0100000US|United States||13|Other non-metallic minerals, not elsewhere classified|25|x|Other multiple modes|03|50 - 99 miles|2022|0|S|0|S|0|S|0|S
01|00|0100000US|United States||13|Other non-metallic minerals, not elsewhere classified|25|x|Other multiple modes|04|100 - 249 miles|2022|0|S|0|S|0|S|0|S
01|00|0100000US|United States||13|Other non-metallic minerals, not elsewhere classified|25|x|Other multiple modes|06|500 - 749 miles|2022|0|S|0|S|0|S|0|S
01|00|0100000US|United States||13|Other non-metallic minerals, not elsewhere classified|30|z|Unknown mode|001|Total|2022|0|S|0|S|0|S|0|S
01|00|0100000US|United States||13|Other non-metallic minerals, not elsewhere classified|30|z|Unknown mode|02|Less than 50 miles|2022|0|S|0|S|0|S|0|S
01|00|0100000US|United States||13|Other non-metallic minerals, not elsewhere classified|30|z|Unknown mode|03|50 - 99 miles|2022|0|S|0|S|0|S|0|S
01|00|0100000US|United States||13|Other non-metallic minerals, not elsewhere classified|30|z|Unknown mode|04|100 - 249 miles|2022|0|S|0|S|0|S|0|S
01|00|0100000US|United States||13|Other non-metallic minerals, not elsewhere classified|30|z|Unknown mode|05|250 - 499 miles|2022|0|S|0|S|0|S|0|S
01|00|0100000US|United States||13|Other non-metallic minerals, not elsewhere classified|30|z|Unknown mode|06|500 - 749 miles|2022|0|S|0|S|0|S|0|S
01|00|0100000US|United States||13|Other non-metallic minerals, not elsewhere classified|30|z|Unknown mode|07|750 - 999 miles|2022|0|S|0|S|0|S|0|S
01|00|0100000US|United States||13|Other non-metallic minerals, not elsewhere classified|30|z|Unknown mode|08|1,000 - 1,499 miles|2022|0|S|0|S|0|S|0|S
01|00|0100000US|United States||13|Other non-metallic minerals, not elsewhere classified|30|z|Unknown mode|09|1,500 - 1,999 miles|2022|0|S|0|S|0|S|0|S
01|00|0100000US|United States||13|Other non-metallic minerals, not elsewhere classified|30|z|Unknown mode|10|2,000 miles or more|2022|1||0|S|14.3||0|S
01|00|0100000US|United States||14|Metallic ores and concentrates|00||All modes|001|Total|2022|32315||55205||29.8||30.8|
01|00|0100000US|United States||14|Metallic ores and concentrates|00||All modes|02|Less than 50 miles|2022|2939||7029||41.1||35.1|
01|00|0100000US|United States||14|Metallic ores and concentrates|00||All modes|03|50 - 99 miles|2022|0|S|7109||0|S|29.7|
01|00|0100000US|United States||14|Metallic ores and concentrates|00||All modes|04|100 - 249 miles|2022|0|S|0|S|0|S|0|S
01|00|0100000US|United States||14|Metallic ores and concentrates|00||All modes|05|250 - 499 miles|2022|2972||11128||19.4||38.3|
01|00|0100000US|United States||14|Metallic ores and concentrates|00||All modes|06|500 - 749 miles|2022|1852||0|S|43.4||0|S
01|00|0100000US|United States||14|Metallic ores and concentrates|00||All modes|07|750 - 999 miles|2022|2675||0|S|33.3||0|S
01|00|0100000US|United States||14|Metallic ores and concentrates|00||All modes|08|1,000 - 1,499 miles|2022|0|S|0|S|0|S|0|S
01|00|0100000US|United States||14|Metallic ores and concentrates|00||All modes|09|1,500 - 1,999 miles|2022|0|S|123||0|S|45.2|
01|00|0100000US|United States||14|Metallic ores and concentrates|00||All modes|10|2,000 miles or more|2022|215||0|S|37.7||0|S
01|00|0100000US|United States||14|Metallic ores and concentrates|10||Single modes|001|Total|2022|26802||22594||33.4||24|
01|00|0100000US|United States||14|Metallic ores and concentrates|10||Single modes|02|Less than 50 miles|2022|2934||6993||41.2||35.2|
01|00|0100000US|United States||14|Metallic ores and concentrates|10||Single modes|03|50 - 99 miles|2022|0|S|5122||0|S|44.8|
01|00|0100000US|United States||14|Metallic ores and concentrates|10||Single modes|04|100 - 249 miles|2022|0|S|0|S|0|S|0|S
01|00|0100000US|United States||14|Metallic ores and concentrates|10||Single modes|05|250 - 499 miles|2022|1339||2085||42.2||47.3|
01|00|0100000US|United States||14|Metallic ores and concentrates|10||Single modes|06|500 - 749 miles|2022|472||1671||25.1||43.3|
01|00|0100000US|United States||14|Metallic ores and concentrates|10||Single modes|07|750 - 999 miles|2022|0|S|138||0|S|35.5|
01|00|0100000US|United States||14|Metallic ores and concentrates|10||Single modes|08|1,000 - 1,499 miles|2022|0|S|0|S|0|S|0|S
01|00|0100000US|United States||14|Metallic ores and concentrates|10||Single modes|09|1,500 - 1,999 miles|2022|0|S|0|S|0|S|0|S
01|00|0100000US|United States||14|Metallic ores and concentrates|10||Single modes|10|2,000 miles or more|2022|131||0|S|23.3||0|S
01|00|0100000US|United States||14|Metallic ores and concentrates|11|n|Truck|001|Total|2022|21494||0|S|43.3||0|S
01|00|0100000US|United States||14|Metallic ores and concentrates|11|n|Truck|02|Less than 50 miles|2022|0|S|1087||0|S|42.6|
01|00|0100000US|United States||14|Metallic ores and concentrates|11|n|Truck|03|50 - 99 miles|2022|0|S|0|S|0|S|0|S
01|00|0100000US|United States||14|Metallic ores and concentrates|11|n|Truck|04|100 - 249 miles|2022|0|S|0|S|0|S|0|S
01|00|0100000US|United States||14|Metallic ores and concentrates|11|n|Truck|05|250 - 499 miles|2022|121||107||28.7||35.3|
01|00|0100000US|United States||14|Metallic ores and concentrates|11|n|Truck|06|500 - 749 miles|2022|90||55||42.5||30.5|
01|00|0100000US|United States||14|Metallic ores and concentrates|11|n|Truck|07|750 - 999 miles|2022|0|S|27||0|S|40.4|
01|00|0100000US|United States||14|Metallic ores and concentrates|11|n|Truck|08|1,000 - 1,499 miles|2022|80||28||47.2||48.6|
01|00|0100000US|United States||14|Metallic ores and concentrates|11|n|Truck|09|1,500 - 1,999 miles|2022|0|S|0|S|0|S|0|S
01|00|0100000US|United States||14|Metallic ores and concentrates|11|n|Truck|10|2,000 miles or more|2022|131||0|S|23.3||0|S
01|00|0100000US|United States||14|Metallic ores and concentrates|111||For-hire truck|001|Total|2022|19955||6748||41.4||48.2|
01|00|0100000US|United States||14|Metallic ores and concentrates|111||For-hire truck|02|Less than 50 miles|2022|0|S|1054||0|S|42.8|
01|00|0100000US|United States||14|Metallic ores and concentrates|111||For-hire truck|03|50 - 99 miles|2022|0|S|0|S|0|S|0|S
01|00|0100000US|United States||14|Metallic ores and concentrates|111||For-hire truck|04|100 - 249 miles|2022|0|S|0|S|0|S|0|S
01|00|0100000US|United States||14|Metallic ores and concentrates|111||For-hire truck|05|250 - 499 miles|2022|103||83||31.6||43.7|
01|00|0100000US|United States||14|Metallic ores and concentrates|111||For-hire truck|06|500 - 749 miles|2022|79||46||40.9||33.5|
01|00|0100000US|United States||14|Metallic ores and concentrates|111||For-hire truck|07|750 - 999 miles|2022|0|S|27||0|S|41.3|
01|00|0100000US|United States||14|Metallic ores and concentrates|111||For-hire truck|08|1,000 - 1,499 miles|2022|0|S|0|S|0|S|0|S
01|00|0100000US|United States||14|Metallic ores and concentrates|111||For-hire truck|09|1,500 - 1,999 miles|2022|0|S|0|S|0|S|0|S
01|00|0100000US|United States||14|Metallic ores and concentrates|111||For-hire truck|10|2,000 miles or more|2022|125||0|S|23.7||0|S
01|00|0100000US|United States||14|Metallic ores and concentrates|112||Company-owned truck|001|Total|2022|0|S|0|S|0|S|0|S
01|00|0100000US|United States||14|Metallic ores and concentrates|112||Company-owned truck|02|Less than 50 miles|2022|0|S|0|S|0|S|0|S
01|00|0100000US|United States||14|Metallic ores and concentrates|112||Company-owned truck|03|50 - 99 miles|2022|0|S|0|S|0|S|0|S
01|00|0100000US|United States||14|Metallic ores and concentrates|112||Company-owned truck|04|100 - 249 miles|2022|0|S|0|S|0|S|0|S
01|00|0100000US|United States||14|Metallic ores and concentrates|112||Company-owned truck|06|500 - 749 miles|2022|0|S|0|S|0|S|0|S
01|00|0100000US|United States||14|Metallic ores and concentrates|112||Company-owned truck|08|1,000 - 1,499 miles|2022|0|S|0|S|0|S|0|S
01|00|0100000US|United States||14|Metallic ores and concentrates|113|o|Customer pick-up|001|Total|2022|187||119||26.3||34.9|
01|00|0100000US|United States||14|Metallic ores and concentrates|113|o|Customer pick-up|02|Less than 50 miles|2022|54||29||39.4||30.9|
01|00|0100000US|United States||14|Metallic ores and concentrates|113|o|Customer pick-up|03|50 - 99 miles|2022|0|S|1||0|S|36.5|
01|00|0100000US|United States||14|Metallic ores and concentrates|113|o|Customer pick-up|04|100 - 249 miles|2022|29||45||26.3||33.6|
01|00|0100000US|United States||14|Metallic ores and concentrates|113|o|Customer pick-up|05|250 - 499 miles|2022|17||24||25||31.4|
01|00|0100000US|United States||14|Metallic ores and concentrates|113|o|Customer pick-up|06|500 - 749 miles|2022|0|S|0|S|0|S|0|S
01|00|0100000US|United States||14|Metallic ores and concentrates|113|o|Customer pick-up|07|750 - 999 miles|2022|0|S|0|S|0|S|0|S
01|00|0100000US|United States||14|Metallic ores and concentrates|113|o|Customer pick-up|08|1,000 - 1,499 miles|2022|3||0|S|42.3||0|S
01|00|0100000US|United States||14|Metallic ores and concentrates|113|o|Customer pick-up|09|1,500 - 1,999 miles|2022|0|S|0|S|0|S|0|S
01|00|0100000US|United States||14|Metallic ores and concentrates|113|o|Customer pick-up|10|2,000 miles or more|2022|0|S|0|S|0|S|0|S
01|00|0100000US|United States||14|Metallic ores and concentrates|12||Rail|001|Total|2022|3368||11724||20.7||19.8|
01|00|0100000US|United States||14|Metallic ores and concentrates|12||Rail|02|Less than 50 miles|2022|688||5907||30.2||24|
01|00|0100000US|United States||14|Metallic ores and concentrates|12||Rail|03|50 - 99 miles|2022|954||4546||28.2||41.7|
01|00|0100000US|United States||14|Metallic ores and concentrates|12||Rail|04|100 - 249 miles|2022|1202||866||48.3||29.1|
01|00|0100000US|United States||14|Metallic ores and concentrates|12||Rail|05|250 - 499 miles|2022|222||162||36.4||32.2|
01|00|0100000US|United States||14|Metallic ores and concentrates|12||Rail|06|500 - 749 miles|2022|0|S|0|S|0|S|0|S
01|00|0100000US|United States||14|Metallic ores and concentrates|12||Rail|07|750 - 999 miles|2022|0|S|0|S|0|S|0|S
01|00|0100000US|United States||14|Metallic ores and concentrates|12||Rail|08|1,000 - 1,499 miles|2022|264||126||24.4||27.1|
01|00|0100000US|United States||14|Metallic ores and concentrates|12||Rail|09|1,500 - 1,999 miles|2022|0|S|0|S|0|S|0|S
01|00|0100000US|United States||14|Metallic ores and concentrates|13||Water|001|Total|2022|1939||3434||40.8||14|
01|00|0100000US|United States||14|Metallic ores and concentrates|13||Water|05|250 - 499 miles|2022|995||1815||21.7||9.6|
01|00|0100000US|United States||14|Metallic ores and concentrates|13||Water|06|500 - 749 miles|2022|369||1547||14.2||37.4|
01|00|0100000US|United States||14|Metallic ores and concentrates|13||Water|07|750 - 999 miles|2022|575||72||8.7||13.6|
01|00|0100000US|United States||14|Metallic ores and concentrates|131||Inland water|001|Total|2022|1216||2228||19.7||8.1|
01|00|0100000US|United States||14|Metallic ores and concentrates|131||Inland water|05|250 - 499 miles|2022|995||1815||21.7||9.6|
01|00|0100000US|United States||14|Metallic ores and concentrates|131||Inland water|06|500 - 749 miles|2022|221||413||11.9||7.3|
01|00|0100000US|United States||14|Metallic ores and concentrates|132||Great Lakes|001|Total|2022|148||1134||40.3||35|
01|00|0100000US|United States||14|Metallic ores and concentrates|132||Great Lakes|06|500 - 749 miles|2022|148||1134||40.3||35|
01|00|0100000US|United States||14|Metallic ores and concentrates|133||Deep sea|001|Total|2022|575||72||8.7||13.6|
01|00|0100000US|United States||14|Metallic ores and concentrates|133||Deep sea|07|750 - 999 miles|2022|575||72||8.7||13.6|
01|00|0100000US|United States||14|Metallic ores and concentrates|20||Multiple modes|001|Total|2022|5511||32611||21.8||43.8|
01|00|0100000US|United States||14|Metallic ores and concentrates|20||Multiple modes|02|Less than 50 miles|2022|0|S|0|S|0|S|0|S
01|00|0100000US|United States||14|Metallic ores and concentrates|20||Multiple modes|03|50 - 99 miles|2022|0|S|0|S|0|S|0|S
01|00|0100000US|United States||14|Metallic ores and concentrates|20||Multiple modes|04|100 - 249 miles|2022|0|S|0|S|0|S|0|S
01|00|0100000US|United States||14|Metallic ores and concentrates|20||Multiple modes|05|250 - 499 miles|2022|1632||9043||21.2||48.8|
01|00|0100000US|United States||14|Metallic ores and concentrates|20||Multiple modes|06|500 - 749 miles|2022|0|S|0|S|0|S|0|S
01|00|0100000US|United States||14|Metallic ores and concentrates|20||Multiple modes|07|750 - 999 miles|2022|1970||0|S|34.2||0|S
01|00|0100000US|United States||14|Metallic ores and concentrates|20||Multiple modes|08|1,000 - 1,499 miles|2022|0|S|0|S|0|S|0|S
01|00|0100000US|United States||14|Metallic ores and concentrates|20||Multiple modes|09|1,500 - 1,999 miles|2022|0|S|0|S|0|S|0|S
01|00|0100000US|United States||14|Metallic ores and concentrates|20||Multiple modes|10|2,000 miles or more|2022|0|S|0|S|0|S|0|S
01|00|0100000US|United States||14|Metallic ores and concentrates|21||Parcel, U.S.P.S. or courier|001|Total|2022|0|S|0|S|0|S|0|S
01|00|0100000US|United States||14|Metallic ores and concentrates|21||Parcel, U.S.P.S. or courier|02|Less than 50 miles|2022|0|Z|0|S|34.8||0|S
01|00|0100000US|United States||14|Metallic ores and concentrates|21||Parcel, U.S.P.S. or courier|03|50 - 99 miles|2022|0|S|0|S|0|S|0|S
01|00|0100000US|United States||14|Metallic ores and concentrates|21||Parcel, U.S.P.S. or courier|04|100 - 249 miles|2022|0|S|0|S|0|S|0|S
01|00|0100000US|United States||14|Metallic ores and concentrates|21||Parcel, U.S.P.S. or courier|05|250 - 499 miles|2022|0|S|0|S|0|S|0|S
01|00|0100000US|United States||14|Metallic ores and concentrates|21||Parcel, U.S.P.S. or courier|06|500 - 749 miles|2022|0|S|0|Z|0|S|45.9|
01|00|0100000US|United States||14|Metallic ores and concentrates|21||Parcel, U.S.P.S. or courier|07|750 - 999 miles|2022|0|S|0|S|0|S|0|S
01|00|0100000US|United States||14|Metallic ores and concentrates|21||Parcel, U.S.P.S. or courier|08|1,000 - 1,499 miles|2022|0|S|0|S|0|S|0|S
01|00|0100000US|United States||14|Metallic ores and concentrates|21||Parcel, U.S.P.S. or courier|09|1,500 - 1,999 miles|2022|0|S|0|Z|0|S|49.7|
01|00|0100000US|United States||14|Metallic ores and concentrates|21||Parcel, U.S.P.S. or courier|10|2,000 miles or more|2022|0|S|0|S|0|S|0|S
01|00|0100000US|United States||14|Metallic ores and concentrates|22||Truck and rail|001|Total|2022|1807||698||18.6||24.9|
01|00|0100000US|United States||14|Metallic ores and concentrates|22||Truck and rail|02|Less than 50 miles|2022|0|S|0|S|0|S|0|S
01|00|0100000US|United States||14|Metallic ores and concentrates|22||Truck and rail|04|100 - 249 miles|2022|0|S|0|S|0|S|0|S
01|00|0100000US|United States||14|Metallic ores and concentrates|22||Truck and rail|05|250 - 499 miles|2022|865||512||36.6||27.9|
01|00|0100000US|United States||14|Metallic ores and concentrates|22||Truck and rail|06|500 - 749 miles|2022|0|S|67||0|S|46.1|
01|00|0100000US|United States||14|Metallic ores and concentrates|22||Truck and rail|07|750 - 999 miles|2022|780||41||25.4||17.3|
01|00|0100000US|United States||14|Metallic ores and concentrates|22||Truck and rail|08|1,000 - 1,499 miles|2022|0|S|0|S|0|S|0|S
01|00|0100000US|United States||14|Metallic ores and concentrates|22||Truck and rail|09|1,500 - 1,999 miles|2022|0|S|0|S|0|S|0|S
01|00|0100000US|United States||14|Metallic ores and concentrates|22||Truck and rail|10|2,000 miles or more|2022|0|S|0|S|0|S|0|S
01|00|0100000US|United States||14|Metallic ores and concentrates|23||Truck and water|001|Total|2022|0|S|0|S|0|S|0|S
01|00|0100000US|United States||14|Metallic ores and concentrates|23||Truck and water|05|250 - 499 miles|2022|0|S|0|S|0|S|0|S
01|00|0100000US|United States||14|Metallic ores and concentrates|23||Truck and water|07|750 - 999 miles|2022|0|S|0|S|0|S|0|S
01|00|0100000US|United States||14|Metallic ores and concentrates|23||Truck and water|09|1,500 - 1,999 miles|2022|0|S|0|S|0|S|0|S
01|00|0100000US|United States||14|Metallic ores and concentrates|23||Truck and water|10|2,000 miles or more|2022|0|S|0|S|0|S|0|S
01|00|0100000US|United States||14|Metallic ores and concentrates|24||Rail and water|001|Total|2022|2722||31774||24.2||26|
01|00|0100000US|United States||14|Metallic ores and concentrates|24||Rail and water|03|50 - 99 miles|2022|172||1987||14.3||10.7|
01|00|0100000US|United States||14|Metallic ores and concentrates|24||Rail and water|05|250 - 499 miles|2022|760||8527||27.5||27|
01|00|0100000US|United States||14|Metallic ores and concentrates|24||Rail and water|06|500 - 749 miles|2022|1269||15118||42.1||48.7|
01|00|0100000US|United States||14|Metallic ores and concentrates|24||Rail and water|07|750 - 999 miles|2022|522||6142||25.2||28.8|
01|00|0100000US|United States||14|Metallic ores and concentrates|30|z|Unknown mode|001|Total|2022|0|S|0|S|0|S|0|S
01|00|0100000US|United States||14|Metallic ores and concentrates|30|z|Unknown mode|04|100 - 249 miles|2022|2||0|S|30.7||0|S
01|00|0100000US|United States||14|Metallic ores and concentrates|30|z|Unknown mode|05|250 - 499 miles|2022|0|S|0|S|0|S|0|S
01|00|0100000US|United States||14|Metallic ores and concentrates|30|z|Unknown mode|06|500 - 749 miles|2022|0|S|0|S|0|S|0|S
01|00|0100000US|United States||14|Metallic ores and concentrates|30|z|Unknown mode|07|750 - 999 miles|2022|0|S|0|S|0|S|0|S
01|00|0100000US|United States||14|Metallic ores and concentrates|30|z|Unknown mode|09|1,500 - 1,999 miles|2022|0|S|0|S|0|S|0|S
01|00|0100000US|United States||15|Coal|00||All modes|001|Total|2022|31883||560513||10.6||9.1|
01|00|0100000US|United States||15|Coal|00||All modes|02|Less than 50 miles|2022|8076||168844||19.4||15.2|
01|00|0100000US|United States||15|Coal|00||All modes|03|50 - 99 miles|2022|3882||79532||40.4||40.7|
01|00|0100000US|United States||15|Coal|00||All modes|04|100 - 249 miles|2022|6818||98190||12.7||18.1|
01|00|0100000US|United States||15|Coal|00||All modes|05|250 - 499 miles|2022|8880||88820||27||15.8|
01|00|0100000US|United States||15|Coal|00||All modes|06|500 - 749 miles|2022|1486||46343||20.7||20|
01|00|0100000US|United States||15|Coal|00||All modes|07|750 - 999 miles|2022|656||23478||26.2||24.5|
01|00|0100000US|United States||15|Coal|00||All modes|08|1,000 - 1,499 miles|2022|1782||0|S|45.6||0|S
01|00|0100000US|United States||15|Coal|00||All modes|09|1,500 - 1,999 miles|2022|147||1972||43.8||37.7|
01|00|0100000US|United States||15|Coal|00||All modes|10|2,000 miles or more|2022|0|S|0|S|0|S|0|S
01|00|0100000US|United States||15|Coal|10||Single modes|001|Total|2022|26017||486618||11.8||11.1|
01|00|0100000US|United States||15|Coal|10||Single modes|02|Less than 50 miles|2022|7332||157477||21.3||16.1|
01|00|0100000US|United States||15|Coal|10||Single modes|03|50 - 99 miles|2022|3333||67792||44.1||43.6|
01|00|0100000US|United States||15|Coal|10||Single modes|04|100 - 249 miles|2022|5061||79334||16.8||22.3|
01|00|0100000US|United States||15|Coal|10||Single modes|05|250 - 499 miles|2022|6785||73318||24.4||19.9|
01|00|0100000US|United States||15|Coal|10||Single modes|06|500 - 749 miles|2022|1105||36854||20.7||21.1|
01|00|0100000US|United States||15|Coal|10||Single modes|07|750 - 999 miles|2022|558||20422||28.2||24.5|
01|00|0100000US|United States||15|Coal|10||Single modes|08|1,000 - 1,499 miles|2022|1694||0|S|47.9||0|S
01|00|0100000US|United States||15|Coal|10||Single modes|09|1,500 - 1,999 miles|2022|137||1557||46.5||47.5|
01|00|0100000US|United States||15|Coal|10||Single modes|10|2,000 miles or more|2022|0|S|0|S|0|S|0|S
01|00|0100000US|United States||15|Coal|11|n|Truck|001|Total|2022|5098||91863||42.9||39.6|
01|00|0100000US|United States||15|Coal|11|n|Truck|02|Less than 50 miles|2022|3271||52474||45.3||41|
01|00|0100000US|United States||15|Coal|11|n|Truck|03|50 - 99 miles|2022|0|S|0|S|0|S|0|S
01|00|0100000US|United States||15|Coal|11|n|Truck|04|100 - 249 miles|2022|327||5081||23||28.7|
01|00|0100000US|United States||15|Coal|11|n|Truck|05|250 - 499 miles|2022|0|S|0|S|0|S|0|S
01|00|0100000US|United States||15|Coal|11|n|Truck|06|500 - 749 miles|2022|21||156||31.8||31.6|
01|00|0100000US|United States||15|Coal|11|n|Truck|07|750 - 999 miles|2022|2||36||13.4||27.8|
01|00|0100000US|United States||15|Coal|11|n|Truck|08|1,000 - 1,499 miles|2022|0|S|0|S|0|S|0|S
01|00|0100000US|United States||15|Coal|11|n|Truck|09|1,500 - 1,999 miles|2022|0|S|0|S|0|S|0|S
01|00|0100000US|United States||15|Coal|11|n|Truck|10|2,000 miles or more|2022|0|S|0|S|0|S|0|S
01|00|0100000US|United States||15|Coal|111||For-hire truck|001|Total|2022|4225||64571||47.4||42.6|
01|00|0100000US|United States||15|Coal|111||For-hire truck|02|Less than 50 miles|2022|3070||46962||48.7||46.9|
01|00|0100000US|United States||15|Coal|111||For-hire truck|03|50 - 99 miles|2022|0|S|0|S|0|S|0|S
01|00|0100000US|United States||15|Coal|111||For-hire truck|04|100 - 249 miles|2022|200||3816||25.6||27.3|
01|00|0100000US|United States||15|Coal|111||For-hire truck|05|250 - 499 miles|2022|0|S|0|S|0|S|0|S
01|00|0100000US|United States||15|Coal|111||For-hire truck|06|500 - 749 miles|2022|14||99||36.2||28.5|
01|00|0100000US|United States||15|Coal|111||For-hire truck|07|750 - 999 miles|2022|1||26||15.2||37.4|
01|00|0100000US|United States||15|Coal|111||For-hire truck|08|1,000 - 1,499 miles|2022|0|S|0|S|0|S|0|S
01|00|0100000US|United States||15|Coal|111||For-hire truck|10|2,000 miles or more|2022|0|S|0|S|0|S|0|S
01|00|0100000US|United States||15|Coal|112||Company-owned truck|001|Total|2022|0|S|0|S|0|S|0|S
01|00|0100000US|United States||15|Coal|112||Company-owned truck|02|Less than 50 miles|2022|200||5500||24.6||32.3|
01|00|0100000US|United States||15|Coal|112||Company-owned truck|03|50 - 99 miles|2022|0|S|0|S|0|S|0|S
01|00|0100000US|United States||15|Coal|112||Company-owned truck|04|100 - 249 miles|2022|50||0|S|49.9||0|S
01|00|0100000US|United States||15|Coal|112||Company-owned truck|05|250 - 499 miles|2022|0|S|0|S|0|S|0|S
01|00|0100000US|United States||15|Coal|113|o|Customer pick-up|001|Total|2022|139||978||43.9||35.4|
01|00|0100000US|United States||15|Coal|113|o|Customer pick-up|02|Less than 50 miles|2022|1||13||18.4||9.2|
01|00|0100000US|United States||15|Coal|113|o|Customer pick-up|03|50 - 99 miles|2022|0|S|0|S|0|S|0|S
01|00|0100000US|United States||15|Coal|113|o|Customer pick-up|04|100 - 249 miles|2022|0|S|0|S|0|S|0|S
01|00|0100000US|United States||15|Coal|113|o|Customer pick-up|05|250 - 499 miles|2022|0|S|0|S|0|S|0|S
01|00|0100000US|United States||15|Coal|113|o|Customer pick-up|06|500 - 749 miles|2022|0|S|0|S|0|S|0|S
01|00|0100000US|United States||15|Coal|113|o|Customer pick-up|07|750 - 999 miles|2022|0|S|0|S|0|S|0|S
01|00|0100000US|United States||15|Coal|113|o|Customer pick-up|08|1,000 - 1,499 miles|2022|0|S|0|S|0|S|0|S
01|00|0100000US|United States||15|Coal|113|o|Customer pick-up|09|1,500 - 1,999 miles|2022|0|S|0|S|0|S|0|S
01|00|0100000US|United States||15|Coal|113|o|Customer pick-up|10|2,000 miles or more|2022|0|S|0|S|0|S|0|S
01|00|0100000US|United States||15|Coal|12||Rail|001|Total|2022|18100||319674||12.6||13.8|
01|00|0100000US|United States||15|Coal|12||Rail|02|Less than 50 miles|2022|2430||58811||18.3||27.8|
01|00|0100000US|United States||15|Coal|12||Rail|03|50 - 99 miles|2022|0|S|0|S|0|S|0|S
01|00|0100000US|United States||15|Coal|12||Rail|04|100 - 249 miles|2022|4039||59044||21.6||29|
01|00|0100000US|United States||15|Coal|12||Rail|05|250 - 499 miles|2022|6651||71125||25.4||21.5|
01|00|0100000US|United States||15|Coal|12||Rail|06|500 - 749 miles|2022|1084||36698||21.2||21.2|
01|00|0100000US|United States||15|Coal|12||Rail|07|750 - 999 miles|2022|556||20386||28.4||24.6|
01|00|0100000US|United States||15|Coal|12||Rail|08|1,000 - 1,499 miles|2022|1682||0|S|45.3||0|S
01|00|0100000US|United States||15|Coal|12||Rail|09|1,500 - 1,999 miles|2022|0|S|0|S|0|S|0|S
01|00|0100000US|United States||15|Coal|13||Water|001|Total|2022|1518||37622||14.1||20.7|
01|00|0100000US|United States||15|Coal|13||Water|02|Less than 50 miles|2022|330||8732||24.3||25.8|
01|00|0100000US|United States||15|Coal|13||Water|03|50 - 99 miles|2022|493||13682||11.3||10.7|
01|00|0100000US|United States||15|Coal|13||Water|04|100 - 249 miles|2022|696||15209||15.3||21.5|
01|00|0100000US|United States||15|Coal|131||Inland water|001|Total|2022|1518||37622||14.1||20.7|
01|00|0100000US|United States||15|Coal|131||Inland water|02|Less than 50 miles|2022|330||8732||24.3||25.8|
01|00|0100000US|United States||15|Coal|131||Inland water|03|50 - 99 miles|2022|493||13682||11.3||10.7|
01|00|0100000US|United States||15|Coal|131||Inland water|04|100 - 249 miles|2022|696||15209||15.3||21.5|
01|00|0100000US|United States||15|Coal|16|x|Other single modes|001|Total|2022|1301||37460||47.5||39.5|
01|00|0100000US|United States||15|Coal|16|x|Other single modes|02|Less than 50 miles|2022|1301||37460||47.5||39.5|
01|00|0100000US|United States||15|Coal|20||Multiple modes|001|Total|2022|5866||73895||24.1||15.2|
01|00|0100000US|United States||15|Coal|20||Multiple modes|02|Less than 50 miles|2022|744||11368||17.6||15.3|
01|00|0100000US|United States||15|Coal|20||Multiple modes|03|50 - 99 miles|2022|549||11740||23.1||27.7|
01|00|0100000US|United States||15|Coal|20||Multiple modes|04|100 - 249 miles|2022|1757||18855||17.3||16.2|
01|00|0100000US|United States||15|Coal|20||Multiple modes|05|250 - 499 miles|2022|0|S|15502||0|S|40|
01|00|0100000US|United States||15|Coal|20||Multiple modes|06|500 - 749 miles|2022|0|S|0|S|0|S|0|S
01|00|0100000US|United States||15|Coal|20||Multiple modes|07|750 - 999 miles|2022|99||3056||46.8||33.8|
01|00|0100000US|United States||15|Coal|20||Multiple modes|08|1,000 - 1,499 miles|2022|88||2998||38.5||24.2|
01|00|0100000US|United States||15|Coal|20||Multiple modes|09|1,500 - 1,999 miles|2022|0|S|0|S|0|S|0|S
01|00|0100000US|United States||15|Coal|20||Multiple modes|10|2,000 miles or more|2022|0|S|0|S|0|S|0|S
01|00|0100000US|United States||15|Coal|22||Truck and rail|001|Total|2022|3497||42488||33.6||18.5|
01|00|0100000US|United States||15|Coal|22||Truck and rail|02|Less than 50 miles|2022|332||6004||27.2||29.2|
01|00|0100000US|United States||15|Coal|22||Truck and rail|03|50 - 99 miles|2022|384||8407||35.2||40.8|
01|00|0100000US|United States||15|Coal|22||Truck and rail|04|100 - 249 miles|2022|432||5208||41.5||42.9|
01|00|0100000US|United States||15|Coal|22||Truck and rail|05|250 - 499 miles|2022|0|S|14677||0|S|38.7|
01|00|0100000US|United States||15|Coal|22||Truck and rail|06|500 - 749 miles|2022|39||2347||22.5||22.5|
01|00|0100000US|United States||15|Coal|22||Truck and rail|07|750 - 999 miles|2022|56||1959||13.6||36.7|
01|00|0100000US|United States||15|Coal|22||Truck and rail|08|1,000 - 1,499 miles|2022|88||2998||38.5||24.2|
01|00|0100000US|United States||15|Coal|22||Truck and rail|09|1,500 - 1,999 miles|2022|0|S|0|S|0|S|0|S
01|00|0100000US|United States||15|Coal|22||Truck and rail|10|2,000 miles or more|2022|0|S|0|S|0|S|0|S
01|00|0100000US|United States||15|Coal|23||Truck and water|001|Total|2022|2206||28720||16.1||25.5|
01|00|0100000US|United States||15|Coal|23||Truck and water|02|Less than 50 miles|2022|307||4130||16.9||23.1|
01|00|0100000US|United States||15|Coal|23||Truck and water|03|50 - 99 miles|2022|109||1918||44.7||10.5|
01|00|0100000US|United States||15|Coal|23||Truck and water|04|100 - 249 miles|2022|1325||13647||20.8||19.8|
01|00|0100000US|United States||15|Coal|23||Truck and water|05|250 - 499 miles|2022|81||824||5.5||5.5|
01|00|0100000US|United States||15|Coal|23||Truck and water|06|500 - 749 miles|2022|0|S|0|S|0|S|0|S
01|00|0100000US|United States||15|Coal|23||Truck and water|07|750 - 999 miles|2022|0|S|0|S|0|S|0|S
01|00|0100000US|United States||15|Coal|24||Rail and water|001|Total|2022|0|S|0|S|0|S|0|S
01|00|0100000US|United States||15|Coal|24||Rail and water|02|Less than 50 miles|2022|0|S|0|S|0|S|0|S
01|00|0100000US|United States||15|Coal|24||Rail and water|03|50 - 99 miles|2022|0|S|0|S|0|S|0|S
01|00|0100000US|United States||15|Coal|24||Rail and water|07|750 - 999 miles|2022|0|S|0|S|0|S|0|S
01|00|0100000US|United States||17|Gasoline and aviation turbine fuel|00||All modes|001|Total|2022|893816||1036594||3.1||3.4|
01|00|0100000US|United States||17|Gasoline and aviation turbine fuel|00||All modes|02|Less than 50 miles|2022|681755||790678||5.3||5.4|
01|00|0100000US|United States||17|Gasoline and aviation turbine fuel|00||All modes|03|50 - 99 miles|2022|72866||81786||13.6||13.3|
01|00|0100000US|United States||17|Gasoline and aviation turbine fuel|00||All modes|04|100 - 249 miles|2022|70304||78736||17.6||18.9|
01|00|0100000US|United States||17|Gasoline and aviation turbine fuel|00||All modes|05|250 - 499 miles|2022|29763||35516||21.3||21.6|
01|00|0100000US|United States||17|Gasoline and aviation turbine fuel|00||All modes|06|500 - 749 miles|2022|10937||14633||14.5||15.1|
01|00|0100000US|United States||17|Gasoline and aviation turbine fuel|00||All modes|07|750 - 999 miles|2022|13744||17215||11.6||10.9|
01|00|0100000US|United States||17|Gasoline and aviation turbine fuel|00||All modes|08|1,000 - 1,499 miles|2022|10913||14982||17.8||17.5|
01|00|0100000US|United States||17|Gasoline and aviation turbine fuel|00||All modes|09|1,500 - 1,999 miles|2022|0|S|0|S|0|S|0|S
01|00|0100000US|United States||17|Gasoline and aviation turbine fuel|00||All modes|10|2,000 miles or more|2022|0|S|0|S|0|S|0|S
01|00|0100000US|United States||17|Gasoline and aviation turbine fuel|10||Single modes|001|Total|2022|874129||1011902||3.2||3.4|
01|00|0100000US|United States||17|Gasoline and aviation turbine fuel|10||Single modes|02|Less than 50 miles|2022|676992||785276||5.5||5.6|
01|00|0100000US|United States||17|Gasoline and aviation turbine fuel|10||Single modes|03|50 - 99 miles|2022|69695||78312||13.8||13.6|
01|00|0100000US|United States||17|Gasoline and aviation turbine fuel|10||Single modes|04|100 - 249 miles|2022|69129||77218||17.7||19.2|
01|00|0100000US|United States||17|Gasoline and aviation turbine fuel|10||Single modes|05|250 - 499 miles|2022|28933||34402||22||22.3|
01|00|0100000US|United States||17|Gasoline and aviation turbine fuel|10||Single modes|06|500 - 749 miles|2022|7212||9676||17.5||18.5|
01|00|0100000US|United States||17|Gasoline and aviation turbine fuel|10||Single modes|07|750 - 999 miles|2022|10366||12963||14.8||14.1|
01|00|0100000US|United States||17|Gasoline and aviation turbine fuel|10||Single modes|08|1,000 - 1,499 miles|2022|8290||11031||23.4||24.1|
01|00|0100000US|United States||17|Gasoline and aviation turbine fuel|10||Single modes|09|1,500 - 1,999 miles|2022|0|S|0|S|0|S|0|S
01|00|0100000US|United States||17|Gasoline and aviation turbine fuel|10||Single modes|10|2,000 miles or more|2022|0|S|0|S|0|S|0|S
01|00|0100000US|United States||17|Gasoline and aviation turbine fuel|11|n|Truck|001|Total|2022|501510||583532||7.4||8.3|
01|00|0100000US|United States||17|Gasoline and aviation turbine fuel|11|n|Truck|02|Less than 50 miles|2022|422781||496428||8.3||9.5|
01|00|0100000US|United States||17|Gasoline and aviation turbine fuel|11|n|Truck|03|50 - 99 miles|2022|41018||47717||8.5||9.6|
01|00|0100000US|United States||17|Gasoline and aviation turbine fuel|11|n|Truck|04|100 - 249 miles|2022|29893||31451||24.8||22.2|
01|00|0100000US|United States||17|Gasoline and aviation turbine fuel|11|n|Truck|05|250 - 499 miles|2022|3879||4569||19.9||21|
01|00|0100000US|United States||17|Gasoline and aviation turbine fuel|11|n|Truck|06|500 - 749 miles|2022|310||353||24.3||26|
01|00|0100000US|United States||17|Gasoline and aviation turbine fuel|11|n|Truck|07|750 - 999 miles|2022|1017||1026||36.5||31.7|
01|00|0100000US|United States||17|Gasoline and aviation turbine fuel|11|n|Truck|08|1,000 - 1,499 miles|2022|417||449||38.3||40.2|
01|00|0100000US|United States||17|Gasoline and aviation turbine fuel|11|n|Truck|09|1,500 - 1,999 miles|2022|0|S|0|S|0|S|0|S
01|00|0100000US|United States||17|Gasoline and aviation turbine fuel|11|n|Truck|10|2,000 miles or more|2022|0|S|0|S|0|S|0|S
01|00|0100000US|United States||17|Gasoline and aviation turbine fuel|111||For-hire truck|001|Total|2022|281172||342435||12.8||13|
01|00|0100000US|United States||17|Gasoline and aviation turbine fuel|111||For-hire truck|02|Less than 50 miles|2022|226008||281669||15.1||15.2|
01|00|0100000US|United States||17|Gasoline and aviation turbine fuel|111||For-hire truck|03|50 - 99 miles|2022|27110||32293||14||14.7|
01|00|0100000US|United States||17|Gasoline and aviation turbine fuel|111||For-hire truck|04|100 - 249 miles|2022|21784||22296||36||33.2|
01|00|0100000US|United States||17|Gasoline and aviation turbine fuel|111||For-hire truck|05|250 - 499 miles|2022|3094||3662||22.4||23.9|
01|00|0100000US|United States||17|Gasoline and aviation turbine fuel|111||For-hire truck|06|500 - 749 miles|2022|243||267||28.2||31.3|
01|00|0100000US|United States||17|Gasoline and aviation turbine fuel|111||For-hire truck|07|750 - 999 miles|2022|818||788||44.5||36.3|
01|00|0100000US|United States||17|Gasoline and aviation turbine fuel|111||For-hire truck|08|1,000 - 1,499 miles|2022|0|S|0|S|0|S|0|S
01|00|0100000US|United States||17|Gasoline and aviation turbine fuel|111||For-hire truck|09|1,500 - 1,999 miles|2022|0|S|0|S|0|S|0|S
01|00|0100000US|United States||17|Gasoline and aviation turbine fuel|111||For-hire truck|10|2,000 miles or more|2022|0|S|0|S|0|S|0|S
01|00|0100000US|United States||17|Gasoline and aviation turbine fuel|112||Company-owned truck|001|Total|2022|88954||96870||9.3||9.8|
01|00|0100000US|United States||17|Gasoline and aviation turbine fuel|112||Company-owned truck|02|Less than 50 miles|2022|76900||83412||11.3||12.3|
01|00|0100000US|United States||17|Gasoline and aviation turbine fuel|112||Company-owned truck|03|50 - 99 miles|2022|8624||9610||10.8||12|
01|00|0100000US|United States||17|Gasoline and aviation turbine fuel|112||Company-owned truck|04|100 - 249 miles|2022|2885||3235||18.9||19.6|
01|00|0100000US|United States||17|Gasoline and aviation turbine fuel|112||Company-owned truck|05|250 - 499 miles|2022|436||481||41.3||41.3|
01|00|0100000US|United States||17|Gasoline and aviation turbine fuel|112||Company-owned truck|06|500 - 749 miles|2022|0|S|0|S|0|S|0|S
01|00|0100000US|United States||17|Gasoline and aviation turbine fuel|112||Company-owned truck|07|750 - 999 miles|2022|0|S|0|S|0|S|0|S
01|00|0100000US|United States||17|Gasoline and aviation turbine fuel|112||Company-owned truck|08|1,000 - 1,499 miles|2022|0|S|0|S|0|S|0|S
01|00|0100000US|United States||17|Gasoline and aviation turbine fuel|112||Company-owned truck|09|1,500 - 1,999 miles|2022|3||3||42.4||39.2|
01|00|0100000US|United States||17|Gasoline and aviation turbine fuel|113|o|Customer pick-up|001|Total|2022|131383||144227||15.5||16.1|
01|00|0100000US|United States||17|Gasoline and aviation turbine fuel|113|o|Customer pick-up|02|Less than 50 miles|2022|119873||131346||16.5||17.4|
01|00|0100000US|United States||17|Gasoline and aviation turbine fuel|113|o|Customer pick-up|03|50 - 99 miles|2022|5284||5815||11.9||11.4|
01|00|0100000US|United States||17|Gasoline and aviation turbine fuel|113|o|Customer pick-up|04|100 - 249 miles|2022|5224||5921||18.8||19.4|
01|00|0100000US|United States||17|Gasoline and aviation turbine fuel|113|o|Customer pick-up|05|250 - 499 miles|2022|348||425||26.2||29.5|
01|00|0100000US|United States||17|Gasoline and aviation turbine fuel|113|o|Customer pick-up|06|500 - 749 miles|2022|21||24||44.8||45.9|
01|00|0100000US|United States||17|Gasoline and aviation turbine fuel|113|o|Customer pick-up|07|750 - 999 miles|2022|0|S|0|S|0|S|0|S
01|00|0100000US|United States||17|Gasoline and aviation turbine fuel|113|o|Customer pick-up|08|1,000 - 1,499 miles|2022|121||129||10.7||13.7|
01|00|0100000US|United States||17|Gasoline and aviation turbine fuel|113|o|Customer pick-up|09|1,500 - 1,999 miles|2022|0|Z|0|Z|40.3||16.3|
01|00|0100000US|United States||17|Gasoline and aviation turbine fuel|113|o|Customer pick-up|10|2,000 miles or more|2022|346||359||9.9||4.7|
01|00|0100000US|United States||17|Gasoline and aviation turbine fuel|12||Rail|001|Total|2022|43865||54863||17.6||16.5|
01|00|0100000US|United States||17|Gasoline and aviation turbine fuel|12||Rail|02|Less than 50 miles|2022|15354||16903||32||28.7|
01|00|0100000US|United States||17|Gasoline and aviation turbine fuel|12||Rail|03|50 - 99 miles|2022|1798||2251||44.1||41.6|
01|00|0100000US|United States||17|Gasoline and aviation turbine fuel|12||Rail|04|100 - 249 miles|2022|5093||5869||31.2||33.3|
01|00|0100000US|United States||17|Gasoline and aviation turbine fuel|12||Rail|05|250 - 499 miles|2022|6101||9108||49.3||49.2|
01|00|0100000US|United States||17|Gasoline and aviation turbine fuel|12||Rail|06|500 - 749 miles|2022|4149||5392||14.4||14.5|
01|00|0100000US|United States||17|Gasoline and aviation turbine fuel|12||Rail|07|750 - 999 miles|2022|4973||6797||22.4||22.9|
01|00|0100000US|United States||17|Gasoline and aviation turbine fuel|12||Rail|08|1,000 - 1,499 miles|2022|5352||7414||16.2||17.5|
01|00|0100000US|United States||17|Gasoline and aviation turbine fuel|12||Rail|09|1,500 - 1,999 miles|2022|0|S|0|S|0|S|0|S
01|00|0100000US|United States||17|Gasoline and aviation turbine fuel|13||Water|001|Total|2022|25441||27565||32.3||32.5|
01|00|0100000US|United States||17|Gasoline and aviation turbine fuel|13||Water|02|Less than 50 miles|2022|18369||20097||29.7||30.6|
01|00|0100000US|United States||17|Gasoline and aviation turbine fuel|13||Water|03|50 - 99 miles|2022|0|S|0|S|0|S|0|S
01|00|0100000US|United States||17|Gasoline and aviation turbine fuel|13||Water|04|100 - 249 miles|2022|3108||3432||20.3||26.2|
01|00|0100000US|United States||17|Gasoline and aviation turbine fuel|13||Water|05|250 - 499 miles|2022|0|S|0|S|0|S|0|S
01|00|0100000US|United States||17|Gasoline and aviation turbine fuel|13||Water|10|2,000 miles or more|2022|0|S|0|S|0|S|0|S
01|00|0100000US|United States||17|Gasoline and aviation turbine fuel|131||Inland water|001|Total|2022|0|S|0|S|0|S|0|S
01|00|0100000US|United States||17|Gasoline and aviation turbine fuel|131||Inland water|02|Less than 50 miles|2022|0|S|0|S|0|S|0|S
01|00|0100000US|United States||17|Gasoline and aviation turbine fuel|131||Inland water|04|100 - 249 miles|2022|688||0|S|38.7||0|S
01|00|0100000US|United States||17|Gasoline and aviation turbine fuel|131||Inland water|05|250 - 499 miles|2022|0|S|0|S|0|S|0|S
01|00|0100000US|United States||17|Gasoline and aviation turbine fuel|133||Deep sea|001|Total|2022|20196||21501||26.4||26.4|
01|00|0100000US|United States||17|Gasoline and aviation turbine fuel|133||Deep sea|02|Less than 50 miles|2022|14040||15163||25.2||23.1|
01|00|0100000US|United States||17|Gasoline and aviation turbine fuel|133||Deep sea|03|50 - 99 miles|2022|0|S|0|S|0|S|0|S
01|00|0100000US|United States||17|Gasoline and aviation turbine fuel|133||Deep sea|04|100 - 249 miles|2022|2419||2554||13||20|
01|00|0100000US|United States||17|Gasoline and aviation turbine fuel|133||Deep sea|10|2,000 miles or more|2022|0|S|0|S|0|S|0|S
01|00|0100000US|United States||17|Gasoline and aviation turbine fuel|14||Air (includes truck and air)|001|Total|2022|0|S|0|S|0|S|0|S
01|00|0100000US|United States||17|Gasoline and aviation turbine fuel|14||Air (includes truck and air)|04|100 - 249 miles|2022|0|S|1||0|S|43.8|
01|00|0100000US|United States||17|Gasoline and aviation turbine fuel|14||Air (includes truck and air)|05|250 - 499 miles|2022|0|S|0|S|0|S|0|S
01|00|0100000US|United States||17|Gasoline and aviation turbine fuel|14||Air (includes truck and air)|06|500 - 749 miles|2022|0|S|0|S|0|S|0|S
01|00|0100000US|United States||17|Gasoline and aviation turbine fuel|14||Air (includes truck and air)|07|750 - 999 miles|2022|0|S|0|S|0|S|0|S
01|00|0100000US|United States||17|Gasoline and aviation turbine fuel|14||Air (includes truck and air)|08|1,000 - 1,499 miles|2022|0|S|0|S|0|S|0|S
01|00|0100000US|United States||17|Gasoline and aviation turbine fuel|14||Air (includes truck and air)|09|1,500 - 1,999 miles|2022|0|S|0|S|0|S|0|S
01|00|0100000US|United States||17|Gasoline and aviation turbine fuel|14||Air (includes truck and air)|10|2,000 miles or more|2022|0|S|0|Z|0|S|36.5|
01|00|0100000US|United States||17|Gasoline and aviation turbine fuel|15||Pipeline|001|Total|2022|303307||345933||6.7||7|
01|00|0100000US|United States||17|Gasoline and aviation turbine fuel|15||Pipeline|02|Less than 50 miles|2022|220488||251848||10.7||10.2|
01|00|0100000US|United States||17|Gasoline and aviation turbine fuel|15||Pipeline|03|50 - 99 miles|2022|23413||24916||31.5||30.1|
01|00|0100000US|United States||17|Gasoline and aviation turbine fuel|15||Pipeline|04|100 - 249 miles|2022|31034||36465||25.5||27|
01|00|0100000US|United States||17|Gasoline and aviation turbine fuel|15||Pipeline|05|250 - 499 miles|2022|18725||20474||18.6||18.1|
01|00|0100000US|United States||17|Gasoline and aviation turbine fuel|15||Pipeline|06|500 - 749 miles|2022|2749||3924||24.8||25.3|
01|00|0100000US|United States||17|Gasoline and aviation turbine fuel|15||Pipeline|07|750 - 999 miles|2022|4376||5139||25||24.4|
01|00|0100000US|United States||17|Gasoline and aviation turbine fuel|15||Pipeline|08|1,000 - 1,499 miles|2022|0|S|0|S|0|S|0|S
01|00|0100000US|United States||17|Gasoline and aviation turbine fuel|20||Multiple modes|001|Total|2022|19614||24625||16||16.7|
01|00|0100000US|United States||17|Gasoline and aviation turbine fuel|20||Multiple modes|02|Less than 50 miles|2022|0|S|0|S|0|S|0|S
01|00|0100000US|United States||17|Gasoline and aviation turbine fuel|20||Multiple modes|03|50 - 99 miles|2022|3161||3465||36.7||35.8|
01|00|0100000US|United States||17|Gasoline and aviation turbine fuel|20||Multiple modes|04|100 - 249 miles|2022|1176||1518||41.9||43.9|
01|00|0100000US|United States||17|Gasoline and aviation turbine fuel|20||Multiple modes|05|250 - 499 miles|2022|829||1113||25.7||27.5|
01|00|0100000US|United States||17|Gasoline and aviation turbine fuel|20||Multiple modes|06|500 - 749 miles|2022|3724||4956||17.5||16.1|
01|00|0100000US|United States||17|Gasoline and aviation turbine fuel|20||Multiple modes|07|750 - 999 miles|2022|3379||4252||30.6||28.3|
01|00|0100000US|United States||17|Gasoline and aviation turbine fuel|20||Multiple modes|08|1,000 - 1,499 miles|2022|2623||3951||21.3||27.9|
01|00|0100000US|United States||17|Gasoline and aviation turbine fuel|20||Multiple modes|09|1,500 - 1,999 miles|2022|19||23||45.7||48|
01|00|0100000US|United States||17|Gasoline and aviation turbine fuel|20||Multiple modes|10|2,000 miles or more|2022|0|S|0|S|0|S|0|S
01|00|0100000US|United States||17|Gasoline and aviation turbine fuel|21||Parcel, U.S.P.S. or courier|001|Total|2022|0|S|0|S|0|S|0|S
01|00|0100000US|United States||17|Gasoline and aviation turbine fuel|21||Parcel, U.S.P.S. or courier|02|Less than 50 miles|2022|0|S|0|S|0|S|0|S
01|00|0100000US|United States||17|Gasoline and aviation turbine fuel|21||Parcel, U.S.P.S. or courier|03|50 - 99 miles|2022|0|S|0|S|0|S|0|S
01|00|0100000US|United States||17|Gasoline and aviation turbine fuel|21||Parcel, U.S.P.S. or courier|04|100 - 249 miles|2022|0|S|0|S|0|S|0|S
01|00|0100000US|United States||17|Gasoline and aviation turbine fuel|21||Parcel, U.S.P.S. or courier|05|250 - 499 miles|2022|0|S|0|S|0|S|0|S
01|00|0100000US|United States||17|Gasoline and aviation turbine fuel|21||Parcel, U.S.P.S. or courier|06|500 - 749 miles|2022|0|S|0|S|0|S|0|S
01|00|0100000US|United States||17|Gasoline and aviation turbine fuel|21||Parcel, U.S.P.S. or courier|07|750 - 999 miles|2022|0|S|0|S|0|S|0|S
01|00|0100000US|United States||17|Gasoline and aviation turbine fuel|21||Parcel, U.S.P.S. or courier|08|1,000 - 1,499 miles|2022|0|S|0|S|0|S|0|S
01|00|0100000US|United States||17|Gasoline and aviation turbine fuel|21||Parcel, U.S.P.S. or courier|09|1,500 - 1,999 miles|2022|0|S|0|S|0|S|0|S
01|00|0100000US|United States||17|Gasoline and aviation turbine fuel|21||Parcel, U.S.P.S. or courier|10|2,000 miles or more|2022|0|Z|0|Z|15||13.6|
01|00|0100000US|United States||17|Gasoline and aviation turbine fuel|22||Truck and rail|001|Total|2022|17709||22422||15.6||15.7|
01|00|0100000US|United States||17|Gasoline and aviation turbine fuel|22||Truck and rail|02|Less than 50 miles|2022|0|S|0|S|0|S|0|S
01|00|0100000US|United States||17|Gasoline and aviation turbine fuel|22||Truck and rail|03|50 - 99 miles|2022|2956||3044||37.1||38.8|
01|00|0100000US|United States||17|Gasoline and aviation turbine fuel|22||Truck and rail|04|100 - 249 miles|2022|571||0|S|49.6||0|S
01|00|0100000US|United States||17|Gasoline and aviation turbine fuel|22||Truck and rail|05|250 - 499 miles|2022|829||1112||25.7||27.5|
01|00|0100000US|United States||17|Gasoline and aviation turbine fuel|22||Truck and rail|06|500 - 749 miles|2022|3532||4686||20.5||19.3|
01|00|0100000US|United States||17|Gasoline and aviation turbine fuel|22||Truck and rail|07|750 - 999 miles|2022|3092||3914||33.7||31|
01|00|0100000US|United States||17|Gasoline and aviation turbine fuel|22||Truck and rail|08|1,000 - 1,499 miles|2022|2622||3950||21.3||27.9|
01|00|0100000US|United States||17|Gasoline and aviation turbine fuel|22||Truck and rail|09|1,500 - 1,999 miles|2022|18||22||30.2||32.3|
01|00|0100000US|United States||17|Gasoline and aviation turbine fuel|23||Truck and water|001|Total|2022|1903||2200||32.1||33.2|
01|00|0100000US|United States||17|Gasoline and aviation turbine fuel|23||Truck and water|02|Less than 50 miles|2022|0|S|0|S|0|S|0|S
01|00|0100000US|United States||17|Gasoline and aviation turbine fuel|23||Truck and water|03|50 - 99 miles|2022|0|S|0|S|0|S|0|S
01|00|0100000US|United States||17|Gasoline and aviation turbine fuel|23||Truck and water|04|100 - 249 miles|2022|604||593||20.4||13.5|
01|00|0100000US|United States||17|Gasoline and aviation turbine fuel|23||Truck and water|06|500 - 749 miles|2022|0|S|0|S|0|S|0|S
01|00|0100000US|United States||17|Gasoline and aviation turbine fuel|23||Truck and water|07|750 - 999 miles|2022|0|S|0|S|0|S|0|S
01|00|0100000US|United States||17|Gasoline and aviation turbine fuel|23||Truck and water|10|2,000 miles or more|2022|0|S|0|S|0|S|0|S
01|00|0100000US|United States||17|Gasoline and aviation turbine fuel|30|z|Unknown mode|001|Total|2022|0|S|0|S|0|S|0|S
01|00|0100000US|United States||17|Gasoline and aviation turbine fuel|30|z|Unknown mode|02|Less than 50 miles|2022|0|S|0|S|0|S|0|S
01|00|0100000US|United States||17|Gasoline and aviation turbine fuel|30|z|Unknown mode|03|50 - 99 miles|2022|0|S|0|S|0|S|0|S
01|00|0100000US|United States||17|Gasoline and aviation turbine fuel|30|z|Unknown mode|05|250 - 499 miles|2022|0|S|0|S|0|S|0|S
01|00|0100000US|United States||17|Gasoline and aviation turbine fuel|30|z|Unknown mode|06|500 - 749 miles|2022|0|S|0|S|0|S|0|S
01|00|0100000US|United States||17|Gasoline and aviation turbine fuel|30|z|Unknown mode|07|750 - 999 miles|2022|0|S|0|S|0|S|0|S
01|00|0100000US|United States||17|Gasoline and aviation turbine fuel|30|z|Unknown mode|08|1,000 - 1,499 miles|2022|0|Z|0|Z|45.6||40.2|
01|00|0100000US|United States||17|Gasoline and aviation turbine fuel|30|z|Unknown mode|09|1,500 - 1,999 miles|2022|0|S|0|S|0|S|0|S
01|00|0100000US|United States||18|Fuel oils|00||All modes|001|Total|2022|608250||672918||7.3||8.3|
01|00|0100000US|United States||18|Fuel oils|00||All modes|02|Less than 50 miles|2022|451002||493440||7.3||7.8|
01|00|0100000US|United States||18|Fuel oils|00||All modes|03|50 - 99 miles|2022|75307||87064||26.4||30.9|
01|00|0100000US|United States||18|Fuel oils|00||All modes|04|100 - 249 miles|2022|40299||43881||11.6||13.5|
01|00|0100000US|United States||18|Fuel oils|00||All modes|05|250 - 499 miles|2022|24790||30861||21.4||26.5|
01|00|0100000US|United States||18|Fuel oils|00||All modes|06|500 - 749 miles|2022|4981||5410||20.9||24.8|
01|00|0100000US|United States||18|Fuel oils|00||All modes|07|750 - 999 miles|2022|3926||4188||19.1||16.1|
01|00|0100000US|United States||18|Fuel oils|00||All modes|08|1,000 - 1,499 miles|2022|0|S|0|S|0|S|0|S
01|00|0100000US|United States||18|Fuel oils|00||All modes|09|1,500 - 1,999 miles|2022|1617||1145||39.8||42.8|
01|00|0100000US|United States||18|Fuel oils|00||All modes|10|2,000 miles or more|2022|100||0|S|43.6||0|S
01|00|0100000US|United States||18|Fuel oils|10||Single modes|001|Total|2022|573124||647619||7.2||8.7|
01|00|0100000US|United States||18|Fuel oils|10||Single modes|02|Less than 50 miles|2022|422607||475704||6.6||8.1|
01|00|0100000US|United States||18|Fuel oils|10||Single modes|03|50 - 99 miles|2022|74588||85790||26.8||31.5|
01|00|0100000US|United States||18|Fuel oils|10||Single modes|04|100 - 249 miles|2022|38505||42217||12.4||14.2|
01|00|0100000US|United States||18|Fuel oils|10||Single modes|05|250 - 499 miles|2022|24281||30484||22.2||27|
01|00|0100000US|United States||18|Fuel oils|10||Single modes|06|500 - 749 miles|2022|4778||5150||22.6||27|
01|00|0100000US|United States||18|Fuel oils|10||Single modes|07|750 - 999 miles|2022|3865||4139||19.4||16.4|
01|00|0100000US|United States||18|Fuel oils|10||Single modes|08|1,000 - 1,499 miles|2022|2908||2988||30.6||31.7|
01|00|0100000US|United States||18|Fuel oils|10||Single modes|09|1,500 - 1,999 miles|2022|1529||1086||42.2||45|
01|00|0100000US|United States||18|Fuel oils|10||Single modes|10|2,000 miles or more|2022|0|S|0|S|0|S|0|S
01|00|0100000US|United States||18|Fuel oils|11|n|Truck|001|Total|2022|318391||340007||3.1||3.7|
01|00|0100000US|United States||18|Fuel oils|11|n|Truck|02|Less than 50 miles|2022|266281||284131||3.2||3.6|
01|00|0100000US|United States||18|Fuel oils|11|n|Truck|03|50 - 99 miles|2022|28104||30078||12.2||12.4|
01|00|0100000US|United States||18|Fuel oils|11|n|Truck|04|100 - 249 miles|2022|16557||17728||14.3||14.6|
01|00|0100000US|United States||18|Fuel oils|11|n|Truck|05|250 - 499 miles|2022|3421||3948||23.7||31.1|
01|00|0100000US|United States||18|Fuel oils|11|n|Truck|06|500 - 749 miles|2022|1272||1629||25||30.7|
01|00|0100000US|United States||18|Fuel oils|11|n|Truck|07|750 - 999 miles|2022|0|S|721||0|S|49.3|
01|00|0100000US|United States||18|Fuel oils|11|n|Truck|08|1,000 - 1,499 miles|2022|1215||1361||47.8||47.5|
01|00|0100000US|United States||18|Fuel oils|11|n|Truck|09|1,500 - 1,999 miles|2022|0|S|0|S|0|S|0|S
01|00|0100000US|United States||18|Fuel oils|11|n|Truck|10|2,000 miles or more|2022|0|S|0|S|0|S|0|S
01|00|0100000US|United States||18|Fuel oils|111||For-hire truck|001|Total|2022|94763||110751||11.4||10.2|
01|00|0100000US|United States||18|Fuel oils|111||For-hire truck|02|Less than 50 miles|2022|68127||84063||11.9||10.5|
01|00|0100000US|United States||18|Fuel oils|111||For-hire truck|03|50 - 99 miles|2022|14203||14622||21.3||20.8|
01|00|0100000US|United States||18|Fuel oils|111||For-hire truck|04|100 - 249 miles|2022|8054||8302||23.1||25.4|
01|00|0100000US|United States||18|Fuel oils|111||For-hire truck|05|250 - 499 miles|2022|2015||1751||22.8||21.7|
01|00|0100000US|United States||18|Fuel oils|111||For-hire truck|06|500 - 749 miles|2022|908||915||36||35|
01|00|0100000US|United States||18|Fuel oils|111||For-hire truck|07|750 - 999 miles|2022|0|S|0|S|0|S|0|S
01|00|0100000US|United States||18|Fuel oils|111||For-hire truck|08|1,000 - 1,499 miles|2022|0|S|0|S|0|S|0|S
01|00|0100000US|United States||18|Fuel oils|111||For-hire truck|09|1,500 - 1,999 miles|2022|0|S|0|S|0|S|0|S
01|00|0100000US|United States||18|Fuel oils|111||For-hire truck|10|2,000 miles or more|2022|0|S|0|S|0|S|0|S
01|00|0100000US|United States||18|Fuel oils|112||Company-owned truck|001|Total|2022|156697||162901||7.1||7.3|
01|00|0100000US|United States||18|Fuel oils|112||Company-owned truck|02|Less than 50 miles|2022|136044||138456||7.6||7.4|
01|00|0100000US|United States||18|Fuel oils|112||Company-owned truck|03|50 - 99 miles|2022|11964||13490||9.4||9.3|
01|00|0100000US|United States||18|Fuel oils|112||Company-owned truck|04|100 - 249 miles|2022|6861||7978||17.6||20.4|
01|00|0100000US|United States||18|Fuel oils|112||Company-owned truck|05|250 - 499 miles|2022|1023||0|S|37.2||0|S
01|00|0100000US|United States||18|Fuel oils|112||Company-owned truck|06|500 - 749 miles|2022|0|S|0|S|0|S|0|S
01|00|0100000US|United States||18|Fuel oils|112||Company-owned truck|07|750 - 999 miles|2022|278||294||39.5||38.6|
01|00|0100000US|United States||18|Fuel oils|112||Company-owned truck|08|1,000 - 1,499 miles|2022|0|S|0|S|0|S|0|S
01|00|0100000US|United States||18|Fuel oils|112||Company-owned truck|09|1,500 - 1,999 miles|2022|0|S|0|S|0|S|0|S
01|00|0100000US|United States||18|Fuel oils|112||Company-owned truck|10|2,000 miles or more|2022|0|S|0|S|0|S|0|S
01|00|0100000US|United States||18|Fuel oils|113|o|Customer pick-up|001|Total|2022|66932||66355||9.1||8.7|
01|00|0100000US|United States||18|Fuel oils|113|o|Customer pick-up|02|Less than 50 miles|2022|62110||61612||8.7||8.1|
01|00|0100000US|United States||18|Fuel oils|113|o|Customer pick-up|03|50 - 99 miles|2022|1937||1965||40.7||41.6|
01|00|0100000US|United States||18|Fuel oils|113|o|Customer pick-up|04|100 - 249 miles|2022|1642||1448||48.4||44.5|
01|00|0100000US|United States||18|Fuel oils|113|o|Customer pick-up|05|250 - 499 miles|2022|383||429||46.9||47.2|
01|00|0100000US|United States||18|Fuel oils|113|o|Customer pick-up|06|500 - 749 miles|2022|0|S|0|S|0|S|0|S
01|00|0100000US|United States||18|Fuel oils|113|o|Customer pick-up|07|750 - 999 miles|2022|0|S|0|S|0|S|0|S
01|00|0100000US|United States||18|Fuel oils|113|o|Customer pick-up|08|1,000 - 1,499 miles|2022|0|S|0|S|0|S|0|S
01|00|0100000US|United States||18|Fuel oils|113|o|Customer pick-up|09|1,500 - 1,999 miles|2022|0|S|0|S|0|S|0|S
01|00|0100000US|United States||18|Fuel oils|12||Rail|001|Total|2022|35599||41363||19.3||20.7|
01|00|0100000US|United States||18|Fuel oils|12||Rail|02|Less than 50 miles|2022|19593||25819||24.7||28.9|
01|00|0100000US|United States||18|Fuel oils|12||Rail|03|50 - 99 miles|2022|7809||7801||36.4||36.1|
01|00|0100000US|United States||18|Fuel oils|12||Rail|04|100 - 249 miles|2022|0|S|0|S|0|S|0|S
01|00|0100000US|United States||18|Fuel oils|12||Rail|05|250 - 499 miles|2022|693||584||29.9||34|
01|00|0100000US|United States||18|Fuel oils|12||Rail|06|500 - 749 miles|2022|1573||1137||41||34.9|
01|00|0100000US|United States||18|Fuel oils|12||Rail|07|750 - 999 miles|2022|1222||1284||30.1||28.6|
01|00|0100000US|United States||18|Fuel oils|12||Rail|08|1,000 - 1,499 miles|2022|861||684||26.4||29.1|
01|00|0100000US|United States||18|Fuel oils|12||Rail|09|1,500 - 1,999 miles|2022|733||490||26.9||30.9|
01|00|0100000US|United States||18|Fuel oils|12||Rail|10|2,000 miles or more|2022|0|S|0|S|0|S|0|S
01|00|0100000US|United States||18|Fuel oils|13||Water|001|Total|2022|47287||53638||29.8||30.8|
01|00|0100000US|United States||18|Fuel oils|13||Water|02|Less than 50 miles|2022|28260||31640||45.5||46.4|
01|00|0100000US|United States||18|Fuel oils|13||Water|03|50 - 99 miles|2022|0|S|0|S|0|S|0|S
01|00|0100000US|United States||18|Fuel oils|13||Water|04|100 - 249 miles|2022|4043||3843||33.7||32.9|
01|00|0100000US|United States||18|Fuel oils|13||Water|05|250 - 499 miles|2022|8518||11614||9.7||8.1|
01|00|0100000US|United States||18|Fuel oils|131||Inland water|001|Total|2022|0|S|0|S|0|S|0|S
01|00|0100000US|United States||18|Fuel oils|131||Inland water|02|Less than 50 miles|2022|0|S|0|S|0|S|0|S
01|00|0100000US|United States||18|Fuel oils|131||Inland water|03|50 - 99 miles|2022|0|S|0|S|0|S|0|S
01|00|0100000US|United States||18|Fuel oils|131||Inland water|04|100 - 249 miles|2022|980||1288||25.5||20.3|
01|00|0100000US|United States||18|Fuel oils|131||Inland water|05|250 - 499 miles|2022|0|S|0|S|0|S|0|S
01|00|0100000US|United States||18|Fuel oils|133||Deep sea|001|Total|2022|24823||27090||34.7||38.5|
01|00|0100000US|United States||18|Fuel oils|133||Deep sea|02|Less than 50 miles|2022|11971||13316||29.7||29.4|
01|00|0100000US|United States||18|Fuel oils|133||Deep sea|03|50 - 99 miles|2022|0|S|0|S|0|S|0|S
01|00|0100000US|United States||18|Fuel oils|133||Deep sea|04|100 - 249 miles|2022|3063||0|S|40.7||0|S
01|00|0100000US|United States||18|Fuel oils|133||Deep sea|05|250 - 499 miles|2022|0|S|0|S|0|S|0|S
01|00|0100000US|United States||18|Fuel oils|14||Air (includes truck and air)|001|Total|2022|0|S|0|S|0|S|0|S
01|00|0100000US|United States||18|Fuel oils|14||Air (includes truck and air)|05|250 - 499 miles|2022|0|S|0|S|0|S|0|S
01|00|0100000US|United States||18|Fuel oils|14||Air (includes truck and air)|06|500 - 749 miles|2022|0|S|0|S|0|S|0|S
01|00|0100000US|United States||18|Fuel oils|14||Air (includes truck and air)|09|1,500 - 1,999 miles|2022|0|S|0|S|0|S|0|S
01|00|0100000US|United States||18|Fuel oils|14||Air (includes truck and air)|10|2,000 miles or more|2022|0|S|0|S|0|S|0|S
01|00|0100000US|United States||18|Fuel oils|15||Pipeline|001|Total|2022|171846||212611||20||23.9|
01|00|0100000US|United States||18|Fuel oils|15||Pipeline|02|Less than 50 miles|2022|108474||134113||18.6||21.9|
01|00|0100000US|United States||18|Fuel oils|15||Pipeline|03|50 - 99 miles|2022|0|S|0|S|0|S|0|S
01|00|0100000US|United States||18|Fuel oils|15||Pipeline|04|100 - 249 miles|2022|14823||17099||21.3||22.6|
01|00|0100000US|United States||18|Fuel oils|15||Pipeline|05|250 - 499 miles|2022|11649||14338||30.2||38.1|
01|00|0100000US|United States||18|Fuel oils|15||Pipeline|06|500 - 749 miles|2022|1933||2383||35.7||34.5|
01|00|0100000US|United States||18|Fuel oils|15||Pipeline|07|750 - 999 miles|2022|1723||2134||33.5||33.6|
01|00|0100000US|United States||18|Fuel oils|15||Pipeline|08|1,000 - 1,499 miles|2022|832||943||34.7||34.1|
01|00|0100000US|United States||18|Fuel oils|15||Pipeline|09|1,500 - 1,999 miles|2022|0|S|0|S|0|S|0|S
01|00|0100000US|United States||18|Fuel oils|20||Multiple modes|001|Total|2022|17875||22171||16.6||16.7|
01|00|0100000US|United States||18|Fuel oils|20||Multiple modes|02|Less than 50 miles|2022|11317||14815||24.8||25.4|
01|00|0100000US|United States||18|Fuel oils|20||Multiple modes|03|50 - 99 miles|2022|0|S|0|S|0|S|0|S
01|00|0100000US|United States||18|Fuel oils|20||Multiple modes|04|100 - 249 miles|2022|0|S|1580||0|S|41.3|
01|00|0100000US|United States||18|Fuel oils|20||Multiple modes|05|250 - 499 miles|2022|491||358||39.7||38.1|
01|00|0100000US|United States||18|Fuel oils|20||Multiple modes|06|500 - 749 miles|2022|0|S|0|S|0|S|0|S
01|00|0100000US|United States||18|Fuel oils|20||Multiple modes|07|750 - 999 miles|2022|0|S|0|S|0|S|0|S
01|00|0100000US|United States||18|Fuel oils|20||Multiple modes|08|1,000 - 1,499 miles|2022|0|S|0|S|0|S|0|S
01|00|0100000US|United States||18|Fuel oils|20||Multiple modes|09|1,500 - 1,999 miles|2022|0|S|0|S|0|S|0|S
01|00|0100000US|United States||18|Fuel oils|20||Multiple modes|10|2,000 miles or more|2022|0|S|0|S|0|S|0|S
01|00|0100000US|United States||18|Fuel oils|21||Parcel, U.S.P.S. or courier|001|Total|2022|6||3||47.1||38|
01|00|0100000US|United States||18|Fuel oils|21||Parcel, U.S.P.S. or courier|02|Less than 50 miles|2022|5||3||44.5||39.8|
01|00|0100000US|United States||18|Fuel oils|21||Parcel, U.S.P.S. or courier|03|50 - 99 miles|2022|0|S|0|S|0|S|0|S
01|00|0100000US|United States||18|Fuel oils|21||Parcel, U.S.P.S. or courier|04|100 - 249 miles|2022|0|S|0|S|0|S|0|S
01|00|0100000US|United States||18|Fuel oils|21||Parcel, U.S.P.S. or courier|05|250 - 499 miles|2022|0|S|0|S|0|S|0|S
01|00|0100000US|United States||18|Fuel oils|21||Parcel, U.S.P.S. or courier|06|500 - 749 miles|2022|0|S|0|S|0|S|0|S
01|00|0100000US|United States||18|Fuel oils|21||Parcel, U.S.P.S. or courier|07|750 - 999 miles|2022|0|S|0|S|0|S|0|S
01|00|0100000US|United States||18|Fuel oils|21||Parcel, U.S.P.S. or courier|08|1,000 - 1,499 miles|2022|0|S|0|S|0|S|0|S
01|00|0100000US|United States||18|Fuel oils|21||Parcel, U.S.P.S. or courier|09|1,500 - 1,999 miles|2022|0|S|0|S|0|S|0|S
01|00|0100000US|United States||18|Fuel oils|21||Parcel, U.S.P.S. or courier|10|2,000 miles or more|2022|0|S|0|S|0|S|0|S
01|00|0100000US|United States||18|Fuel oils|22||Truck and rail|001|Total|2022|8814||11915||15.3||15|
01|00|0100000US|United States||18|Fuel oils|22||Truck and rail|02|Less than 50 miles|2022|5588||8240||29.1||28.4|
01|00|0100000US|United States||18|Fuel oils|22||Truck and rail|03|50 - 99 miles|2022|0|S|0|S|0|S|0|S
01|00|0100000US|United States||18|Fuel oils|22||Truck and rail|04|100 - 249 miles|2022|0|S|1229||0|S|40.9|
01|00|0100000US|United States||18|Fuel oils|22||Truck and rail|05|250 - 499 miles|2022|490||358||36.6||34.9|
01|00|0100000US|United States||18|Fuel oils|22||Truck and rail|06|500 - 749 miles|2022|203||0|S|47.6||0|S
01|00|0100000US|United States||18|Fuel oils|22||Truck and rail|07|750 - 999 miles|2022|0|S|47||0|S|46.2|
01|00|0100000US|United States||18|Fuel oils|22||Truck and rail|08|1,000 - 1,499 miles|2022|332||547||29.1||42.6|
01|00|0100000US|United States||18|Fuel oils|22||Truck and rail|09|1,500 - 1,999 miles|2022|0|S|0|S|0|S|0|S
01|00|0100000US|United States||18|Fuel oils|22||Truck and rail|10|2,000 miles or more|2022|0|S|0|S|0|S|0|S
01|00|0100000US|United States||18|Fuel oils|23||Truck and water|001|Total|2022|9023||10230||27||26.4|
01|00|0100000US|United States||18|Fuel oils|23||Truck and water|02|Less than 50 miles|2022|5724||6572||30.1||30.1|
01|00|0100000US|United States||18|Fuel oils|23||Truck and water|04|100 - 249 miles|2022|308||349||30.1||48.3|
01|00|0100000US|United States||18|Fuel oils|23||Truck and water|08|1,000 - 1,499 miles|2022|0|S|0|S|0|S|0|S
01|00|0100000US|United States||18|Fuel oils|23||Truck and water|10|2,000 miles or more|2022|0|S|0|S|0|S|0|S
01|00|0100000US|United States||18|Fuel oils|24||Rail and water|001|Total|2022|32||22||40.1||45|
01|00|0100000US|United States||18|Fuel oils|24||Rail and water|04|100 - 249 miles|2022|0|S|0|S|0|S|0|S
01|00|0100000US|United States||18|Fuel oils|24||Rail and water|10|2,000 miles or more|2022|27||20||38.2||34|
01|00|0100000US|United States||18|Fuel oils|30|z|Unknown mode|001|Total|2022|17252||3128||42.2||39.7|
01|00|0100000US|United States||18|Fuel oils|30|z|Unknown mode|02|Less than 50 miles|2022|17078||2921||42.5||41.9|
01|00|0100000US|United States||18|Fuel oils|30|z|Unknown mode|03|50 - 99 miles|2022|0|S|0|S|0|S|0|S
01|00|0100000US|United States||18|Fuel oils|30|z|Unknown mode|04|100 - 249 miles|2022|0|S|0|S|0|S|0|S
01|00|0100000US|United States||18|Fuel oils|30|z|Unknown mode|05|250 - 499 miles|2022|0|S|0|S|0|S|0|S
01|00|0100000US|United States||18|Fuel oils|30|z|Unknown mode|06|500 - 749 miles|2022|0|S|0|S|0|S|0|S
01|00|0100000US|United States||18|Fuel oils|30|z|Unknown mode|07|750 - 999 miles|2022|0|S|0|S|0|S|0|S
01|00|0100000US|United States||18|Fuel oils|30|z|Unknown mode|08|1,000 - 1,499 miles|2022|0|S|0|S|0|S|0|S
01|00|0100000US|United States||18|Fuel oils|30|z|Unknown mode|09|1,500 - 1,999 miles|2022|0|S|0|S|0|S|0|S
01|00|0100000US|United States||19|Other coal and petroleum products, not elsewhere classified|00||All modes|001|Total|2022|435905||869758||18.6||11.7|
01|00|0100000US|United States||19|Other coal and petroleum products, not elsewhere classified|00||All modes|02|Less than 50 miles|2022|285383||576266||29.7||16.5|
01|00|0100000US|United States||19|Other coal and petroleum products, not elsewhere classified|00||All modes|03|50 - 99 miles|2022|31906||71128||10.8||18.4|
01|00|0100000US|United States||19|Other coal and petroleum products, not elsewhere classified|00||All modes|04|100 - 249 miles|2022|43924||87698||13.5||23.7|
01|00|0100000US|United States||19|Other coal and petroleum products, not elsewhere classified|00||All modes|05|250 - 499 miles|2022|39973||67808||32.7||38|
01|00|0100000US|United States||19|Other coal and petroleum products, not elsewhere classified|00||All modes|06|500 - 749 miles|2022|16780||29971||36.4||41.8|
01|00|0100000US|United States||19|Other coal and petroleum products, not elsewhere classified|00||All modes|07|750 - 999 miles|2022|8341||13489||18.7||27.9|
01|00|0100000US|United States||19|Other coal and petroleum products, not elsewhere classified|00||All modes|08|1,000 - 1,499 miles|2022|7322||13763||18.3||20.1|
01|00|0100000US|United States||19|Other coal and petroleum products, not elsewhere classified|00||All modes|09|1,500 - 1,999 miles|2022|1745||0|S|12.7||0|S
01|00|0100000US|United States||19|Other coal and petroleum products, not elsewhere classified|00||All modes|10|2,000 miles or more|2022|532||636||29.6||34.1|
01|00|0100000US|United States||19|Other coal and petroleum products, not elsewhere classified|10||Single modes|001|Total|2022|413606||819545||19.7||11.7|
01|00|0100000US|United States||19|Other coal and petroleum products, not elsewhere classified|10||Single modes|02|Less than 50 miles|2022|277042||553781||30.7||16.7|
01|00|0100000US|United States||19|Other coal and petroleum products, not elsewhere classified|10||Single modes|03|50 - 99 miles|2022|28712||66601||9.6||18.5|
01|00|0100000US|United States||19|Other coal and petroleum products, not elsewhere classified|10||Single modes|04|100 - 249 miles|2022|42754||84710||14.2||25.1|
01|00|0100000US|United States||19|Other coal and petroleum products, not elsewhere classified|10||Single modes|05|250 - 499 miles|2022|35410||58383||37.1||44.7|
01|00|0100000US|United States||19|Other coal and petroleum products, not elsewhere classified|10||Single modes|06|500 - 749 miles|2022|14766||26383||42.3||48.8|
01|00|0100000US|United States||19|Other coal and petroleum products, not elsewhere classified|10||Single modes|07|750 - 999 miles|2022|7415||11873||18.5||27.3|
01|00|0100000US|United States||19|Other coal and petroleum products, not elsewhere classified|10||Single modes|08|1,000 - 1,499 miles|2022|5391||9125||16.1||18.2|
01|00|0100000US|United States||19|Other coal and petroleum products, not elsewhere classified|10||Single modes|09|1,500 - 1,999 miles|2022|1616||0|S|13.5||0|S
01|00|0100000US|United States||19|Other coal and petroleum products, not elsewhere classified|10||Single modes|10|2,000 miles or more|2022|500||592||30.6||35.9|
01|00|0100000US|United States||19|Other coal and petroleum products, not elsewhere classified|11|n|Truck|001|Total|2022|243279||494742||28.8||16.2|
01|00|0100000US|United States||19|Other coal and petroleum products, not elsewhere classified|11|n|Truck|02|Less than 50 miles|2022|165708||336275||43.6||23.7|
01|00|0100000US|United States||19|Other coal and petroleum products, not elsewhere classified|11|n|Truck|03|50 - 99 miles|2022|21504||52411||13.9||25.8|
01|00|0100000US|United States||19|Other coal and petroleum products, not elsewhere classified|11|n|Truck|04|100 - 249 miles|2022|27510||58126||16.3||32.8|
01|00|0100000US|United States||19|Other coal and petroleum products, not elsewhere classified|11|n|Truck|05|250 - 499 miles|2022|15262||21539||17.3||18.4|
01|00|0100000US|United States||19|Other coal and petroleum products, not elsewhere classified|11|n|Truck|06|500 - 749 miles|2022|5147||7960||14.3||14|
01|00|0100000US|United States||19|Other coal and petroleum products, not elsewhere classified|11|n|Truck|07|750 - 999 miles|2022|3842||5532||14.4||21.1|
01|00|0100000US|United States||19|Other coal and petroleum products, not elsewhere classified|11|n|Truck|08|1,000 - 1,499 miles|2022|2746||5065||11||24.7|
01|00|0100000US|United States||19|Other coal and petroleum products, not elsewhere classified|11|n|Truck|09|1,500 - 1,999 miles|2022|1148||0|S|14.8||0|S
01|00|0100000US|United States||19|Other coal and petroleum products, not elsewhere classified|11|n|Truck|10|2,000 miles or more|2022|411||478||29.6||38.1|
01|00|0100000US|United States||19|Other coal and petroleum products, not elsewhere classified|111||For-hire truck|001|Total|2022|134577||263598||39.3||22.7|
01|00|0100000US|United States||19|Other coal and petroleum products, not elsewhere classified|111||For-hire truck|02|Less than 50 miles|2022|0|S|155574||0|S|40.5|
01|00|0100000US|United States||19|Other coal and petroleum products, not elsewhere classified|111||For-hire truck|03|50 - 99 miles|2022|10156||32282||24.4||30.8|
01|00|0100000US|United States||19|Other coal and petroleum products, not elsewhere classified|111||For-hire truck|04|100 - 249 miles|2022|20237||34033||16.7||18.9|
01|00|0100000US|United States||19|Other coal and petroleum products, not elsewhere classified|111||For-hire truck|05|250 - 499 miles|2022|12143||17565||21.7||22.4|
01|00|0100000US|United States||19|Other coal and petroleum products, not elsewhere classified|111||For-hire truck|06|500 - 749 miles|2022|4328||6874||15.2||16|
01|00|0100000US|United States||19|Other coal and petroleum products, not elsewhere classified|111||For-hire truck|07|750 - 999 miles|2022|3373||4717||15.9||24.8|
01|00|0100000US|United States||19|Other coal and petroleum products, not elsewhere classified|111||For-hire truck|08|1,000 - 1,499 miles|2022|2575||4855||12.2||25.5|
01|00|0100000US|United States||19|Other coal and petroleum products, not elsewhere classified|111||For-hire truck|09|1,500 - 1,999 miles|2022|1018||0|S|17.4||0|S
01|00|0100000US|United States||19|Other coal and petroleum products, not elsewhere classified|111||For-hire truck|10|2,000 miles or more|2022|396||461||30.8||39.8|
01|00|0100000US|United States||19|Other coal and petroleum products, not elsewhere classified|112||Company-owned truck|001|Total|2022|73950||164583||8.8||18.3|
01|00|0100000US|United States||19|Other coal and petroleum products, not elsewhere classified|112||Company-owned truck|02|Less than 50 miles|2022|55203||120243||11||18.2|
01|00|0100000US|United States||19|Other coal and petroleum products, not elsewhere classified|112||Company-owned truck|03|50 - 99 miles|2022|9823||17959||10.9||21.2|
01|00|0100000US|United States||19|Other coal and petroleum products, not elsewhere classified|112||Company-owned truck|04|100 - 249 miles|2022|6342||0|S|25.6||0|S
01|00|0100000US|United States||19|Other coal and petroleum products, not elsewhere classified|112||Company-owned truck|05|250 - 499 miles|2022|1636||2455||19.1||16.6|
01|00|0100000US|United States||19|Other coal and petroleum products, not elsewhere classified|112||Company-owned truck|06|500 - 749 miles|2022|379||594||36.9||46.2|
01|00|0100000US|United States||19|Other coal and petroleum products, not elsewhere classified|112||Company-owned truck|07|750 - 999 miles|2022|408||739||35.1||42.2|
01|00|0100000US|United States||19|Other coal and petroleum products, not elsewhere classified|112||Company-owned truck|08|1,000 - 1,499 miles|2022|94||123||28.5||29.4|
01|00|0100000US|United States||19|Other coal and petroleum products, not elsewhere classified|112||Company-owned truck|09|1,500 - 1,999 miles|2022|56||56||40.2||34.7|
01|00|0100000US|United States||19|Other coal and petroleum products, not elsewhere classified|112||Company-owned truck|10|2,000 miles or more|2022|8||11||41.5||47|
01|00|0100000US|United States||19|Other coal and petroleum products, not elsewhere classified|113|o|Customer pick-up|001|Total|2022|0|S|66562||0|S|29.9|
01|00|0100000US|United States||19|Other coal and petroleum products, not elsewhere classified|113|o|Customer pick-up|02|Less than 50 miles|2022|0|S|60459||0|S|33.7|
01|00|0100000US|United States||19|Other coal and petroleum products, not elsewhere classified|113|o|Customer pick-up|03|50 - 99 miles|2022|1525||2170||37.4||40.3|
01|00|0100000US|United States||19|Other coal and petroleum products, not elsewhere classified|113|o|Customer pick-up|04|100 - 249 miles|2022|931||1690||40.5||31.2|
01|00|0100000US|United States||19|Other coal and petroleum products, not elsewhere classified|113|o|Customer pick-up|05|250 - 499 miles|2022|1483||1518||43.8||33.1|
01|00|0100000US|United States||19|Other coal and petroleum products, not elsewhere classified|113|o|Customer pick-up|06|500 - 749 miles|2022|440||492||37.3||22.9|
01|00|0100000US|United States||19|Other coal and petroleum products, not elsewhere classified|113|o|Customer pick-up|07|750 - 999 miles|2022|61||76||47.2||36.2|
01|00|0100000US|United States||19|Other coal and petroleum products, not elsewhere classified|113|o|Customer pick-up|08|1,000 - 1,499 miles|2022|77||87||41.8||34.4|
01|00|0100000US|United States||19|Other coal and petroleum products, not elsewhere classified|113|o|Customer pick-up|09|1,500 - 1,999 miles|2022|73||64||48.3||41.6|
01|00|0100000US|United States||19|Other coal and petroleum products, not elsewhere classified|113|o|Customer pick-up|10|2,000 miles or more|2022|0|S|0|S|0|S|0|S
01|00|0100000US|United States||19|Other coal and petroleum products, not elsewhere classified|12||Rail|001|Total|2022|71993||152599||23.5||29.6|
01|00|0100000US|United States||19|Other coal and petroleum products, not elsewhere classified|12||Rail|02|Less than 50 miles|2022|29754||70813||32.4||22|
01|00|0100000US|United States||19|Other coal and petroleum products, not elsewhere classified|12||Rail|03|50 - 99 miles|2022|1842||7023||38.5||40.7|
01|00|0100000US|United States||19|Other coal and petroleum products, not elsewhere classified|12||Rail|04|100 - 249 miles|2022|6992||13767||27.9||28.4|
01|00|0100000US|United States||19|Other coal and petroleum products, not elsewhere classified|12||Rail|05|250 - 499 miles|2022|0|S|0|S|0|S|0|S
01|00|0100000US|United States||19|Other coal and petroleum products, not elsewhere classified|12||Rail|06|500 - 749 miles|2022|0|S|0|S|0|S|0|S
01|00|0100000US|United States||19|Other coal and petroleum products, not elsewhere classified|12||Rail|07|750 - 999 miles|2022|3281||5940||27.6||36.3|
01|00|0100000US|United States||19|Other coal and petroleum products, not elsewhere classified|12||Rail|08|1,000 - 1,499 miles|2022|1907||2704||21.3||20.3|
01|00|0100000US|United States||19|Other coal and petroleum products, not elsewhere classified|12||Rail|09|1,500 - 1,999 miles|2022|467||739||36.3||38.1|
01|00|0100000US|United States||19|Other coal and petroleum products, not elsewhere classified|12||Rail|10|2,000 miles or more|2022|0|S|0|S|0|S|0|S
01|00|0100000US|United States||19|Other coal and petroleum products, not elsewhere classified|13||Water|001|Total|2022|31778||51395||29.2||23.5|
01|00|0100000US|United States||19|Other coal and petroleum products, not elsewhere classified|13||Water|02|Less than 50 miles|2022|18394||31000||47.8||39.4|
01|00|0100000US|United States||19|Other coal and petroleum products, not elsewhere classified|13||Water|03|50 - 99 miles|2022|0|S|4605||0|S|46.3|
01|00|0100000US|United States||19|Other coal and petroleum products, not elsewhere classified|13||Water|04|100 - 249 miles|2022|7401||11529||40.4||39.2|
01|00|0100000US|United States||19|Other coal and petroleum products, not elsewhere classified|13||Water|05|250 - 499 miles|2022|0|S|2263||0|S|36.8|
01|00|0100000US|United States||19|Other coal and petroleum products, not elsewhere classified|13||Water|06|500 - 749 miles|2022|97||0|S|5.6||0|S
01|00|0100000US|United States||19|Other coal and petroleum products, not elsewhere classified|13||Water|07|750 - 999 miles|2022|0|S|0|S|0|S|0|S
01|00|0100000US|United States||19|Other coal and petroleum products, not elsewhere classified|13||Water|08|1,000 - 1,499 miles|2022|0|S|0|S|0|S|0|S
01|00|0100000US|United States||19|Other coal and petroleum products, not elsewhere classified|131||Inland water|001|Total|2022|14701||23630||33.3||32.9|
01|00|0100000US|United States||19|Other coal and petroleum products, not elsewhere classified|131||Inland water|02|Less than 50 miles|2022|4006||6990||28.1||27.2|
01|00|0100000US|United States||19|Other coal and petroleum products, not elsewhere classified|131||Inland water|03|50 - 99 miles|2022|0|S|0|S|0|S|0|S
01|00|0100000US|United States||19|Other coal and petroleum products, not elsewhere classified|131||Inland water|04|100 - 249 miles|2022|6951||10618||44.3||44.3|
01|00|0100000US|United States||19|Other coal and petroleum products, not elsewhere classified|131||Inland water|05|250 - 499 miles|2022|0|S|1803||0|S|46.6|
01|00|0100000US|United States||19|Other coal and petroleum products, not elsewhere classified|131||Inland water|06|500 - 749 miles|2022|97||0|S|5.6||0|S
01|00|0100000US|United States||19|Other coal and petroleum products, not elsewhere classified|131||Inland water|07|750 - 999 miles|2022|0|S|0|S|0|S|0|S
01|00|0100000US|United States||19|Other coal and petroleum products, not elsewhere classified|131||Inland water|08|1,000 - 1,499 miles|2022|0|S|0|S|0|S|0|S
01|00|0100000US|United States||19|Other coal and petroleum products, not elsewhere classified|133||Deep sea|001|Total|2022|17078||27765||49.8||43|
01|00|0100000US|United States||19|Other coal and petroleum products, not elsewhere classified|133||Deep sea|02|Less than 50 miles|2022|0|S|0|S|0|S|0|S
01|00|0100000US|United States||19|Other coal and petroleum products, not elsewhere classified|133||Deep sea|03|50 - 99 miles|2022|0|S|0|S|0|S|0|S
01|00|0100000US|United States||19|Other coal and petroleum products, not elsewhere classified|133||Deep sea|04|100 - 249 miles|2022|0|S|0|S|0|S|0|S
01|00|0100000US|United States||19|Other coal and petroleum products, not elsewhere classified|133||Deep sea|05|250 - 499 miles|2022|0|S|0|S|0|S|0|S
01|00|0100000US|United States||19|Other coal and petroleum products, not elsewhere classified|133||Deep sea|08|1,000 - 1,499 miles|2022|108||324||17.7||6.8|
01|00|0100000US|United States||19|Other coal and petroleum products, not elsewhere classified|14||Air (includes truck and air)|001|Total|2022|6||9||37.1||29.1|
01|00|0100000US|United States||19|Other coal and petroleum products, not elsewhere classified|14||Air (includes truck and air)|03|50 - 99 miles|2022|0|S|0|S|0|S|0|S
01|00|0100000US|United States||19|Other coal and petroleum products, not elsewhere classified|14||Air (includes truck and air)|04|100 - 249 miles|2022|0|Z|0|S|49||0|S
01|00|0100000US|United States||19|Other coal and petroleum products, not elsewhere classified|14||Air (includes truck and air)|05|250 - 499 miles|2022|0|S|0|S|0|S|0|S
01|00|0100000US|United States||19|Other coal and petroleum products, not elsewhere classified|14||Air (includes truck and air)|06|500 - 749 miles|2022|0|S|0|S|0|S|0|S
01|00|0100000US|United States||19|Other coal and petroleum products, not elsewhere classified|14||Air (includes truck and air)|07|750 - 999 miles|2022|0|S|0|S|0|S|0|S
01|00|0100000US|United States||19|Other coal and petroleum products, not elsewhere classified|14||Air (includes truck and air)|08|1,000 - 1,499 miles|2022|0|S|0|S|0|S|0|S
01|00|0100000US|United States||19|Other coal and petroleum products, not elsewhere classified|14||Air (includes truck and air)|09|1,500 - 1,999 miles|2022|0|S|0|S|0|S|0|S
01|00|0100000US|United States||19|Other coal and petroleum products, not elsewhere classified|14||Air (includes truck and air)|10|2,000 miles or more|2022|0|S|0|S|0|S|0|S
01|00|0100000US|United States||19|Other coal and petroleum products, not elsewhere classified|15||Pipeline|001|Total|2022|66550||120800||11.7||11.6|
01|00|0100000US|United States||19|Other coal and petroleum products, not elsewhere classified|15||Pipeline|02|Less than 50 miles|2022|63186||115692||12.1||11.9|
01|00|0100000US|United States||19|Other coal and petroleum products, not elsewhere classified|15||Pipeline|03|50 - 99 miles|2022|1839||2562||40.5||41.1|
01|00|0100000US|United States||19|Other coal and petroleum products, not elsewhere classified|15||Pipeline|04|100 - 249 miles|2022|851||1288||21||27.5|
01|00|0100000US|United States||19|Other coal and petroleum products, not elsewhere classified|15||Pipeline|05|250 - 499 miles|2022|0|S|630||0|S|49.1|
01|00|0100000US|United States||19|Other coal and petroleum products, not elsewhere classified|15||Pipeline|06|500 - 749 miles|2022|0|S|0|S|0|S|0|S
01|00|0100000US|United States||19|Other coal and petroleum products, not elsewhere classified|15||Pipeline|07|750 - 999 miles|2022|0|S|0|S|0|S|0|S
01|00|0100000US|United States||19|Other coal and petroleum products, not elsewhere classified|20||Multiple modes|001|Total|2022|13026||26082||28.8||30.6|
01|00|0100000US|United States||19|Other coal and petroleum products, not elsewhere classified|20||Multiple modes|02|Less than 50 miles|2022|3422||9719||43.9||33.6|
01|00|0100000US|United States||19|Other coal and petroleum products, not elsewhere classified|20||Multiple modes|03|50 - 99 miles|2022|471||954||38.1||39.3|
01|00|0100000US|United States||19|Other coal and petroleum products, not elsewhere classified|20||Multiple modes|04|100 - 249 miles|2022|530||782||39.6||44.1|
01|00|0100000US|United States||19|Other coal and petroleum products, not elsewhere classified|20||Multiple modes|05|250 - 499 miles|2022|3858||6265||22.5||23.6|
01|00|0100000US|United States||19|Other coal and petroleum products, not elsewhere classified|20||Multiple modes|06|500 - 749 miles|2022|1915||3031||45.7||45.8|
01|00|0100000US|United States||19|Other coal and petroleum products, not elsewhere classified|20||Multiple modes|07|750 - 999 miles|2022|891||1480||32||40.9|
01|00|0100000US|United States||19|Other coal and petroleum products, not elsewhere classified|20||Multiple modes|08|1,000 - 1,499 miles|2022|0|S|0|S|0|S|0|S
01|00|0100000US|United States||19|Other coal and petroleum products, not elsewhere classified|20||Multiple modes|09|1,500 - 1,999 miles|2022|72||79||40.1||32.7|
01|00|0100000US|United States||19|Other coal and petroleum products, not elsewhere classified|20||Multiple modes|10|2,000 miles or more|2022|21||35||30.2||42|
01|00|0100000US|United States||19|Other coal and petroleum products, not elsewhere classified|21||Parcel, U.S.P.S. or courier|001|Total|2022|0|S|0|S|0|S|0|S
01|00|0100000US|United States||19|Other coal and petroleum products, not elsewhere classified|21||Parcel, U.S.P.S. or courier|02|Less than 50 miles|2022|0|S|0|S|0|S|0|S
01|00|0100000US|United States||19|Other coal and petroleum products, not elsewhere classified|21||Parcel, U.S.P.S. or courier|03|50 - 99 miles|2022|0|S|0|S|0|S|0|S
01|00|0100000US|United States||19|Other coal and petroleum products, not elsewhere classified|21||Parcel, U.S.P.S. or courier|04|100 - 249 miles|2022|0|S|0|S|0|S|0|S
01|00|0100000US|United States||19|Other coal and petroleum products, not elsewhere classified|21||Parcel, U.S.P.S. or courier|05|250 - 499 miles|2022|0|S|0|S|0|S|0|S
01|00|0100000US|United States||19|Other coal and petroleum products, not elsewhere classified|21||Parcel, U.S.P.S. or courier|06|500 - 749 miles|2022|70||79||45.5||43.9|
01|00|0100000US|United States||19|Other coal and petroleum products, not elsewhere classified|21||Parcel, U.S.P.S. or courier|07|750 - 999 miles|2022|0|S|0|S|0|S|0|S
01|00|0100000US|United States||19|Other coal and petroleum products, not elsewhere classified|21||Parcel, U.S.P.S. or courier|08|1,000 - 1,499 miles|2022|0|S|0|S|0|S|0|S
01|00|0100000US|United States||19|Other coal and petroleum products, not elsewhere classified|21||Parcel, U.S.P.S. or courier|09|1,500 - 1,999 miles|2022|12||16||41.5||42.2|
01|00|0100000US|United States||19|Other coal and petroleum products, not elsewhere classified|21||Parcel, U.S.P.S. or courier|10|2,000 miles or more|2022|9||10||34.4||38|
01|00|0100000US|United States||19|Other coal and petroleum products, not elsewhere classified|22||Truck and rail|001|Total|2022|9872||19954||31.3||33.4|
01|00|0100000US|United States||19|Other coal and petroleum products, not elsewhere classified|22||Truck and rail|02|Less than 50 miles|2022|1802||6081||49.3||36|
01|00|0100000US|United States||19|Other coal and petroleum products, not elsewhere classified|22||Truck and rail|03|50 - 99 miles|2022|404||890||43||40|
01|00|0100000US|United States||19|Other coal and petroleum products, not elsewhere classified|22||Truck and rail|04|100 - 249 miles|2022|0|S|0|S|0|S|0|S
01|00|0100000US|United States||19|Other coal and petroleum products, not elsewhere classified|22||Truck and rail|05|250 - 499 miles|2022|2951||4853||15.5||18.9|
01|00|0100000US|United States||19|Other coal and petroleum products, not elsewhere classified|22||Truck and rail|06|500 - 749 miles|2022|1827||2917||47.8||47.5|
01|00|0100000US|United States||19|Other coal and petroleum products, not elsewhere classified|22||Truck and rail|07|750 - 999 miles|2022|662||867||36.2||30.7|
01|00|0100000US|United States||19|Other coal and petroleum products, not elsewhere classified|22||Truck and rail|08|1,000 - 1,499 miles|2022|0|S|0|S|0|S|0|S
01|00|0100000US|United States||19|Other coal and petroleum products, not elsewhere classified|22||Truck and rail|09|1,500 - 1,999 miles|2022|57||60||36.5||22.9|
01|00|0100000US|United States||19|Other coal and petroleum products, not elsewhere classified|22||Truck and rail|10|2,000 miles or more|2022|0|S|0|S|0|S|0|S
01|00|0100000US|United States||19|Other coal and petroleum products, not elsewhere classified|23||Truck and water|001|Total|2022|2537||5399||35.3||34.6|
01|00|0100000US|United States||19|Other coal and petroleum products, not elsewhere classified|23||Truck and water|02|Less than 50 miles|2022|1540||3535||46.5||40.2|
01|00|0100000US|United States||19|Other coal and petroleum products, not elsewhere classified|23||Truck and water|03|50 - 99 miles|2022|12||10||12.6||14|
01|00|0100000US|United States||19|Other coal and petroleum products, not elsewhere classified|23||Truck and water|04|100 - 249 miles|2022|0|S|0|S|0|S|0|S
01|00|0100000US|United States||19|Other coal and petroleum products, not elsewhere classified|23||Truck and water|05|250 - 499 miles|2022|0|S|1245||0|S|42.8|
01|00|0100000US|United States||19|Other coal and petroleum products, not elsewhere classified|23||Truck and water|06|500 - 749 miles|2022|0|S|0|S|0|S|0|S
01|00|0100000US|United States||19|Other coal and petroleum products, not elsewhere classified|23||Truck and water|07|750 - 999 miles|2022|0|S|0|S|0|S|0|S
01|00|0100000US|United States||19|Other coal and petroleum products, not elsewhere classified|23||Truck and water|08|1,000 - 1,499 miles|2022|0|S|0|S|0|S|0|S
01|00|0100000US|United States||19|Other coal and petroleum products, not elsewhere classified|23||Truck and water|09|1,500 - 1,999 miles|2022|0|S|0|S|0|S|0|S
01|00|0100000US|United States||19|Other coal and petroleum products, not elsewhere classified|23||Truck and water|10|2,000 miles or more|2022|0|S|0|S|0|S|0|S
01|00|0100000US|United States||19|Other coal and petroleum products, not elsewhere classified|24||Rail and water|001|Total|2022|0|S|0|S|0|S|0|S
01|00|0100000US|United States||19|Other coal and petroleum products, not elsewhere classified|24||Rail and water|02|Less than 50 miles|2022|0|S|0|S|0|S|0|S
01|00|0100000US|United States||19|Other coal and petroleum products, not elsewhere classified|25|x|Other multiple modes|001|Total|2022|0|S|0|S|0|S|0|S
01|00|0100000US|United States||19|Other coal and petroleum products, not elsewhere classified|25|x|Other multiple modes|04|100 - 249 miles|2022|0|S|0|S|0|S|0|S
01|00|0100000US|United States||19|Other coal and petroleum products, not elsewhere classified|25|x|Other multiple modes|05|250 - 499 miles|2022|0|S|0|S|0|S|0|S
01|00|0100000US|United States||19|Other coal and petroleum products, not elsewhere classified|25|x|Other multiple modes|09|1,500 - 1,999 miles|2022|0|Z|0|Z|20.9||15.8|
01|00|0100000US|United States||19|Other coal and petroleum products, not elsewhere classified|30|z|Unknown mode|001|Total|2022|9273||24131||37.5||45.7|
01|00|0100000US|United States||19|Other coal and petroleum products, not elsewhere classified|30|z|Unknown mode|02|Less than 50 miles|2022|4919||12765||40.6||34.8|
01|00|0100000US|United States||19|Other coal and petroleum products, not elsewhere classified|30|z|Unknown mode|03|50 - 99 miles|2022|2724||0|S|49.8||0|S
01|00|0100000US|United States||19|Other coal and petroleum products, not elsewhere classified|30|z|Unknown mode|04|100 - 249 miles|2022|0|S|0|S|0|S|0|S
01|00|0100000US|United States||19|Other coal and petroleum products, not elsewhere classified|30|z|Unknown mode|05|250 - 499 miles|2022|0|S|0|S|0|S|0|S
01|00|0100000US|United States||19|Other coal and petroleum products, not elsewhere classified|30|z|Unknown mode|06|500 - 749 miles|2022|98||0|S|30.6||0|S
01|00|0100000US|United States||19|Other coal and petroleum products, not elsewhere classified|30|z|Unknown mode|07|750 - 999 miles|2022|34||0|S|30.9||0|S
01|00|0100000US|United States||19|Other coal and petroleum products, not elsewhere classified|30|z|Unknown mode|08|1,000 - 1,499 miles|2022|0|S|0|S|0|S|0|S
01|00|0100000US|United States||19|Other coal and petroleum products, not elsewhere classified|30|z|Unknown mode|09|1,500 - 1,999 miles|2022|0|S|0|S|0|S|0|S
01|00|0100000US|United States||19|Other coal and petroleum products, not elsewhere classified|30|z|Unknown mode|10|2,000 miles or more|2022|0|S|0|S|0|S|0|S
01|00|0100000US|United States||20|Basic chemicals|00||All modes|001|Total|2022|336097||489838||3.3||6.1|
01|00|0100000US|United States||20|Basic chemicals|00||All modes|02|Less than 50 miles|2022|120754||274049||5.9||9.4|
01|00|0100000US|United States||20|Basic chemicals|00||All modes|03|50 - 99 miles|2022|25966||40070||5||9.5|
01|00|0100000US|United States||20|Basic chemicals|00||All modes|04|100 - 249 miles|2022|43972||58466||7.2||16.5|
01|00|0100000US|United States||20|Basic chemicals|00||All modes|05|250 - 499 miles|2022|47640||36824||4.9||6.1|
01|00|0100000US|United States||20|Basic chemicals|00||All modes|06|500 - 749 miles|2022|29291||22390||6.4||9.2|
01|00|0100000US|United States||20|Basic chemicals|00||All modes|07|750 - 999 miles|2022|22170||17164||5.3||16.4|
01|00|0100000US|United States||20|Basic chemicals|00||All modes|08|1,000 - 1,499 miles|2022|25586||27191||10.3||9.9|
01|00|0100000US|United States||20|Basic chemicals|00||All modes|09|1,500 - 1,999 miles|2022|13538||10394||16.4||26.6|
01|00|0100000US|United States||20|Basic chemicals|00||All modes|10|2,000 miles or more|2022|7180||3291||32||31.5|
01|00|0100000US|United States||20|Basic chemicals|10||Single modes|001|Total|2022|282815||423027||3.3||7|
01|00|0100000US|United States||20|Basic chemicals|10||Single modes|02|Less than 50 miles|2022|112398||263761||5.9||9.8|
01|00|0100000US|United States||20|Basic chemicals|10||Single modes|03|50 - 99 miles|2022|22051||35261||6.7||11.8|
01|00|0100000US|United States||20|Basic chemicals|10||Single modes|04|100 - 249 miles|2022|35248||41442||5.8||5.2|
01|00|0100000US|United States||20|Basic chemicals|10||Single modes|05|250 - 499 miles|2022|40263||26726||5.7||7.1|
01|00|0100000US|United States||20|Basic chemicals|10||Single modes|06|500 - 749 miles|2022|23557||16407||6.6||11.2|
01|00|0100000US|United States||20|Basic chemicals|10||Single modes|07|750 - 999 miles|2022|17522||11917||7.6||12.2|
01|00|0100000US|United States||20|Basic chemicals|10||Single modes|08|1,000 - 1,499 miles|2022|18519||20596||8.7||14.8|
01|00|0100000US|United States||20|Basic chemicals|10||Single modes|09|1,500 - 1,999 miles|2022|7467||4762||11.4||17.7|
01|00|0100000US|United States||20|Basic chemicals|10||Single modes|10|2,000 miles or more|2022|5792||2156||38.4||25.5|
01|00|0100000US|United States||20|Basic chemicals|11|n|Truck|001|Total|2022|192123||227384||4.1||6.8|
01|00|0100000US|United States||20|Basic chemicals|11|n|Truck|02|Less than 50 miles|2022|60157||118932||5.6||10.5|
01|00|0100000US|United States||20|Basic chemicals|11|n|Truck|03|50 - 99 miles|2022|18684||31119||6.4||10.7|
01|00|0100000US|United States||20|Basic chemicals|11|n|Truck|04|100 - 249 miles|2022|30585||35877||6.2||5.2|
01|00|0100000US|United States||20|Basic chemicals|11|n|Truck|05|250 - 499 miles|2022|31865||17288||7.4||7.4|
01|00|0100000US|United States||20|Basic chemicals|11|n|Truck|06|500 - 749 miles|2022|17927||7580||6.7||9.2|
01|00|0100000US|United States||20|Basic chemicals|11|n|Truck|07|750 - 999 miles|2022|11033||5680||6.1||16.7|
01|00|0100000US|United States||20|Basic chemicals|11|n|Truck|08|1,000 - 1,499 miles|2022|10771||7287||4.3||13.7|
01|00|0100000US|United States||20|Basic chemicals|11|n|Truck|09|1,500 - 1,999 miles|2022|5965||2179||15.6||21.6|
01|00|0100000US|United States||20|Basic chemicals|11|n|Truck|10|2,000 miles or more|2022|5135||1444||43.6||40.7|
01|00|0100000US|United States||20|Basic chemicals|111||For-hire truck|001|Total|2022|124961||80045||4.2||4.8|
01|00|0100000US|United States||20|Basic chemicals|111||For-hire truck|02|Less than 50 miles|2022|24536||23519||12.3||7.2|
01|00|0100000US|United States||20|Basic chemicals|111||For-hire truck|03|50 - 99 miles|2022|8263||8749||9.6||7|
01|00|0100000US|United States||20|Basic chemicals|111||For-hire truck|04|100 - 249 miles|2022|19143||15024||5||5.5|
01|00|0100000US|United States||20|Basic chemicals|111||For-hire truck|05|250 - 499 miles|2022|27440||13078||8.7||9|
01|00|0100000US|United States||20|Basic chemicals|111||For-hire truck|06|500 - 749 miles|2022|15946||6399||7.1||10.8|
01|00|0100000US|United States||20|Basic chemicals|111||For-hire truck|07|750 - 999 miles|2022|9976||4651||6.3||20.5|
01|00|0100000US|United States||20|Basic chemicals|111||For-hire truck|08|1,000 - 1,499 miles|2022|9120||5697||6||17.2|
01|00|0100000US|United States||20|Basic chemicals|111||For-hire truck|09|1,500 - 1,999 miles|2022|5558||1537||16.6||19.9|
01|00|0100000US|United States||20|Basic chemicals|111||For-hire truck|10|2,000 miles or more|2022|4979||1392||45||42.5|
01|00|0100000US|United States||20|Basic chemicals|112||Company-owned truck|001|Total|2022|54344||133841||5.4||10.5|
01|00|0100000US|United States||20|Basic chemicals|112||Company-owned truck|02|Less than 50 miles|2022|31622||89774||5.4||12.7|
01|00|0100000US|United States||20|Basic chemicals|112||Company-owned truck|03|50 - 99 miles|2022|9632||19767||8.8||13.9|
01|00|0100000US|United States||20|Basic chemicals|112||Company-owned truck|04|100 - 249 miles|2022|8950||19002||3.9||6.5|
01|00|0100000US|United States||20|Basic chemicals|112||Company-owned truck|05|250 - 499 miles|2022|2050||2260||11.7||10.6|
01|00|0100000US|United States||20|Basic chemicals|112||Company-owned truck|06|500 - 749 miles|2022|796||517||14.9||15.4|
01|00|0100000US|United States||20|Basic chemicals|112||Company-owned truck|07|750 - 999 miles|2022|538||663||21.5||49.7|
01|00|0100000US|United States||20|Basic chemicals|112||Company-owned truck|08|1,000 - 1,499 miles|2022|528||0|S|35||0|S
01|00|0100000US|United States||20|Basic chemicals|112||Company-owned truck|09|1,500 - 1,999 miles|2022|184||545||29.4||48.1|
01|00|0100000US|United States||20|Basic chemicals|112||Company-owned truck|10|2,000 miles or more|2022|45||22||47.5||44.9|
01|00|0100000US|United States||20|Basic chemicals|113|o|Customer pick-up|001|Total|2022|12818||13498||9.8||11.6|
01|00|0100000US|United States||20|Basic chemicals|113|o|Customer pick-up|02|Less than 50 miles|2022|4000||5639||8.8||9.4|
01|00|0100000US|United States||20|Basic chemicals|113|o|Customer pick-up|03|50 - 99 miles|2022|789||2603||30.5||37.1|
01|00|0100000US|United States||20|Basic chemicals|113|o|Customer pick-up|04|100 - 249 miles|2022|2491||1851||32.4||20.1|
01|00|0100000US|United States||20|Basic chemicals|113|o|Customer pick-up|05|250 - 499 miles|2022|2375||1950||22.4||18.9|
01|00|0100000US|United States||20|Basic chemicals|113|o|Customer pick-up|06|500 - 749 miles|2022|1185||665||12.4||19|
01|00|0100000US|United States||20|Basic chemicals|113|o|Customer pick-up|07|750 - 999 miles|2022|520||366||11.3||26.9|
01|00|0100000US|United States||20|Basic chemicals|113|o|Customer pick-up|08|1,000 - 1,499 miles|2022|1124||299||43.9||12.7|
01|00|0100000US|United States||20|Basic chemicals|113|o|Customer pick-up|09|1,500 - 1,999 miles|2022|224||97||29.6||32.9|
01|00|0100000US|United States||20|Basic chemicals|113|o|Customer pick-up|10|2,000 miles or more|2022|111||30||40.1||43.8|
01|00|0100000US|United States||20|Basic chemicals|12||Rail|001|Total|2022|39773||70972||9.3||12.5|
01|00|0100000US|United States||20|Basic chemicals|12||Rail|02|Less than 50 miles|2022|6817||25586||19.5||31|
01|00|0100000US|United States||20|Basic chemicals|12||Rail|03|50 - 99 miles|2022|1873||2577||40.7||29.7|
01|00|0100000US|United States||20|Basic chemicals|12||Rail|04|100 - 249 miles|2022|3302||4444||19.3||14.3|
01|00|0100000US|United States||20|Basic chemicals|12||Rail|05|250 - 499 miles|2022|7776||8750||15.7||14|
01|00|0100000US|United States||20|Basic chemicals|12||Rail|06|500 - 749 miles|2022|5015||8384||15.2||19.9|
01|00|0100000US|United States||20|Basic chemicals|12||Rail|07|750 - 999 miles|2022|5666||5404||21.4||17.3|
01|00|0100000US|United States||20|Basic chemicals|12||Rail|08|1,000 - 1,499 miles|2022|7402||12613||21.7||24.2|
01|00|0100000US|United States||20|Basic chemicals|12||Rail|09|1,500 - 1,999 miles|2022|1371||2530||16.8||20.6|
01|00|0100000US|United States||20|Basic chemicals|12||Rail|10|2,000 miles or more|2022|550||684||30.3||34.6|
01|00|0100000US|United States||20|Basic chemicals|13||Water|001|Total|2022|10023||15326||12.9||15.7|
01|00|0100000US|United States||20|Basic chemicals|13||Water|02|Less than 50 miles|2022|7985||12744||16.6||21.7|
01|00|0100000US|United States||20|Basic chemicals|13||Water|03|50 - 99 miles|2022|0|S|0|S|0|S|0|S
01|00|0100000US|United States||20|Basic chemicals|13||Water|04|100 - 249 miles|2022|0|S|0|S|0|S|0|S
01|00|0100000US|United States||20|Basic chemicals|13||Water|05|250 - 499 miles|2022|0|S|0|S|0|S|0|S
01|00|0100000US|United States||20|Basic chemicals|13||Water|06|500 - 749 miles|2022|474||392||29.2||29.1|
01|00|0100000US|United States||20|Basic chemicals|13||Water|07|750 - 999 miles|2022|739||779||35.2||26.4|
01|00|0100000US|United States||20|Basic chemicals|13||Water|08|1,000 - 1,499 miles|2022|0|S|0|S|0|S|0|S
01|00|0100000US|United States||20|Basic chemicals|13||Water|09|1,500 - 1,999 miles|2022|0|S|0|S|0|S|0|S
01|00|0100000US|United States||20|Basic chemicals|13||Water|10|2,000 miles or more|2022|0|S|0|S|0|S|0|S
01|00|0100000US|United States||20|Basic chemicals|131||Inland water|001|Total|2022|3629||4724||26.6||25.8|
01|00|0100000US|United States||20|Basic chemicals|131||Inland water|02|Less than 50 miles|2022|0|S|2691||0|S|47|
01|00|0100000US|United States||20|Basic chemicals|131||Inland water|03|50 - 99 miles|2022|0|S|0|S|0|S|0|S
01|00|0100000US|United States||20|Basic chemicals|131||Inland water|04|100 - 249 miles|2022|0|S|0|S|0|S|0|S
01|00|0100000US|United States||20|Basic chemicals|131||Inland water|05|250 - 499 miles|2022|484||623||43||37.7|
01|00|0100000US|United States||20|Basic chemicals|131||Inland water|06|500 - 749 miles|2022|411||384||18.8||11.6|
01|00|0100000US|United States||20|Basic chemicals|131||Inland water|07|750 - 999 miles|2022|732||756||33.3||22.5|
01|00|0100000US|United States||20|Basic chemicals|131||Inland water|08|1,000 - 1,499 miles|2022|76||158||40.7||36.2|
01|00|0100000US|United States||20|Basic chemicals|133||Deep sea|001|Total|2022|6394||10603||12||19.6|
01|00|0100000US|United States||20|Basic chemicals|133||Deep sea|02|Less than 50 miles|2022|6088||10053||12.7||21.9|
01|00|0100000US|United States||20|Basic chemicals|133||Deep sea|03|50 - 99 miles|2022|0|S|0|S|0|S|0|S
01|00|0100000US|United States||20|Basic chemicals|133||Deep sea|04|100 - 249 miles|2022|0|S|0|S|0|S|0|S
01|00|0100000US|United States||20|Basic chemicals|133||Deep sea|05|250 - 499 miles|2022|14||4||30.7||8.9|
01|00|0100000US|United States||20|Basic chemicals|133||Deep sea|06|500 - 749 miles|2022|63||8||22.2||24.9|
01|00|0100000US|United States||20|Basic chemicals|133||Deep sea|07|750 - 999 miles|2022|0|S|0|S|0|S|0|S
01|00|0100000US|United States||20|Basic chemicals|133||Deep sea|08|1,000 - 1,499 miles|2022|0|S|0|S|0|S|0|S
01|00|0100000US|United States||20|Basic chemicals|133||Deep sea|09|1,500 - 1,999 miles|2022|0|S|0|S|0|S|0|S
01|00|0100000US|United States||20|Basic chemicals|133||Deep sea|10|2,000 miles or more|2022|0|S|0|S|0|S|0|S
01|00|0100000US|United States||20|Basic chemicals|14||Air (includes truck and air)|001|Total|2022|627||172||17.5||42|
01|00|0100000US|United States||20|Basic chemicals|14||Air (includes truck and air)|03|50 - 99 miles|2022|0|S|0|S|0|S|0|S
01|00|0100000US|United States||20|Basic chemicals|14||Air (includes truck and air)|04|100 - 249 miles|2022|15||0|S|46.8||0|S
01|00|0100000US|United States||20|Basic chemicals|14||Air (includes truck and air)|05|250 - 499 miles|2022|89||0|S|27.1||0|S
01|00|0100000US|United States||20|Basic chemicals|14||Air (includes truck and air)|06|500 - 749 miles|2022|128||16||33||45.5|
01|00|0100000US|United States||20|Basic chemicals|14||Air (includes truck and air)|07|750 - 999 miles|2022|77||0|S|36||0|S
01|00|0100000US|United States||20|Basic chemicals|14||Air (includes truck and air)|08|1,000 - 1,499 miles|2022|81||0|S|22.6||0|S
01|00|0100000US|United States||20|Basic chemicals|14||Air (includes truck and air)|09|1,500 - 1,999 miles|2022|128||0|S|50||0|S
01|00|0100000US|United States||20|Basic chemicals|14||Air (includes truck and air)|10|2,000 miles or more|2022|105||0|S|36.2||0|S
01|00|0100000US|United States||20|Basic chemicals|15||Pipeline|001|Total|2022|40269||109172||14.6||17.6|
01|00|0100000US|United States||20|Basic chemicals|15||Pipeline|02|Less than 50 miles|2022|37439||106499||14.6||18|
01|00|0100000US|United States||20|Basic chemicals|15||Pipeline|03|50 - 99 miles|2022|1450||1473||46||45.1|
01|00|0100000US|United States||20|Basic chemicals|15||Pipeline|04|100 - 249 miles|2022|0|S|0|S|0|S|0|S
01|00|0100000US|United States||20|Basic chemicals|15||Pipeline|05|250 - 499 miles|2022|0|S|29||0|S|41.6|
01|00|0100000US|United States||20|Basic chemicals|15||Pipeline|06|500 - 749 miles|2022|0|S|35||0|S|47|
01|00|0100000US|United States||20|Basic chemicals|15||Pipeline|07|750 - 999 miles|2022|7||32||18.8||25.8|
01|00|0100000US|United States||20|Basic chemicals|15||Pipeline|08|1,000 - 1,499 miles|2022|0|S|20||0|S|35.7|
01|00|0100000US|United States||20|Basic chemicals|15||Pipeline|09|1,500 - 1,999 miles|2022|0|S|0|S|0|S|0|S
01|00|0100000US|United States||20|Basic chemicals|20||Multiple modes|001|Total|2022|46990||60440||7.4||20.9|
01|00|0100000US|United States||20|Basic chemicals|20||Multiple modes|02|Less than 50 miles|2022|6694||8254||17.8||29.5|
01|00|0100000US|United States||20|Basic chemicals|20||Multiple modes|03|50 - 99 miles|2022|2913||2976||19||30.8|
01|00|0100000US|United States||20|Basic chemicals|20||Multiple modes|04|100 - 249 miles|2022|8245||0|S|37.4||0|S
01|00|0100000US|United States||20|Basic chemicals|20||Multiple modes|05|250 - 499 miles|2022|6870||9814||11.3||12.1|
01|00|0100000US|United States||20|Basic chemicals|20||Multiple modes|06|500 - 749 miles|2022|5256||5869||10||23.6|
01|00|0100000US|United States||20|Basic chemicals|20||Multiple modes|07|750 - 999 miles|2022|4530||5216||11||30.8|
01|00|0100000US|United States||20|Basic chemicals|20||Multiple modes|08|1,000 - 1,499 miles|2022|6794||6540||20.9||25.4|
01|00|0100000US|United States||20|Basic chemicals|20||Multiple modes|09|1,500 - 1,999 miles|2022|4399||3916||42.1||36.7|
01|00|0100000US|United States||20|Basic chemicals|20||Multiple modes|10|2,000 miles or more|2022|1290||0|S|15||0|S
01|00|0100000US|United States||20|Basic chemicals|21||Parcel, U.S.P.S. or courier|001|Total|2022|7612||254||13.8||15.1|
01|00|0100000US|United States||20|Basic chemicals|21||Parcel, U.S.P.S. or courier|02|Less than 50 miles|2022|1205||102||19.5||21.6|
01|00|0100000US|United States||20|Basic chemicals|21||Parcel, U.S.P.S. or courier|03|50 - 99 miles|2022|371||10||24.4||25.4|
01|00|0100000US|United States||20|Basic chemicals|21||Parcel, U.S.P.S. or courier|04|100 - 249 miles|2022|854||24||16.9||14.4|
01|00|0100000US|United States||20|Basic chemicals|21||Parcel, U.S.P.S. or courier|05|250 - 499 miles|2022|1068||29||11.9||26.3|
01|00|0100000US|United States||20|Basic chemicals|21||Parcel, U.S.P.S. or courier|06|500 - 749 miles|2022|1193||23||22.4||16.5|
01|00|0100000US|United States||20|Basic chemicals|21||Parcel, U.S.P.S. or courier|07|750 - 999 miles|2022|820||16||17.4||12.7|
01|00|0100000US|United States||20|Basic chemicals|21||Parcel, U.S.P.S. or courier|08|1,000 - 1,499 miles|2022|900||24||24.1||17.5|
01|00|0100000US|United States||20|Basic chemicals|21||Parcel, U.S.P.S. or courier|09|1,500 - 1,999 miles|2022|576||12||14.6||12.1|
01|00|0100000US|United States||20|Basic chemicals|21||Parcel, U.S.P.S. or courier|10|2,000 miles or more|2022|625||13||18.4||15.1|
01|00|0100000US|United States||20|Basic chemicals|22||Truck and rail|001|Total|2022|33597||55748||10.6||21.7|
01|00|0100000US|United States||20|Basic chemicals|22||Truck and rail|02|Less than 50 miles|2022|4992||7100||21.5||28.6|
01|00|0100000US|United States||20|Basic chemicals|22||Truck and rail|03|50 - 99 miles|2022|1844||2372||35.7||40.6|
01|00|0100000US|United States||20|Basic chemicals|22||Truck and rail|04|100 - 249 miles|2022|7219||0|S|42.9||0|S
01|00|0100000US|United States||20|Basic chemicals|22||Truck and rail|05|250 - 499 miles|2022|5634||9734||13.9||12.5|
01|00|0100000US|United States||20|Basic chemicals|22||Truck and rail|06|500 - 749 miles|2022|3989||5824||10.5||23.8|
01|00|0100000US|United States||20|Basic chemicals|22||Truck and rail|07|750 - 999 miles|2022|3190||5126||13.4||31.3|
01|00|0100000US|United States||20|Basic chemicals|22||Truck and rail|08|1,000 - 1,499 miles|2022|4846||6084||27||27.8|
01|00|0100000US|United States||20|Basic chemicals|22||Truck and rail|09|1,500 - 1,999 miles|2022|1509||2663||13.2||39.9|
01|00|0100000US|United States||20|Basic chemicals|22||Truck and rail|10|2,000 miles or more|2022|375||263||31||27.8|
01|00|0100000US|United States||20|Basic chemicals|23||Truck and water|001|Total|2022|5759||4401||37.1||43.6|
01|00|0100000US|United States||20|Basic chemicals|23||Truck and water|02|Less than 50 miles|2022|497||0|S|31.8||0|S
01|00|0100000US|United States||20|Basic chemicals|23||Truck and water|03|50 - 99 miles|2022|698||0|S|42.7||0|S
01|00|0100000US|United States||20|Basic chemicals|23||Truck and water|04|100 - 249 miles|2022|171||0|S|30||0|S
01|00|0100000US|United States||20|Basic chemicals|23||Truck and water|05|250 - 499 miles|2022|0|S|0|S|0|S|0|S
01|00|0100000US|United States||20|Basic chemicals|23||Truck and water|06|500 - 749 miles|2022|67||19||27.4||38.2|
01|00|0100000US|United States||20|Basic chemicals|23||Truck and water|07|750 - 999 miles|2022|0|S|74||0|S|39.8|
01|00|0100000US|United States||20|Basic chemicals|23||Truck and water|08|1,000 - 1,499 miles|2022|0|S|0|S|0|S|0|S
01|00|0100000US|United States||20|Basic chemicals|23||Truck and water|09|1,500 - 1,999 miles|2022|0|S|0|S|0|S|0|S
01|00|0100000US|United States||20|Basic chemicals|23||Truck and water|10|2,000 miles or more|2022|288||0|S|30.6||0|S
01|00|0100000US|United States||20|Basic chemicals|24||Rail and water|001|Total|2022|0|S|0|S|0|S|0|S
01|00|0100000US|United States||20|Basic chemicals|24||Rail and water|02|Less than 50 miles|2022|0|S|0|S|0|S|0|S
01|00|0100000US|United States||20|Basic chemicals|24||Rail and water|04|100 - 249 miles|2022|0|S|0|S|0|S|0|S
01|00|0100000US|United States||20|Basic chemicals|24||Rail and water|05|250 - 499 miles|2022|0|S|0|S|0|S|0|S
01|00|0100000US|United States||20|Basic chemicals|24||Rail and water|06|500 - 749 miles|2022|0|S|0|S|0|S|0|S
01|00|0100000US|United States||20|Basic chemicals|24||Rail and water|10|2,000 miles or more|2022|1||0|S|43.7||0|S
01|00|0100000US|United States||20|Basic chemicals|25|x|Other multiple modes|001|Total|2022|17||3||36.6||26|
01|00|0100000US|United States||20|Basic chemicals|25|x|Other multiple modes|04|100 - 249 miles|2022|0|S|0|S|0|S|0|S
01|00|0100000US|United States||20|Basic chemicals|25|x|Other multiple modes|05|250 - 499 miles|2022|7||0|S|39.4||0|S
01|00|0100000US|United States||20|Basic chemicals|25|x|Other multiple modes|06|500 - 749 miles|2022|0|S|1||0|S|44.3|
01|00|0100000US|United States||20|Basic chemicals|25|x|Other multiple modes|07|750 - 999 miles|2022|0|S|0|S|0|S|0|S
01|00|0100000US|United States||20|Basic chemicals|25|x|Other multiple modes|10|2,000 miles or more|2022|0|S|0|S|0|S|0|S
01|00|0100000US|United States||20|Basic chemicals|30|z|Unknown mode|001|Total|2022|6292||6371||31.1||38.6|
01|00|0100000US|United States||20|Basic chemicals|30|z|Unknown mode|02|Less than 50 miles|2022|1663||0|S|47.9||0|S
01|00|0100000US|United States||20|Basic chemicals|30|z|Unknown mode|03|50 - 99 miles|2022|1002||1833||41||43.2|
01|00|0100000US|United States||20|Basic chemicals|30|z|Unknown mode|04|100 - 249 miles|2022|479||268||21.4||28.3|
01|00|0100000US|United States||20|Basic chemicals|30|z|Unknown mode|05|250 - 499 miles|2022|507||284||31.3||42.1|
01|00|0100000US|United States||20|Basic chemicals|30|z|Unknown mode|06|500 - 749 miles|2022|478||113||26||28.4|
01|00|0100000US|United States||20|Basic chemicals|30|z|Unknown mode|07|750 - 999 miles|2022|118||31||33.6||46.4|
01|00|0100000US|United States||20|Basic chemicals|30|z|Unknown mode|08|1,000 - 1,499 miles|2022|273||56||47.4||32.8|
01|00|0100000US|United States||20|Basic chemicals|30|z|Unknown mode|09|1,500 - 1,999 miles|2022|0|S|0|S|0|S|0|S
01|00|0100000US|United States||20|Basic chemicals|30|z|Unknown mode|10|2,000 miles or more|2022|98||36||38.2||43.4|
01|00|0100000US|United States||21|Pharmaceutical products|00||All modes|001|Total|2022|1459851||33355||4.3||7.8|
01|00|0100000US|United States||21|Pharmaceutical products|00||All modes|02|Less than 50 miles|2022|374468||8126||12.2||8.6|
01|00|0100000US|United States||21|Pharmaceutical products|00||All modes|03|50 - 99 miles|2022|209937||2582||9.1||6.9|
01|00|0100000US|United States||21|Pharmaceutical products|00||All modes|04|100 - 249 miles|2022|341734||5944||5.5||17.5|
01|00|0100000US|United States||21|Pharmaceutical products|00||All modes|05|250 - 499 miles|2022|197551||5458||11.3||14.5|
01|00|0100000US|United States||21|Pharmaceutical products|00||All modes|06|500 - 749 miles|2022|115045||4812||14.7||32.8|
01|00|0100000US|United States||21|Pharmaceutical products|00||All modes|07|750 - 999 miles|2022|69714||2339||15.6||30.3|
01|00|0100000US|United States||21|Pharmaceutical products|00||All modes|08|1,000 - 1,499 miles|2022|52228||1907||8.9||15.3|
01|00|0100000US|United States||21|Pharmaceutical products|00||All modes|09|1,500 - 1,999 miles|2022|44135||902||11.7||11.7|
01|00|0100000US|United States||21|Pharmaceutical products|00||All modes|10|2,000 miles or more|2022|55040||1284||11.6||17|
01|00|0100000US|United States||21|Pharmaceutical products|10||Single modes|001|Total|2022|1083587||25839||3.3||10.9|
01|00|0100000US|United States||21|Pharmaceutical products|10||Single modes|02|Less than 50 miles|2022|322395||6723||12.5||10|
01|00|0100000US|United States||21|Pharmaceutical products|10||Single modes|03|50 - 99 miles|2022|190455||2085||10||9.5|
01|00|0100000US|United States||21|Pharmaceutical products|10||Single modes|04|100 - 249 miles|2022|283639||4947||5.5||22.7|
01|00|0100000US|United States||21|Pharmaceutical products|10||Single modes|05|250 - 499 miles|2022|127885||4088||11.4||17.6|
01|00|0100000US|United States||21|Pharmaceutical products|10||Single modes|06|500 - 749 miles|2022|62189||3724||27.5||42.9|
01|00|0100000US|United States||21|Pharmaceutical products|10||Single modes|07|750 - 999 miles|2022|30364||1687||21.7||43.8|
01|00|0100000US|United States||21|Pharmaceutical products|10||Single modes|08|1,000 - 1,499 miles|2022|19182||1004||15.6||16.1|
01|00|0100000US|United States||21|Pharmaceutical products|10||Single modes|09|1,500 - 1,999 miles|2022|20110||671||21.2||10|
01|00|0100000US|United States||21|Pharmaceutical products|10||Single modes|10|2,000 miles or more|2022|27369||910||19.5||16.7|
01|00|0100000US|United States||21|Pharmaceutical products|11|n|Truck|001|Total|2022|1053942||21665||3||12.7|
01|00|0100000US|United States||21|Pharmaceutical products|11|n|Truck|02|Less than 50 miles|2022|313970||5806||12.4||12|
01|00|0100000US|United States||21|Pharmaceutical products|11|n|Truck|03|50 - 99 miles|2022|190316||2045||10||9.7|
01|00|0100000US|United States||21|Pharmaceutical products|11|n|Truck|04|100 - 249 miles|2022|281981||3336||5.6||14.1|
01|00|0100000US|United States||21|Pharmaceutical products|11|n|Truck|05|250 - 499 miles|2022|122548||3097||10.8||13.6|
01|00|0100000US|United States||21|Pharmaceutical products|11|n|Truck|06|500 - 749 miles|2022|59521||3595||28.9||44.7|
01|00|0100000US|United States||21|Pharmaceutical products|11|n|Truck|07|750 - 999 miles|2022|27608||1518||22.3||47.5|
01|00|0100000US|United States||21|Pharmaceutical products|11|n|Truck|08|1,000 - 1,499 miles|2022|17147||726||18.3||15.2|
01|00|0100000US|United States||21|Pharmaceutical products|11|n|Truck|09|1,500 - 1,999 miles|2022|17257||661||23.4||9.9|
01|00|0100000US|United States||21|Pharmaceutical products|11|n|Truck|10|2,000 miles or more|2022|23594||881||23.6||16.7|
01|00|0100000US|United States||21|Pharmaceutical products|111||For-hire truck|001|Total|2022|964027||16281||3.5||17.6|
01|00|0100000US|United States||21|Pharmaceutical products|111||For-hire truck|02|Less than 50 miles|2022|266744||2754||14.6||16.1|
01|00|0100000US|United States||21|Pharmaceutical products|111||For-hire truck|03|50 - 99 miles|2022|176143||1340||10.6||12.7|
01|00|0100000US|United States||21|Pharmaceutical products|111||For-hire truck|04|100 - 249 miles|2022|264022||2439||6.2||18.6|
01|00|0100000US|United States||21|Pharmaceutical products|111||For-hire truck|05|250 - 499 miles|2022|117095||2710||11.5||15|
01|00|0100000US|United States||21|Pharmaceutical products|111||For-hire truck|06|500 - 749 miles|2022|57649||3441||29.9||47.1|
01|00|0100000US|United States||21|Pharmaceutical products|111||For-hire truck|07|750 - 999 miles|2022|26663||1455||23||49|
01|00|0100000US|United States||21|Pharmaceutical products|111||For-hire truck|08|1,000 - 1,499 miles|2022|16563||678||18.7||16.3|
01|00|0100000US|United States||21|Pharmaceutical products|111||For-hire truck|09|1,500 - 1,999 miles|2022|16751||642||23.4||10.6|
01|00|0100000US|United States||21|Pharmaceutical products|111||For-hire truck|10|2,000 miles or more|2022|22396||823||25.7||16.6|
01|00|0100000US|United States||21|Pharmaceutical products|112||Company-owned truck|001|Total|2022|83205||4925||6.9||12.5|
01|00|0100000US|United States||21|Pharmaceutical products|112||Company-owned truck|02|Less than 50 miles|2022|45239||2905||11.7||19.7|
01|00|0100000US|United States||21|Pharmaceutical products|112||Company-owned truck|03|50 - 99 miles|2022|13953||681||9.7||11.2|
01|00|0100000US|United States||21|Pharmaceutical products|112||Company-owned truck|04|100 - 249 miles|2022|17237||852||13.4||9.5|
01|00|0100000US|United States||21|Pharmaceutical products|112||Company-owned truck|05|250 - 499 miles|2022|4610||346||12.9||21.4|
01|00|0100000US|United States||21|Pharmaceutical products|112||Company-owned truck|06|500 - 749 miles|2022|736||59||19.2||22.5|
01|00|0100000US|United States||21|Pharmaceutical products|112||Company-owned truck|07|750 - 999 miles|2022|388||20||25.1||31.9|
01|00|0100000US|United States||21|Pharmaceutical products|112||Company-owned truck|08|1,000 - 1,499 miles|2022|0|S|18||0|S|35.9|
01|00|0100000US|United States||21|Pharmaceutical products|112||Company-owned truck|09|1,500 - 1,999 miles|2022|190||13||40.1||35.6|
01|00|0100000US|United States||21|Pharmaceutical products|112||Company-owned truck|10|2,000 miles or more|2022|0|S|0|S|0|S|0|S
01|00|0100000US|United States||21|Pharmaceutical products|113|o|Customer pick-up|001|Total|2022|6710||458||24||27.4|
01|00|0100000US|United States||21|Pharmaceutical products|113|o|Customer pick-up|02|Less than 50 miles|2022|1988||147||19.7||23.8|
01|00|0100000US|United States||21|Pharmaceutical products|113|o|Customer pick-up|03|50 - 99 miles|2022|220||0|S|34.4||0|S
01|00|0100000US|United States||21|Pharmaceutical products|113|o|Customer pick-up|04|100 - 249 miles|2022|722||45||29.2||34.7|
01|00|0100000US|United States||21|Pharmaceutical products|113|o|Customer pick-up|05|250 - 499 miles|2022|842||41||34.9||41.9|
01|00|0100000US|United States||21|Pharmaceutical products|113|o|Customer pick-up|06|500 - 749 miles|2022|0|S|0|S|0|S|0|S
01|00|0100000US|United States||21|Pharmaceutical products|113|o|Customer pick-up|07|750 - 999 miles|2022|0|S|0|S|0|S|0|S
01|00|0100000US|United States||21|Pharmaceutical products|113|o|Customer pick-up|08|1,000 - 1,499 miles|2022|368||0|S|45.4||0|S
01|00|0100000US|United States||21|Pharmaceutical products|113|o|Customer pick-up|09|1,500 - 1,999 miles|2022|0|S|0|S|0|S|0|S
01|00|0100000US|United States||21|Pharmaceutical products|113|o|Customer pick-up|10|2,000 miles or more|2022|0|S|26||0|S|42.9|
01|00|0100000US|United States||21|Pharmaceutical products|12||Rail|001|Total|2022|0|S|4090||0|S|35.4|
01|00|0100000US|United States||21|Pharmaceutical products|12||Rail|02|Less than 50 miles|2022|0|S|916||0|S|39.1|
01|00|0100000US|United States||21|Pharmaceutical products|12||Rail|03|50 - 99 miles|2022|54||0|S|24.3||0|S
01|00|0100000US|United States||21|Pharmaceutical products|12||Rail|04|100 - 249 miles|2022|0|S|1609||0|S|36.4|
01|00|0100000US|United States||21|Pharmaceutical products|12||Rail|05|250 - 499 miles|2022|0|S|0|S|0|S|0|S
01|00|0100000US|United States||21|Pharmaceutical products|12||Rail|06|500 - 749 miles|2022|0|S|0|S|0|S|0|S
01|00|0100000US|United States||21|Pharmaceutical products|12||Rail|07|750 - 999 miles|2022|197||164||26.4||47.5|
01|00|0100000US|United States||21|Pharmaceutical products|12||Rail|08|1,000 - 1,499 miles|2022|379||266||34.8||27.4|
01|00|0100000US|United States||21|Pharmaceutical products|12||Rail|09|1,500 - 1,999 miles|2022|0|S|0|S|0|S|0|S
01|00|0100000US|United States||21|Pharmaceutical products|13||Water|001|Total|2022|0|S|0|S|0|S|0|S
01|00|0100000US|United States||21|Pharmaceutical products|13||Water|02|Less than 50 miles|2022|0|S|0|S|0|S|0|S
01|00|0100000US|United States||21|Pharmaceutical products|13||Water|03|50 - 99 miles|2022|0|S|0|S|0|S|0|S
01|00|0100000US|United States||21|Pharmaceutical products|13||Water|04|100 - 249 miles|2022|0|S|0|S|0|S|0|S
01|00|0100000US|United States||21|Pharmaceutical products|13||Water|06|500 - 749 miles|2022|0|S|0|S|0|S|0|S
01|00|0100000US|United States||21|Pharmaceutical products|13||Water|10|2,000 miles or more|2022|0|S|0|S|0|S|0|S
01|00|0100000US|United States||21|Pharmaceutical products|131||Inland water|001|Total|2022|0|S|0|S|0|S|0|S
01|00|0100000US|United States||21|Pharmaceutical products|131||Inland water|02|Less than 50 miles|2022|0|S|0|S|0|S|0|S
01|00|0100000US|United States||21|Pharmaceutical products|131||Inland water|04|100 - 249 miles|2022|0|S|0|S|0|S|0|S
01|00|0100000US|United States||21|Pharmaceutical products|131||Inland water|10|2,000 miles or more|2022|0|S|0|S|0|S|0|S
01|00|0100000US|United States||21|Pharmaceutical products|133||Deep sea|001|Total|2022|0|S|0|S|0|S|0|S
01|00|0100000US|United States||21|Pharmaceutical products|133||Deep sea|03|50 - 99 miles|2022|0|S|0|S|0|S|0|S
01|00|0100000US|United States||21|Pharmaceutical products|133||Deep sea|04|100 - 249 miles|2022|0|S|0|S|0|S|0|S
01|00|0100000US|United States||21|Pharmaceutical products|133||Deep sea|06|500 - 749 miles|2022|0|S|0|S|0|S|0|S
01|00|0100000US|United States||21|Pharmaceutical products|14||Air (includes truck and air)|001|Total|2022|18609||77||23.5||31.9|
01|00|0100000US|United States||21|Pharmaceutical products|14||Air (includes truck and air)|03|50 - 99 miles|2022|46||0|S|31.2||0|S
01|00|0100000US|United States||21|Pharmaceutical products|14||Air (includes truck and air)|04|100 - 249 miles|2022|615||2||21.8||30|
01|00|0100000US|United States||21|Pharmaceutical products|14||Air (includes truck and air)|05|250 - 499 miles|2022|4516||17||29.2||28.8|
01|00|0100000US|United States||21|Pharmaceutical products|14||Air (includes truck and air)|06|500 - 749 miles|2022|2608||7||26.4||18.7|
01|00|0100000US|United States||21|Pharmaceutical products|14||Air (includes truck and air)|07|750 - 999 miles|2022|2560||5||27.2||31.1|
01|00|0100000US|United States||21|Pharmaceutical products|14||Air (includes truck and air)|08|1,000 - 1,499 miles|2022|1655||12||30.4||41.7|
01|00|0100000US|United States||21|Pharmaceutical products|14||Air (includes truck and air)|09|1,500 - 1,999 miles|2022|2841||6||31.4||21.5|
01|00|0100000US|United States||21|Pharmaceutical products|14||Air (includes truck and air)|10|2,000 miles or more|2022|3768||0|S|36.4||0|S
01|00|0100000US|United States||21|Pharmaceutical products|20||Multiple modes|001|Total|2022|368891||7201||8.5||15.3|
01|00|0100000US|United States||21|Pharmaceutical products|20||Multiple modes|02|Less than 50 miles|2022|51632||1346||14.3||33.5|
01|00|0100000US|United States||21|Pharmaceutical products|20||Multiple modes|03|50 - 99 miles|2022|19236||494||9.5||31.1|
01|00|0100000US|United States||21|Pharmaceutical products|20||Multiple modes|04|100 - 249 miles|2022|57102||858||10.6||12.6|
01|00|0100000US|United States||21|Pharmaceutical products|20||Multiple modes|05|250 - 499 miles|2022|68876||1346||14.9||21.5|
01|00|0100000US|United States||21|Pharmaceutical products|20||Multiple modes|06|500 - 749 miles|2022|51988||1076||10.1||30.6|
01|00|0100000US|United States||21|Pharmaceutical products|20||Multiple modes|07|750 - 999 miles|2022|38950||645||12.7||28.1|
01|00|0100000US|United States||21|Pharmaceutical products|20||Multiple modes|08|1,000 - 1,499 miles|2022|32553||852||11||31.6|
01|00|0100000US|United States||21|Pharmaceutical products|20||Multiple modes|09|1,500 - 1,999 miles|2022|22811||228||7.3||24.3|
01|00|0100000US|United States||21|Pharmaceutical products|20||Multiple modes|10|2,000 miles or more|2022|25741||356||15.3||46.5|
01|00|0100000US|United States||21|Pharmaceutical products|21||Parcel, U.S.P.S. or courier|001|Total|2022|351478||4543||7.9||19.9|
01|00|0100000US|United States||21|Pharmaceutical products|21||Parcel, U.S.P.S. or courier|02|Less than 50 miles|2022|38880||381||9.4||12.6|
01|00|0100000US|United States||21|Pharmaceutical products|21||Parcel, U.S.P.S. or courier|03|50 - 99 miles|2022|18510||281||10.2||18.8|
01|00|0100000US|United States||21|Pharmaceutical products|21||Parcel, U.S.P.S. or courier|04|100 - 249 miles|2022|55482||770||10.6||12.4|
01|00|0100000US|United States||21|Pharmaceutical products|21||Parcel, U.S.P.S. or courier|05|250 - 499 miles|2022|68271||875||15||19.3|
01|00|0100000US|United States||21|Pharmaceutical products|21||Parcel, U.S.P.S. or courier|06|500 - 749 miles|2022|51942||756||10.2||22.6|
01|00|0100000US|United States||21|Pharmaceutical products|21||Parcel, U.S.P.S. or courier|07|750 - 999 miles|2022|38886||533||12.7||33|
01|00|0100000US|United States||21|Pharmaceutical products|21||Parcel, U.S.P.S. or courier|08|1,000 - 1,499 miles|2022|32141||418||11.3||31.7|
01|00|0100000US|United States||21|Pharmaceutical products|21||Parcel, U.S.P.S. or courier|09|1,500 - 1,999 miles|2022|22794||215||7.3||26.3|
01|00|0100000US|United States||21|Pharmaceutical products|21||Parcel, U.S.P.S. or courier|10|2,000 miles or more|2022|24572||0|S|16.6||0|S
01|00|0100000US|United States||21|Pharmaceutical products|22||Truck and rail|001|Total|2022|15841||2575||49.5||24.9|
01|00|0100000US|United States||21|Pharmaceutical products|22||Truck and rail|02|Less than 50 miles|2022|0|S|965||0|S|44.8|
01|00|0100000US|United States||21|Pharmaceutical products|22||Truck and rail|03|50 - 99 miles|2022|564||204||21||42.4|
01|00|0100000US|United States||21|Pharmaceutical products|22||Truck and rail|04|100 - 249 miles|2022|1514||0|S|48.5||0|S
01|00|0100000US|United States||21|Pharmaceutical products|22||Truck and rail|05|250 - 499 miles|2022|0|S|0|S|0|S|0|S
01|00|0100000US|United States||21|Pharmaceutical products|22||Truck and rail|06|500 - 749 miles|2022|36||0|S|30.4||0|S
01|00|0100000US|United States||21|Pharmaceutical products|22||Truck and rail|07|750 - 999 miles|2022|57||0|S|18.8||0|S
01|00|0100000US|United States||21|Pharmaceutical products|22||Truck and rail|08|1,000 - 1,499 miles|2022|373||0|S|41.2||0|S
01|00|0100000US|United States||21|Pharmaceutical products|22||Truck and rail|09|1,500 - 1,999 miles|2022|9||0|S|33.8||0|S
01|00|0100000US|United States||21|Pharmaceutical products|22||Truck and rail|10|2,000 miles or more|2022|0|S|0|S|0|S|0|S
01|00|0100000US|United States||21|Pharmaceutical products|23||Truck and water|001|Total|2022|0|S|81||0|S|47.9|
01|00|0100000US|United States||21|Pharmaceutical products|23||Truck and water|02|Less than 50 miles|2022|0|S|0|S|0|S|0|S
01|00|0100000US|United States||21|Pharmaceutical products|23||Truck and water|03|50 - 99 miles|2022|0|S|0|S|0|S|0|S
01|00|0100000US|United States||21|Pharmaceutical products|23||Truck and water|04|100 - 249 miles|2022|0|S|0|S|0|S|0|S
01|00|0100000US|United States||21|Pharmaceutical products|23||Truck and water|05|250 - 499 miles|2022|0|S|0|S|0|S|0|S
01|00|0100000US|United States||21|Pharmaceutical products|23||Truck and water|06|500 - 749 miles|2022|0|S|0|S|0|S|0|S
01|00|0100000US|United States||21|Pharmaceutical products|23||Truck and water|07|750 - 999 miles|2022|0|S|0|S|0|S|0|S
01|00|0100000US|United States||21|Pharmaceutical products|23||Truck and water|08|1,000 - 1,499 miles|2022|39||2||25.2||49.8|
01|00|0100000US|United States||21|Pharmaceutical products|23||Truck and water|09|1,500 - 1,999 miles|2022|0|S|1||0|S|15.4|
01|00|0100000US|United States||21|Pharmaceutical products|23||Truck and water|10|2,000 miles or more|2022|0|S|0|S|0|S|0|S
01|00|0100000US|United States||21|Pharmaceutical products|24||Rail and water|001|Total|2022|0|S|0|S|0|S|0|S
01|00|0100000US|United States||21|Pharmaceutical products|24||Rail and water|02|Less than 50 miles|2022|0|S|0|S|0|S|0|S
01|00|0100000US|United States||21|Pharmaceutical products|24||Rail and water|03|50 - 99 miles|2022|0|S|0|S|0|S|0|S
01|00|0100000US|United States||21|Pharmaceutical products|24||Rail and water|04|100 - 249 miles|2022|0|S|0|S|0|S|0|S
01|00|0100000US|United States||21|Pharmaceutical products|25|x|Other multiple modes|001|Total|2022|0|S|0|S|0|S|0|S
01|00|0100000US|United States||21|Pharmaceutical products|25|x|Other multiple modes|02|Less than 50 miles|2022|0|S|0|S|0|S|0|S
01|00|0100000US|United States||21|Pharmaceutical products|25|x|Other multiple modes|04|100 - 249 miles|2022|0|S|0|S|0|S|0|S
01|00|0100000US|United States||21|Pharmaceutical products|25|x|Other multiple modes|05|250 - 499 miles|2022|0|S|0|S|0|S|0|S
01|00|0100000US|United States||21|Pharmaceutical products|30|z|Unknown mode|001|Total|2022|7373||0|S|37.5||0|S
01|00|0100000US|United States||21|Pharmaceutical products|30|z|Unknown mode|02|Less than 50 miles|2022|441||0|S|19.9||0|S
01|00|0100000US|United States||21|Pharmaceutical products|30|z|Unknown mode|03|50 - 99 miles|2022|246||0|S|38.5||0|S
01|00|0100000US|United States||21|Pharmaceutical products|30|z|Unknown mode|04|100 - 249 miles|2022|993||0|S|49.6||0|S
01|00|0100000US|United States||21|Pharmaceutical products|30|z|Unknown mode|05|250 - 499 miles|2022|0|S|0|S|0|S|0|S
01|00|0100000US|United States||21|Pharmaceutical products|30|z|Unknown mode|06|500 - 749 miles|2022|0|S|0|S|0|S|0|S
01|00|0100000US|United States||21|Pharmaceutical products|30|z|Unknown mode|07|750 - 999 miles|2022|399||7||26.8||36.7|
01|00|0100000US|United States||21|Pharmaceutical products|30|z|Unknown mode|08|1,000 - 1,499 miles|2022|0|S|0|S|0|S|0|S
01|00|0100000US|United States||21|Pharmaceutical products|30|z|Unknown mode|09|1,500 - 1,999 miles|2022|0|S|0|S|0|S|0|S
01|00|0100000US|United States||21|Pharmaceutical products|30|z|Unknown mode|10|2,000 miles or more|2022|0|S|0|S|0|S|0|S
01|00|0100000US|United States||22|Fertilizers|00||All modes|001|Total|2022|79908||131077||9.4||16.4|
01|00|0100000US|United States||22|Fertilizers|00||All modes|02|Less than 50 miles|2022|41181||68486||12.2||19.5|
01|00|0100000US|United States||22|Fertilizers|00||All modes|03|50 - 99 miles|2022|11314||15557||11.3||13.6|
01|00|0100000US|United States||22|Fertilizers|00||All modes|04|100 - 249 miles|2022|9305||18736||10||24.8|
01|00|0100000US|United States||22|Fertilizers|00||All modes|05|250 - 499 miles|2022|5494||10923||22.9||29.1|
01|00|0100000US|United States||22|Fertilizers|00||All modes|06|500 - 749 miles|2022|5986||8941||35.2||35.6|
01|00|0100000US|United States||22|Fertilizers|00||All modes|07|750 - 999 miles|2022|3408||4284||21.1||17.1|
01|00|0100000US|United States||22|Fertilizers|00||All modes|08|1,000 - 1,499 miles|2022|1674||2607||23.8||25|
01|00|0100000US|United States||22|Fertilizers|00||All modes|09|1,500 - 1,999 miles|2022|968||1058||29.6||29.3|
01|00|0100000US|United States||22|Fertilizers|00||All modes|10|2,000 miles or more|2022|580||484||31.8||40.2|
01|00|0100000US|United States||22|Fertilizers|10||Single modes|001|Total|2022|74140||119066||9.1||16|
01|00|0100000US|United States||22|Fertilizers|10||Single modes|02|Less than 50 miles|2022|39905||65500||12.2||20.1|
01|00|0100000US|United States||22|Fertilizers|10||Single modes|03|50 - 99 miles|2022|11093||15154||11.2||13.6|
01|00|0100000US|United States||22|Fertilizers|10||Single modes|04|100 - 249 miles|2022|8827||17896||9.7||26|
01|00|0100000US|United States||22|Fertilizers|10||Single modes|05|250 - 499 miles|2022|5112||8157||24.1||25.9|
01|00|0100000US|United States||22|Fertilizers|10||Single modes|06|500 - 749 miles|2022|4215||6106||25.8||24.5|
01|00|0100000US|United States||22|Fertilizers|10||Single modes|07|750 - 999 miles|2022|2573||3203||20.3||20|
01|00|0100000US|United States||22|Fertilizers|10||Single modes|08|1,000 - 1,499 miles|2022|1290||1966||31||33|
01|00|0100000US|United States||22|Fertilizers|10||Single modes|09|1,500 - 1,999 miles|2022|864||916||34||32|
01|00|0100000US|United States||22|Fertilizers|10||Single modes|10|2,000 miles or more|2022|260||166||30.7||27.4|
01|00|0100000US|United States||22|Fertilizers|11|n|Truck|001|Total|2022|61778||89042||10.5||13.5|
01|00|0100000US|United States||22|Fertilizers|11|n|Truck|02|Less than 50 miles|2022|35469||53126||13.7||18.8|
01|00|0100000US|United States||22|Fertilizers|11|n|Truck|03|50 - 99 miles|2022|9973||12760||12.5||13.5|
01|00|0100000US|United States||22|Fertilizers|11|n|Truck|04|100 - 249 miles|2022|8284||12976||9.4||10.7|
01|00|0100000US|United States||22|Fertilizers|11|n|Truck|05|250 - 499 miles|2022|3604||5192||22.4||28.7|
01|00|0100000US|United States||22|Fertilizers|11|n|Truck|06|500 - 749 miles|2022|1847||2537||33||35.7|
01|00|0100000US|United States||22|Fertilizers|11|n|Truck|07|750 - 999 miles|2022|1172||1129||35.4||36.1|
01|00|0100000US|United States||22|Fertilizers|11|n|Truck|08|1,000 - 1,499 miles|2022|462||518||24.9||22.7|
01|00|0100000US|United States||22|Fertilizers|11|n|Truck|09|1,500 - 1,999 miles|2022|707||637||43.8||42.2|
01|00|0100000US|United States||22|Fertilizers|11|n|Truck|10|2,000 miles or more|2022|260||166||30.8||27.4|
01|00|0100000US|United States||22|Fertilizers|111||For-hire truck|001|Total|2022|20433||31932||17.8||22.7|
01|00|0100000US|United States||22|Fertilizers|111||For-hire truck|02|Less than 50 miles|2022|7824||14767||19.1||28.2|
01|00|0100000US|United States||22|Fertilizers|111||For-hire truck|03|50 - 99 miles|2022|2925||4360||12.6||16.9|
01|00|0100000US|United States||22|Fertilizers|111||For-hire truck|04|100 - 249 miles|2022|3754||5646||21.1||23.3|
01|00|0100000US|United States||22|Fertilizers|111||For-hire truck|05|250 - 499 miles|2022|2695||3690||29.1||37.5|
01|00|0100000US|United States||22|Fertilizers|111||For-hire truck|06|500 - 749 miles|2022|1399||0|S|44.4||0|S
01|00|0100000US|United States||22|Fertilizers|111||For-hire truck|07|750 - 999 miles|2022|688||0|S|45||0|S
01|00|0100000US|United States||22|Fertilizers|111||For-hire truck|08|1,000 - 1,499 miles|2022|321||323||36.4||32.9|
01|00|0100000US|United States||22|Fertilizers|111||For-hire truck|09|1,500 - 1,999 miles|2022|0|S|0|S|0|S|0|S
01|00|0100000US|United States||22|Fertilizers|111||For-hire truck|10|2,000 miles or more|2022|227||142||37.5||35.1|
01|00|0100000US|United States||22|Fertilizers|112||Company-owned truck|001|Total|2022|35527||48836||12.1||13.2|
01|00|0100000US|United States||22|Fertilizers|112||Company-owned truck|02|Less than 50 miles|2022|23978||33392||15.2||18.8|
01|00|0100000US|United States||22|Fertilizers|112||Company-owned truck|03|50 - 99 miles|2022|5925||6758||16.4||15.6|
01|00|0100000US|United States||22|Fertilizers|112||Company-owned truck|04|100 - 249 miles|2022|3995||6525||14.7||17.6|
01|00|0100000US|United States||22|Fertilizers|112||Company-owned truck|05|250 - 499 miles|2022|755||1181||15.5||16.9|
01|00|0100000US|United States||22|Fertilizers|112||Company-owned truck|06|500 - 749 miles|2022|335||472||33.5||37.4|
01|00|0100000US|United States||22|Fertilizers|112||Company-owned truck|07|750 - 999 miles|2022|0|S|0|S|0|S|0|S
01|00|0100000US|United States||22|Fertilizers|112||Company-owned truck|08|1,000 - 1,499 miles|2022|0|S|0|S|0|S|0|S
01|00|0100000US|United States||22|Fertilizers|112||Company-owned truck|09|1,500 - 1,999 miles|2022|55||87||35.1||34.8|
01|00|0100000US|United States||22|Fertilizers|112||Company-owned truck|10|2,000 miles or more|2022|0|S|0|S|0|S|0|S
01|00|0100000US|United States||22|Fertilizers|113|o|Customer pick-up|001|Total|2022|5817||8274||14.6||13.6|
01|00|0100000US|United States||22|Fertilizers|113|o|Customer pick-up|02|Less than 50 miles|2022|3667||4966||16.7||14.3|
01|00|0100000US|United States||22|Fertilizers|113|o|Customer pick-up|03|50 - 99 miles|2022|1123||1642||26.9||24.9|
01|00|0100000US|United States||22|Fertilizers|113|o|Customer pick-up|04|100 - 249 miles|2022|535||805||22.3||22.5|
01|00|0100000US|United States||22|Fertilizers|113|o|Customer pick-up|05|250 - 499 miles|2022|154||322||31.6||35.2|
01|00|0100000US|United States||22|Fertilizers|113|o|Customer pick-up|06|500 - 749 miles|2022|112||217||42.4||43.5|
01|00|0100000US|United States||22|Fertilizers|113|o|Customer pick-up|07|750 - 999 miles|2022|74||86||45.1||45.2|
01|00|0100000US|United States||22|Fertilizers|113|o|Customer pick-up|08|1,000 - 1,499 miles|2022|0|S|0|S|0|S|0|S
01|00|0100000US|United States||22|Fertilizers|113|o|Customer pick-up|09|1,500 - 1,999 miles|2022|52||0|S|47.9||0|S
01|00|0100000US|United States||22|Fertilizers|113|o|Customer pick-up|10|2,000 miles or more|2022|0|S|13||0|S|36|
01|00|0100000US|United States||22|Fertilizers|12||Rail|001|Total|2022|7545||21855||18.9||39|
01|00|0100000US|United States||22|Fertilizers|12||Rail|02|Less than 50 miles|2022|1268||0|S|31.2||0|S
01|00|0100000US|United States||22|Fertilizers|12||Rail|03|50 - 99 miles|2022|70||140||34.6||23.4|
01|00|0100000US|United States||22|Fertilizers|12||Rail|04|100 - 249 miles|2022|352||0|S|31.4||0|S
01|00|0100000US|United States||22|Fertilizers|12||Rail|05|250 - 499 miles|2022|1394||2782||36.2||27.9|
01|00|0100000US|United States||22|Fertilizers|12||Rail|06|500 - 749 miles|2022|0|S|3253||0|S|42.3|
01|00|0100000US|United States||22|Fertilizers|12||Rail|07|750 - 999 miles|2022|1401||2074||25.6||24.9|
01|00|0100000US|United States||22|Fertilizers|12||Rail|08|1,000 - 1,499 miles|2022|828||1449||48.8||46.1|
01|00|0100000US|United States||22|Fertilizers|12||Rail|09|1,500 - 1,999 miles|2022|0|S|0|S|0|S|0|S
01|00|0100000US|United States||22|Fertilizers|13||Water|001|Total|2022|3789||6551||20.9||24.8|
01|00|0100000US|United States||22|Fertilizers|13||Water|02|Less than 50 miles|2022|2331||3797||20.3||18.5|
01|00|0100000US|United States||22|Fertilizers|13||Water|03|50 - 99 miles|2022|0|S|0|S|0|S|0|S
01|00|0100000US|United States||22|Fertilizers|13||Water|05|250 - 499 miles|2022|0|S|0|S|0|S|0|S
01|00|0100000US|United States||22|Fertilizers|13||Water|06|500 - 749 miles|2022|0|S|0|S|0|S|0|S
01|00|0100000US|United States||22|Fertilizers|13||Water|10|2,000 miles or more|2022|0|S|0|S|0|S|0|S
01|00|0100000US|United States||22|Fertilizers|131||Inland water|001|Total|2022|2739||4296||27.9||30.4|
01|00|0100000US|United States||22|Fertilizers|131||Inland water|02|Less than 50 miles|2022|2331||3797||20.3||18.5|
01|00|0100000US|United States||22|Fertilizers|131||Inland water|05|250 - 499 miles|2022|0|S|0|S|0|S|0|S
01|00|0100000US|United States||22|Fertilizers|131||Inland water|06|500 - 749 miles|2022|0|S|0|S|0|S|0|S
01|00|0100000US|United States||22|Fertilizers|133||Deep sea|001|Total|2022|0|S|0|S|0|S|0|S
01|00|0100000US|United States||22|Fertilizers|133||Deep sea|03|50 - 99 miles|2022|0|S|0|S|0|S|0|S
01|00|0100000US|United States||22|Fertilizers|133||Deep sea|10|2,000 miles or more|2022|0|S|0|S|0|S|0|S
01|00|0100000US|United States||22|Fertilizers|14||Air (includes truck and air)|001|Total|2022|0|S|0|S|0|S|0|S
01|00|0100000US|United States||22|Fertilizers|14||Air (includes truck and air)|04|100 - 249 miles|2022|0|S|0|S|0|S|0|S
01|00|0100000US|United States||22|Fertilizers|14||Air (includes truck and air)|05|250 - 499 miles|2022|0|S|0|S|0|S|0|S
01|00|0100000US|United States||22|Fertilizers|14||Air (includes truck and air)|06|500 - 749 miles|2022|0|Z|0|Z|46.3||46.3|
01|00|0100000US|United States||22|Fertilizers|14||Air (includes truck and air)|08|1,000 - 1,499 miles|2022|0|Z|0|Z|6.6||6.6|
01|00|0100000US|United States||22|Fertilizers|14||Air (includes truck and air)|09|1,500 - 1,999 miles|2022|0|S|0|S|0|S|0|S
01|00|0100000US|United States||22|Fertilizers|14||Air (includes truck and air)|10|2,000 miles or more|2022|0|Z|0|Z|19.5||29|
01|00|0100000US|United States||22|Fertilizers|15||Pipeline|001|Total|2022|0|S|0|S|0|S|0|S
01|00|0100000US|United States||22|Fertilizers|15||Pipeline|02|Less than 50 miles|2022|0|S|0|S|0|S|0|S
01|00|0100000US|United States||22|Fertilizers|15||Pipeline|04|100 - 249 miles|2022|0|S|0|S|0|S|0|S
01|00|0100000US|United States||22|Fertilizers|20||Multiple modes|001|Total|2022|5651||11862||29.7||30.7|
01|00|0100000US|United States||22|Fertilizers|20||Multiple modes|02|Less than 50 miles|2022|1218||2912||26.8||28.3|
01|00|0100000US|United States||22|Fertilizers|20||Multiple modes|03|50 - 99 miles|2022|216||0|S|46.3||0|S
01|00|0100000US|United States||22|Fertilizers|20||Multiple modes|04|100 - 249 miles|2022|439||785||34.9||49.6|
01|00|0100000US|United States||22|Fertilizers|20||Multiple modes|05|250 - 499 miles|2022|380||0|S|21.4||0|S
01|00|0100000US|United States||22|Fertilizers|20||Multiple modes|06|500 - 749 miles|2022|0|S|0|S|0|S|0|S
01|00|0100000US|United States||22|Fertilizers|20||Multiple modes|07|750 - 999 miles|2022|0|S|1079||0|S|49.3|
01|00|0100000US|United States||22|Fertilizers|20||Multiple modes|08|1,000 - 1,499 miles|2022|384||641||25.3||25.4|
01|00|0100000US|United States||22|Fertilizers|20||Multiple modes|09|1,500 - 1,999 miles|2022|0|S|142||0|S|43.1|
01|00|0100000US|United States||22|Fertilizers|20||Multiple modes|10|2,000 miles or more|2022|0|S|0|S|0|S|0|S
01|00|0100000US|United States||22|Fertilizers|21||Parcel, U.S.P.S. or courier|001|Total|2022|0|S|0|S|0|S|0|S
01|00|0100000US|United States||22|Fertilizers|21||Parcel, U.S.P.S. or courier|02|Less than 50 miles|2022|11||6||38.7||40.4|
01|00|0100000US|United States||22|Fertilizers|21||Parcel, U.S.P.S. or courier|03|50 - 99 miles|2022|0|S|0|S|0|S|0|S
01|00|0100000US|United States||22|Fertilizers|21||Parcel, U.S.P.S. or courier|04|100 - 249 miles|2022|0|S|0|S|0|S|0|S
01|00|0100000US|United States||22|Fertilizers|21||Parcel, U.S.P.S. or courier|05|250 - 499 miles|2022|0|S|0|S|0|S|0|S
01|00|0100000US|United States||22|Fertilizers|21||Parcel, U.S.P.S. or courier|06|500 - 749 miles|2022|0|S|0|S|0|S|0|S
01|00|0100000US|United States||22|Fertilizers|21||Parcel, U.S.P.S. or courier|07|750 - 999 miles|2022|1||0|Z|19.9||18.9|
01|00|0100000US|United States||22|Fertilizers|21||Parcel, U.S.P.S. or courier|08|1,000 - 1,499 miles|2022|0|S|0|S|0|S|0|S
01|00|0100000US|United States||22|Fertilizers|21||Parcel, U.S.P.S. or courier|09|1,500 - 1,999 miles|2022|0|S|0|Z|0|S|34.4|
01|00|0100000US|United States||22|Fertilizers|21||Parcel, U.S.P.S. or courier|10|2,000 miles or more|2022|0|S|1||0|S|49.3|
01|00|0100000US|United States||22|Fertilizers|22||Truck and rail|001|Total|2022|4957||11274||32.7||31.6|
01|00|0100000US|United States||22|Fertilizers|22||Truck and rail|02|Less than 50 miles|2022|1150||2819||29.1||30|
01|00|0100000US|United States||22|Fertilizers|22||Truck and rail|03|50 - 99 miles|2022|0|S|0|S|0|S|0|S
01|00|0100000US|United States||22|Fertilizers|22||Truck and rail|04|100 - 249 miles|2022|299||0|S|26.9||0|S
01|00|0100000US|United States||22|Fertilizers|22||Truck and rail|05|250 - 499 miles|2022|371||0|S|21.9||0|S
01|00|0100000US|United States||22|Fertilizers|22||Truck and rail|06|500 - 749 miles|2022|0|S|0|S|0|S|0|S
01|00|0100000US|United States||22|Fertilizers|22||Truck and rail|07|750 - 999 miles|2022|0|S|0|S|0|S|0|S
01|00|0100000US|United States||22|Fertilizers|22||Truck and rail|08|1,000 - 1,499 miles|2022|333||615||29.7||27.3|
01|00|0100000US|United States||22|Fertilizers|22||Truck and rail|09|1,500 - 1,999 miles|2022|55||123||45.5||44|
01|00|0100000US|United States||22|Fertilizers|22||Truck and rail|10|2,000 miles or more|2022|0|S|0|S|0|S|0|S
01|00|0100000US|United States||22|Fertilizers|23||Truck and water|001|Total|2022|477||482||35.5||34.7|
01|00|0100000US|United States||22|Fertilizers|23||Truck and water|02|Less than 50 miles|2022|0|S|0|S|0|S|0|S
01|00|0100000US|United States||22|Fertilizers|23||Truck and water|03|50 - 99 miles|2022|3||2||7.7||5.6|
01|00|0100000US|United States||22|Fertilizers|23||Truck and water|04|100 - 249 miles|2022|0|S|0|S|0|S|0|S
01|00|0100000US|United States||22|Fertilizers|23||Truck and water|07|750 - 999 miles|2022|0|S|0|S|0|S|0|S
01|00|0100000US|United States||22|Fertilizers|23||Truck and water|08|1,000 - 1,499 miles|2022|0|S|0|S|0|S|0|S
01|00|0100000US|United States||22|Fertilizers|23||Truck and water|09|1,500 - 1,999 miles|2022|0|S|0|S|0|S|0|S
01|00|0100000US|United States||22|Fertilizers|23||Truck and water|10|2,000 miles or more|2022|0|S|0|S|0|S|0|S
01|00|0100000US|United States||22|Fertilizers|24||Rail and water|001|Total|2022|0|S|0|S|0|S|0|S
01|00|0100000US|United States||22|Fertilizers|24||Rail and water|10|2,000 miles or more|2022|0|S|0|S|0|S|0|S
01|00|0100000US|United States||22|Fertilizers|25|x|Other multiple modes|001|Total|2022|0|S|0|S|0|S|0|S
01|00|0100000US|United States||22|Fertilizers|25|x|Other multiple modes|05|250 - 499 miles|2022|0|S|0|S|0|S|0|S
01|00|0100000US|United States||22|Fertilizers|30|z|Unknown mode|001|Total|2022|117||149||37.6||38.3|
01|00|0100000US|United States||22|Fertilizers|30|z|Unknown mode|02|Less than 50 miles|2022|58||74||29.4||32.4|
01|00|0100000US|United States||22|Fertilizers|30|z|Unknown mode|03|50 - 99 miles|2022|0|S|0|S|0|S|0|S
01|00|0100000US|United States||22|Fertilizers|30|z|Unknown mode|04|100 - 249 miles|2022|0|S|0|S|0|S|0|S
01|00|0100000US|United States||22|Fertilizers|30|z|Unknown mode|05|250 - 499 miles|2022|0|S|0|S|0|S|0|S
01|00|0100000US|United States||22|Fertilizers|30|z|Unknown mode|06|500 - 749 miles|2022|0|S|0|S|0|S|0|S
01|00|0100000US|United States||22|Fertilizers|30|z|Unknown mode|07|750 - 999 miles|2022|0|S|0|S|0|S|0|S
01|00|0100000US|United States||22|Fertilizers|30|z|Unknown mode|10|2,000 miles or more|2022|0|S|0|S|0|S|0|S
01|00|0100000US|United States||23|Other chemical products and preparations, not elsewhere classified|00||All modes|001|Total|2022|488024||154404||5.4||15.4|
01|00|0100000US|United States||23|Other chemical products and preparations, not elsewhere classified|00||All modes|02|Less than 50 miles|2022|127865||64552||5.8||35.6|
01|00|0100000US|United States||23|Other chemical products and preparations, not elsewhere classified|00||All modes|03|50 - 99 miles|2022|39382||11403||5.2||9.2|
01|00|0100000US|United States||23|Other chemical products and preparations, not elsewhere classified|00||All modes|04|100 - 249 miles|2022|65998||17725||4.7||7.1|
01|00|0100000US|United States||23|Other chemical products and preparations, not elsewhere classified|00||All modes|05|250 - 499 miles|2022|79186||20386||6.6||10.4|
01|00|0100000US|United States||23|Other chemical products and preparations, not elsewhere classified|00||All modes|06|500 - 749 miles|2022|65874||14575||23.5||14.9|
01|00|0100000US|United States||23|Other chemical products and preparations, not elsewhere classified|00||All modes|07|750 - 999 miles|2022|34554||9003||6.9||11.4|
01|00|0100000US|United States||23|Other chemical products and preparations, not elsewhere classified|00||All modes|08|1,000 - 1,499 miles|2022|35098||7629||10.6||6.8|
01|00|0100000US|United States||23|Other chemical products and preparations, not elsewhere classified|00||All modes|09|1,500 - 1,999 miles|2022|19395||4128||7.2||17.3|
01|00|0100000US|United States||23|Other chemical products and preparations, not elsewhere classified|00||All modes|10|2,000 miles or more|2022|20672||0|S|11.6||0|S
01|00|0100000US|United States||23|Other chemical products and preparations, not elsewhere classified|10||Single modes|001|Total|2022|398531||134896||6.2||17.2|
01|00|0100000US|United States||23|Other chemical products and preparations, not elsewhere classified|10||Single modes|02|Less than 50 miles|2022|115811||61264||6||37.8|
01|00|0100000US|United States||23|Other chemical products and preparations, not elsewhere classified|10||Single modes|03|50 - 99 miles|2022|32077||10530||4.9||9.7|
01|00|0100000US|United States||23|Other chemical products and preparations, not elsewhere classified|10||Single modes|04|100 - 249 miles|2022|54908||15635||5.2||7.8|
01|00|0100000US|United States||23|Other chemical products and preparations, not elsewhere classified|10||Single modes|05|250 - 499 miles|2022|63601||16423||6||5.7|
01|00|0100000US|United States||23|Other chemical products and preparations, not elsewhere classified|10||Single modes|06|500 - 749 miles|2022|55081||12589||28.1||16.6|
01|00|0100000US|United States||23|Other chemical products and preparations, not elsewhere classified|10||Single modes|07|750 - 999 miles|2022|24664||7041||7.4||13.6|
01|00|0100000US|United States||23|Other chemical products and preparations, not elsewhere classified|10||Single modes|08|1,000 - 1,499 miles|2022|26503||6493||14.8||7.2|
01|00|0100000US|United States||23|Other chemical products and preparations, not elsewhere classified|10||Single modes|09|1,500 - 1,999 miles|2022|12810||3094||6.5||13.7|
01|00|0100000US|United States||23|Other chemical products and preparations, not elsewhere classified|10||Single modes|10|2,000 miles or more|2022|13076||1828||12.7||16.1|
01|00|0100000US|United States||23|Other chemical products and preparations, not elsewhere classified|11|n|Truck|001|Total|2022|383322||123520||6.3||18.5|
01|00|0100000US|United States||23|Other chemical products and preparations, not elsewhere classified|11|n|Truck|02|Less than 50 miles|2022|112006||58482||5.9||39.8|
01|00|0100000US|United States||23|Other chemical products and preparations, not elsewhere classified|11|n|Truck|03|50 - 99 miles|2022|31233||10181||4.6||9.2|
01|00|0100000US|United States||23|Other chemical products and preparations, not elsewhere classified|11|n|Truck|04|100 - 249 miles|2022|54214||14779||5.1||7.4|
01|00|0100000US|United States||23|Other chemical products and preparations, not elsewhere classified|11|n|Truck|05|250 - 499 miles|2022|61699||15171||5.7||6|
01|00|0100000US|United States||23|Other chemical products and preparations, not elsewhere classified|11|n|Truck|06|500 - 749 miles|2022|52588||10389||29.4||17.4|
01|00|0100000US|United States||23|Other chemical products and preparations, not elsewhere classified|11|n|Truck|07|750 - 999 miles|2022|22313||5247||5.8||6.1|
01|00|0100000US|United States||23|Other chemical products and preparations, not elsewhere classified|11|n|Truck|08|1,000 - 1,499 miles|2022|24732||5017||15.7||8.7|
01|00|0100000US|United States||23|Other chemical products and preparations, not elsewhere classified|11|n|Truck|09|1,500 - 1,999 miles|2022|12117||2579||6.7||14.3|
01|00|0100000US|United States||23|Other chemical products and preparations, not elsewhere classified|11|n|Truck|10|2,000 miles or more|2022|12419||1676||13.7||17.6|
01|00|0100000US|United States||23|Other chemical products and preparations, not elsewhere classified|111||For-hire truck|001|Total|2022|261961||62539||7.9||7.5|
01|00|0100000US|United States||23|Other chemical products and preparations, not elsewhere classified|111||For-hire truck|02|Less than 50 miles|2022|48604||14065||8.7||16|
01|00|0100000US|United States||23|Other chemical products and preparations, not elsewhere classified|111||For-hire truck|03|50 - 99 miles|2022|16063||4641||9.2||10.3|
01|00|0100000US|United States||23|Other chemical products and preparations, not elsewhere classified|111||For-hire truck|04|100 - 249 miles|2022|35314||9779||4.3||9.1|
01|00|0100000US|United States||23|Other chemical products and preparations, not elsewhere classified|111||For-hire truck|05|250 - 499 miles|2022|50291||11869||4.5||5.7|
01|00|0100000US|United States||23|Other chemical products and preparations, not elsewhere classified|111||For-hire truck|06|500 - 749 miles|2022|49090||9438||30.9||18|
01|00|0100000US|United States||23|Other chemical products and preparations, not elsewhere classified|111||For-hire truck|07|750 - 999 miles|2022|19542||4693||5.7||6.9|
01|00|0100000US|United States||23|Other chemical products and preparations, not elsewhere classified|111||For-hire truck|08|1,000 - 1,499 miles|2022|21069||4265||16.1||6.1|
01|00|0100000US|United States||23|Other chemical products and preparations, not elsewhere classified|111||For-hire truck|09|1,500 - 1,999 miles|2022|10988||2269||8.3||14.8|
01|00|0100000US|United States||23|Other chemical products and preparations, not elsewhere classified|111||For-hire truck|10|2,000 miles or more|2022|11000||1520||15.1||18.8|
01|00|0100000US|United States||23|Other chemical products and preparations, not elsewhere classified|112||Company-owned truck|001|Total|2022|96254||52793||5.3||44.7|
01|00|0100000US|United States||23|Other chemical products and preparations, not elsewhere classified|112||Company-owned truck|02|Less than 50 miles|2022|53483||0|S|6.6||0|S
01|00|0100000US|United States||23|Other chemical products and preparations, not elsewhere classified|112||Company-owned truck|03|50 - 99 miles|2022|13250||4806||8.2||10.5|
01|00|0100000US|United States||23|Other chemical products and preparations, not elsewhere classified|112||Company-owned truck|04|100 - 249 miles|2022|16752||3943||12||9.5|
01|00|0100000US|United States||23|Other chemical products and preparations, not elsewhere classified|112||Company-owned truck|05|250 - 499 miles|2022|7049||1310||25||14.8|
01|00|0100000US|United States||23|Other chemical products and preparations, not elsewhere classified|112||Company-owned truck|06|500 - 749 miles|2022|1538||362||14||21|
01|00|0100000US|United States||23|Other chemical products and preparations, not elsewhere classified|112||Company-owned truck|07|750 - 999 miles|2022|1506||246||42.5||23.5|
01|00|0100000US|United States||23|Other chemical products and preparations, not elsewhere classified|112||Company-owned truck|08|1,000 - 1,499 miles|2022|0|S|235||0|S|34.9|
01|00|0100000US|United States||23|Other chemical products and preparations, not elsewhere classified|112||Company-owned truck|09|1,500 - 1,999 miles|2022|586||0|S|20||0|S
01|00|0100000US|United States||23|Other chemical products and preparations, not elsewhere classified|112||Company-owned truck|10|2,000 miles or more|2022|307||36||40||30.3|
01|00|0100000US|United States||23|Other chemical products and preparations, not elsewhere classified|113|o|Customer pick-up|001|Total|2022|25107||8188||7.9||14.8|
01|00|0100000US|United States||23|Other chemical products and preparations, not elsewhere classified|113|o|Customer pick-up|02|Less than 50 miles|2022|9919||2740||10.7||23.4|
01|00|0100000US|United States||23|Other chemical products and preparations, not elsewhere classified|113|o|Customer pick-up|03|50 - 99 miles|2022|1920||734||19.3||17.6|
01|00|0100000US|United States||23|Other chemical products and preparations, not elsewhere classified|113|o|Customer pick-up|04|100 - 249 miles|2022|2148||1058||14.4||15|
01|00|0100000US|United States||23|Other chemical products and preparations, not elsewhere classified|113|o|Customer pick-up|05|250 - 499 miles|2022|4359||1992||14.3||31.7|
01|00|0100000US|United States||23|Other chemical products and preparations, not elsewhere classified|113|o|Customer pick-up|06|500 - 749 miles|2022|1961||589||17.4||14.3|
01|00|0100000US|United States||23|Other chemical products and preparations, not elsewhere classified|113|o|Customer pick-up|07|750 - 999 miles|2022|1266||309||26.5||14.5|
01|00|0100000US|United States||23|Other chemical products and preparations, not elsewhere classified|113|o|Customer pick-up|08|1,000 - 1,499 miles|2022|1880||518||32.6||39.1|
01|00|0100000US|United States||23|Other chemical products and preparations, not elsewhere classified|113|o|Customer pick-up|09|1,500 - 1,999 miles|2022|543||129||20.9||32.2|
01|00|0100000US|United States||23|Other chemical products and preparations, not elsewhere classified|113|o|Customer pick-up|10|2,000 miles or more|2022|1113||120||44.1||23.2|
01|00|0100000US|United States||23|Other chemical products and preparations, not elsewhere classified|12||Rail|001|Total|2022|14112||10932||17.9||18.9|
01|00|0100000US|United States||23|Other chemical products and preparations, not elsewhere classified|12||Rail|02|Less than 50 miles|2022|3545||2625||37||35.2|
01|00|0100000US|United States||23|Other chemical products and preparations, not elsewhere classified|12||Rail|03|50 - 99 miles|2022|0|S|349||0|S|38.8|
01|00|0100000US|United States||23|Other chemical products and preparations, not elsewhere classified|12||Rail|04|100 - 249 miles|2022|656||852||22.8||36.1|
01|00|0100000US|United States||23|Other chemical products and preparations, not elsewhere classified|12||Rail|05|250 - 499 miles|2022|1757||1042||25.3||20.1|
01|00|0100000US|United States||23|Other chemical products and preparations, not elsewhere classified|12||Rail|06|500 - 749 miles|2022|2435||2190||20.3||38.1|
01|00|0100000US|United States||23|Other chemical products and preparations, not elsewhere classified|12||Rail|07|750 - 999 miles|2022|2251||1786||33||47.1|
01|00|0100000US|United States||23|Other chemical products and preparations, not elsewhere classified|12||Rail|08|1,000 - 1,499 miles|2022|1651||1461||20.4||18.8|
01|00|0100000US|United States||23|Other chemical products and preparations, not elsewhere classified|12||Rail|09|1,500 - 1,999 miles|2022|590||508||23.1||29.5|
01|00|0100000US|United States||23|Other chemical products and preparations, not elsewhere classified|12||Rail|10|2,000 miles or more|2022|0|S|118||0|S|25.3|
01|00|0100000US|United States||23|Other chemical products and preparations, not elsewhere classified|13||Water|001|Total|2022|199||52||21.2||27.5|
01|00|0100000US|United States||23|Other chemical products and preparations, not elsewhere classified|13||Water|02|Less than 50 miles|2022|47||9||45||29.4|
01|00|0100000US|United States||23|Other chemical products and preparations, not elsewhere classified|13||Water|03|50 - 99 miles|2022|0|S|0|S|0|S|0|S
01|00|0100000US|United States||23|Other chemical products and preparations, not elsewhere classified|13||Water|04|100 - 249 miles|2022|4||0|S|37||0|S
01|00|0100000US|United States||23|Other chemical products and preparations, not elsewhere classified|13||Water|05|250 - 499 miles|2022|45||0|S|20.6||0|S
01|00|0100000US|United States||23|Other chemical products and preparations, not elsewhere classified|13||Water|06|500 - 749 miles|2022|0|S|0|S|0|S|0|S
01|00|0100000US|United States||23|Other chemical products and preparations, not elsewhere classified|13||Water|07|750 - 999 miles|2022|0|S|0|S|0|S|0|S
01|00|0100000US|United States||23|Other chemical products and preparations, not elsewhere classified|13||Water|08|1,000 - 1,499 miles|2022|23||0|S|38.9||0|S
01|00|0100000US|United States||23|Other chemical products and preparations, not elsewhere classified|13||Water|09|1,500 - 1,999 miles|2022|0|S|0|S|0|S|0|S
01|00|0100000US|United States||23|Other chemical products and preparations, not elsewhere classified|13||Water|10|2,000 miles or more|2022|0|S|0|S|0|S|0|S
01|00|0100000US|United States||23|Other chemical products and preparations, not elsewhere classified|131||Inland water|001|Total|2022|1||0|Z|45.6||42.6|
01|00|0100000US|United States||23|Other chemical products and preparations, not elsewhere classified|131||Inland water|02|Less than 50 miles|2022|1||0|Z|45.6||42.6|
01|00|0100000US|United States||23|Other chemical products and preparations, not elsewhere classified|133||Deep sea|001|Total|2022|198||52||21.2||27.7|
01|00|0100000US|United States||23|Other chemical products and preparations, not elsewhere classified|133||Deep sea|02|Less than 50 miles|2022|46||9||43.8||28|
01|00|0100000US|United States||23|Other chemical products and preparations, not elsewhere classified|133||Deep sea|03|50 - 99 miles|2022|0|S|0|S|0|S|0|S
01|00|0100000US|United States||23|Other chemical products and preparations, not elsewhere classified|133||Deep sea|04|100 - 249 miles|2022|4||0|S|37||0|S
01|00|0100000US|United States||23|Other chemical products and preparations, not elsewhere classified|133||Deep sea|05|250 - 499 miles|2022|45||0|S|20.6||0|S
01|00|0100000US|United States||23|Other chemical products and preparations, not elsewhere classified|133||Deep sea|06|500 - 749 miles|2022|0|S|0|S|0|S|0|S
01|00|0100000US|United States||23|Other chemical products and preparations, not elsewhere classified|133||Deep sea|07|750 - 999 miles|2022|0|S|0|S|0|S|0|S
01|00|0100000US|United States||23|Other chemical products and preparations, not elsewhere classified|133||Deep sea|08|1,000 - 1,499 miles|2022|23||0|S|38.9||0|S
01|00|0100000US|United States||23|Other chemical products and preparations, not elsewhere classified|133||Deep sea|09|1,500 - 1,999 miles|2022|0|S|0|S|0|S|0|S
01|00|0100000US|United States||23|Other chemical products and preparations, not elsewhere classified|133||Deep sea|10|2,000 miles or more|2022|0|S|0|S|0|S|0|S
01|00|0100000US|United States||23|Other chemical products and preparations, not elsewhere classified|14||Air (includes truck and air)|001|Total|2022|684||0|S|6.8||0|S
01|00|0100000US|United States||23|Other chemical products and preparations, not elsewhere classified|14||Air (includes truck and air)|03|50 - 99 miles|2022|0|S|0|S|0|S|0|S
01|00|0100000US|United States||23|Other chemical products and preparations, not elsewhere classified|14||Air (includes truck and air)|04|100 - 249 miles|2022|34||3||37.1||50|
01|00|0100000US|United States||23|Other chemical products and preparations, not elsewhere classified|14||Air (includes truck and air)|05|250 - 499 miles|2022|100||0|S|28.3||0|S
01|00|0100000US|United States||23|Other chemical products and preparations, not elsewhere classified|14||Air (includes truck and air)|06|500 - 749 miles|2022|57||9||16.1||40.6|
01|00|0100000US|United States||23|Other chemical products and preparations, not elsewhere classified|14||Air (includes truck and air)|07|750 - 999 miles|2022|75||0|S|41.7||0|S
01|00|0100000US|United States||23|Other chemical products and preparations, not elsewhere classified|14||Air (includes truck and air)|08|1,000 - 1,499 miles|2022|97||7||20.9||37.4|
01|00|0100000US|United States||23|Other chemical products and preparations, not elsewhere classified|14||Air (includes truck and air)|09|1,500 - 1,999 miles|2022|60||3||24.4||43.4|
01|00|0100000US|United States||23|Other chemical products and preparations, not elsewhere classified|14||Air (includes truck and air)|10|2,000 miles or more|2022|260||23||9.3||21.7|
01|00|0100000US|United States||23|Other chemical products and preparations, not elsewhere classified|15||Pipeline|001|Total|2022|0|S|149||0|S|47.7|
01|00|0100000US|United States||23|Other chemical products and preparations, not elsewhere classified|15||Pipeline|02|Less than 50 miles|2022|213||149||46.7||41|
01|00|0100000US|United States||23|Other chemical products and preparations, not elsewhere classified|15||Pipeline|03|50 - 99 miles|2022|0|S|0|S|0|S|0|S
01|00|0100000US|United States||23|Other chemical products and preparations, not elsewhere classified|15||Pipeline|04|100 - 249 miles|2022|0|S|0|S|0|S|0|S
01|00|0100000US|United States||23|Other chemical products and preparations, not elsewhere classified|20||Multiple modes|001|Total|2022|82359||14445||9.1||20.6|
01|00|0100000US|United States||23|Other chemical products and preparations, not elsewhere classified|20||Multiple modes|02|Less than 50 miles|2022|9975||2517||11.2||23.5|
01|00|0100000US|United States||23|Other chemical products and preparations, not elsewhere classified|20||Multiple modes|03|50 - 99 miles|2022|6925||732||19.4||23.2|
01|00|0100000US|United States||23|Other chemical products and preparations, not elsewhere classified|20||Multiple modes|04|100 - 249 miles|2022|10007||1428||11.7||13.5|
01|00|0100000US|United States||23|Other chemical products and preparations, not elsewhere classified|20||Multiple modes|05|250 - 499 miles|2022|14619||3629||14.7||48|
01|00|0100000US|United States||23|Other chemical products and preparations, not elsewhere classified|20||Multiple modes|06|500 - 749 miles|2022|10073||1776||13.1||34.6|
01|00|0100000US|United States||23|Other chemical products and preparations, not elsewhere classified|20||Multiple modes|07|750 - 999 miles|2022|8895||1706||14.6||20.3|
01|00|0100000US|United States||23|Other chemical products and preparations, not elsewhere classified|20||Multiple modes|08|1,000 - 1,499 miles|2022|8190||1027||11.8||14.5|
01|00|0100000US|United States||23|Other chemical products and preparations, not elsewhere classified|20||Multiple modes|09|1,500 - 1,999 miles|2022|6411||981||16.1||47.8|
01|00|0100000US|United States||23|Other chemical products and preparations, not elsewhere classified|20||Multiple modes|10|2,000 miles or more|2022|7265||649||19.7||34|
01|00|0100000US|United States||23|Other chemical products and preparations, not elsewhere classified|21||Parcel, U.S.P.S. or courier|001|Total|2022|66928||3376||7.2||9.5|
01|00|0100000US|United States||23|Other chemical products and preparations, not elsewhere classified|21||Parcel, U.S.P.S. or courier|02|Less than 50 miles|2022|8565||456||13.1||11|
01|00|0100000US|United States||23|Other chemical products and preparations, not elsewhere classified|21||Parcel, U.S.P.S. or courier|03|50 - 99 miles|2022|6650||302||20.6||17.4|
01|00|0100000US|United States||23|Other chemical products and preparations, not elsewhere classified|21||Parcel, U.S.P.S. or courier|04|100 - 249 miles|2022|8435||450||12.1||11.4|
01|00|0100000US|United States||23|Other chemical products and preparations, not elsewhere classified|21||Parcel, U.S.P.S. or courier|05|250 - 499 miles|2022|10911||558||6.4||13.2|
01|00|0100000US|United States||23|Other chemical products and preparations, not elsewhere classified|21||Parcel, U.S.P.S. or courier|06|500 - 749 miles|2022|8238||403||13||13.5|
01|00|0100000US|United States||23|Other chemical products and preparations, not elsewhere classified|21||Parcel, U.S.P.S. or courier|07|750 - 999 miles|2022|5570||277||17.4||13.3|
01|00|0100000US|United States||23|Other chemical products and preparations, not elsewhere classified|21||Parcel, U.S.P.S. or courier|08|1,000 - 1,499 miles|2022|6820||364||11.5||17.1|
01|00|0100000US|United States||23|Other chemical products and preparations, not elsewhere classified|21||Parcel, U.S.P.S. or courier|09|1,500 - 1,999 miles|2022|5387||278||16.1||17.8|
01|00|0100000US|United States||23|Other chemical products and preparations, not elsewhere classified|21||Parcel, U.S.P.S. or courier|10|2,000 miles or more|2022|6351||288||23.1||18.5|
01|00|0100000US|United States||23|Other chemical products and preparations, not elsewhere classified|22||Truck and rail|001|Total|2022|12198||10478||27.1||24.7|
01|00|0100000US|United States||23|Other chemical products and preparations, not elsewhere classified|22||Truck and rail|02|Less than 50 miles|2022|949||1898||35.7||32.2|
01|00|0100000US|United States||23|Other chemical products and preparations, not elsewhere classified|22||Truck and rail|03|50 - 99 miles|2022|209||411||35.1||41.7|
01|00|0100000US|United States||23|Other chemical products and preparations, not elsewhere classified|22||Truck and rail|04|100 - 249 miles|2022|1310||948||32.6||19.2|
01|00|0100000US|United States||23|Other chemical products and preparations, not elsewhere classified|22||Truck and rail|05|250 - 499 miles|2022|0|S|0|S|0|S|0|S
01|00|0100000US|United States||23|Other chemical products and preparations, not elsewhere classified|22||Truck and rail|06|500 - 749 miles|2022|1646||1355||32||42.9|
01|00|0100000US|United States||23|Other chemical products and preparations, not elsewhere classified|22||Truck and rail|07|750 - 999 miles|2022|2863||1403||30.9||24.6|
01|00|0100000US|United States||23|Other chemical products and preparations, not elsewhere classified|22||Truck and rail|08|1,000 - 1,499 miles|2022|854||649||13.3||17.1|
01|00|0100000US|United States||23|Other chemical products and preparations, not elsewhere classified|22||Truck and rail|09|1,500 - 1,999 miles|2022|577||0|S|31.7||0|S
01|00|0100000US|United States||23|Other chemical products and preparations, not elsewhere classified|22||Truck and rail|10|2,000 miles or more|2022|0|S|0|S|0|S|0|S
01|00|0100000US|United States||23|Other chemical products and preparations, not elsewhere classified|23||Truck and water|001|Total|2022|3059||552||36.2||33.2|
01|00|0100000US|United States||23|Other chemical products and preparations, not elsewhere classified|23||Truck and water|02|Less than 50 miles|2022|451||163||43||38.3|
01|00|0100000US|United States||23|Other chemical products and preparations, not elsewhere classified|23||Truck and water|03|50 - 99 miles|2022|0|S|17||0|S|46.7|
01|00|0100000US|United States||23|Other chemical products and preparations, not elsewhere classified|23||Truck and water|04|100 - 249 miles|2022|245||29||46.1||31.7|
01|00|0100000US|United States||23|Other chemical products and preparations, not elsewhere classified|23||Truck and water|05|250 - 499 miles|2022|308||27||34.5||34.1|
01|00|0100000US|United States||23|Other chemical products and preparations, not elsewhere classified|23||Truck and water|06|500 - 749 miles|2022|0|S|16||0|S|31.2|
01|00|0100000US|United States||23|Other chemical products and preparations, not elsewhere classified|23||Truck and water|07|750 - 999 miles|2022|0|S|0|S|0|S|0|S
01|00|0100000US|United States||23|Other chemical products and preparations, not elsewhere classified|23||Truck and water|08|1,000 - 1,499 miles|2022|0|S|0|S|0|S|0|S
01|00|0100000US|United States||23|Other chemical products and preparations, not elsewhere classified|23||Truck and water|09|1,500 - 1,999 miles|2022|0|S|0|S|0|S|0|S
01|00|0100000US|United States||23|Other chemical products and preparations, not elsewhere classified|23||Truck and water|10|2,000 miles or more|2022|435||60||31.9||27.2|
01|00|0100000US|United States||23|Other chemical products and preparations, not elsewhere classified|24||Rail and water|001|Total|2022|56||21||7.6||7.1|
01|00|0100000US|United States||23|Other chemical products and preparations, not elsewhere classified|24||Rail and water|10|2,000 miles or more|2022|56||21||7.6||7.1|
01|00|0100000US|United States||23|Other chemical products and preparations, not elsewhere classified|25|x|Other multiple modes|001|Total|2022|118||0|S|38.5||0|S
01|00|0100000US|United States||23|Other chemical products and preparations, not elsewhere classified|25|x|Other multiple modes|02|Less than 50 miles|2022|0|S|0|S|0|S|0|S
01|00|0100000US|United States||23|Other chemical products and preparations, not elsewhere classified|25|x|Other multiple modes|03|50 - 99 miles|2022|0|S|0|S|0|S|0|S
01|00|0100000US|United States||23|Other chemical products and preparations, not elsewhere classified|25|x|Other multiple modes|04|100 - 249 miles|2022|0|S|0|S|0|S|0|S
01|00|0100000US|United States||23|Other chemical products and preparations, not elsewhere classified|25|x|Other multiple modes|05|250 - 499 miles|2022|25||0|S|49.1||0|S
01|00|0100000US|United States||23|Other chemical products and preparations, not elsewhere classified|25|x|Other multiple modes|06|500 - 749 miles|2022|0|S|0|S|0|S|0|S
01|00|0100000US|United States||23|Other chemical products and preparations, not elsewhere classified|25|x|Other multiple modes|07|750 - 999 miles|2022|5||1||42||27|
01|00|0100000US|United States||23|Other chemical products and preparations, not elsewhere classified|25|x|Other multiple modes|08|1,000 - 1,499 miles|2022|0|S|0|S|0|S|0|S
01|00|0100000US|United States||23|Other chemical products and preparations, not elsewhere classified|25|x|Other multiple modes|09|1,500 - 1,999 miles|2022|0|S|0|S|0|S|0|S
01|00|0100000US|United States||23|Other chemical products and preparations, not elsewhere classified|25|x|Other multiple modes|10|2,000 miles or more|2022|7||2||39.6||45.3|
01|00|0100000US|United States||23|Other chemical products and preparations, not elsewhere classified|30|z|Unknown mode|001|Total|2022|7134||5063||11.6||45.5|
01|00|0100000US|United States||23|Other chemical products and preparations, not elsewhere classified|30|z|Unknown mode|02|Less than 50 miles|2022|2079||771||20||28|
01|00|0100000US|United States||23|Other chemical products and preparations, not elsewhere classified|30|z|Unknown mode|03|50 - 99 miles|2022|380||141||17.8||27.4|
01|00|0100000US|United States||23|Other chemical products and preparations, not elsewhere classified|30|z|Unknown mode|04|100 - 249 miles|2022|1083||0|S|23.3||0|S
01|00|0100000US|United States||23|Other chemical products and preparations, not elsewhere classified|30|z|Unknown mode|05|250 - 499 miles|2022|966||334||23.3||31.5|
01|00|0100000US|United States||23|Other chemical products and preparations, not elsewhere classified|30|z|Unknown mode|06|500 - 749 miles|2022|720||210||21.7||13.7|
01|00|0100000US|United States||23|Other chemical products and preparations, not elsewhere classified|30|z|Unknown mode|07|750 - 999 miles|2022|995||257||44.5||43.3|
01|00|0100000US|United States||23|Other chemical products and preparations, not elsewhere classified|30|z|Unknown mode|08|1,000 - 1,499 miles|2022|405||109||19.8||20.6|
01|00|0100000US|United States||23|Other chemical products and preparations, not elsewhere classified|30|z|Unknown mode|09|1,500 - 1,999 miles|2022|174||53||19.2||21.8|
01|00|0100000US|United States||23|Other chemical products and preparations, not elsewhere classified|30|z|Unknown mode|10|2,000 miles or more|2022|332||0|S|23.9||0|S
01|00|0100000US|United States||24|Plastics and rubber|00||All modes|001|Total|2022|769854||239647||3.2||4.3|
01|00|0100000US|United States||24|Plastics and rubber|00||All modes|02|Less than 50 miles|2022|220040||78712||6.2||4.9|
01|00|0100000US|United States||24|Plastics and rubber|00||All modes|03|50 - 99 miles|2022|58840||15941||7.9||8.7|
01|00|0100000US|United States||24|Plastics and rubber|00||All modes|04|100 - 249 miles|2022|104155||29587||2.5||5.9|
01|00|0100000US|United States||24|Plastics and rubber|00||All modes|05|250 - 499 miles|2022|124777||36446||3.4||4.9|
01|00|0100000US|United States||24|Plastics and rubber|00||All modes|06|500 - 749 miles|2022|90297||26683||2.9||5.7|
01|00|0100000US|United States||24|Plastics and rubber|00||All modes|07|750 - 999 miles|2022|59951||19636||3.2||7.2|
01|00|0100000US|United States||24|Plastics and rubber|00||All modes|08|1,000 - 1,499 miles|2022|59759||20088||3.7||9.5|
01|00|0100000US|United States||24|Plastics and rubber|00||All modes|09|1,500 - 1,999 miles|2022|30421||8334||7.8||20.2|
01|00|0100000US|United States||24|Plastics and rubber|00||All modes|10|2,000 miles or more|2022|21615||4220||9.4||20.2|
01|00|0100000US|United States||24|Plastics and rubber|10||Single modes|001|Total|2022|672543||196284||3.4||3.9|
01|00|0100000US|United States||24|Plastics and rubber|10||Single modes|02|Less than 50 miles|2022|201363||66987||7.1||5.5|
01|00|0100000US|United States||24|Plastics and rubber|10||Single modes|03|50 - 99 miles|2022|51209||13231||8.7||9|
01|00|0100000US|United States||24|Plastics and rubber|10||Single modes|04|100 - 249 miles|2022|93470||25431||2.7||4.4|
01|00|0100000US|United States||24|Plastics and rubber|10||Single modes|05|250 - 499 miles|2022|110129||31435||2.9||4.9|
01|00|0100000US|United States||24|Plastics and rubber|10||Single modes|06|500 - 749 miles|2022|77196||21078||2.8||3.9|
01|00|0100000US|United States||24|Plastics and rubber|10||Single modes|07|750 - 999 miles|2022|48337||13917||4.3||5.4|
01|00|0100000US|United States||24|Plastics and rubber|10||Single modes|08|1,000 - 1,499 miles|2022|49542||15457||3.7||7.6|
01|00|0100000US|United States||24|Plastics and rubber|10||Single modes|09|1,500 - 1,999 miles|2022|24642||5178||8.3||8.2|
01|00|0100000US|United States||24|Plastics and rubber|10||Single modes|10|2,000 miles or more|2022|16655||3570||9.7||22.7|
01|00|0100000US|United States||24|Plastics and rubber|11|n|Truck|001|Total|2022|616898||152033||3.8||4.5|
01|00|0100000US|United States||24|Plastics and rubber|11|n|Truck|02|Less than 50 miles|2022|180752||47138||6.8||8.3|
01|00|0100000US|United States||24|Plastics and rubber|11|n|Truck|03|50 - 99 miles|2022|49938||12113||9||9|
01|00|0100000US|United States||24|Plastics and rubber|11|n|Truck|04|100 - 249 miles|2022|90502||23008||2.6||3.9|
01|00|0100000US|United States||24|Plastics and rubber|11|n|Truck|05|250 - 499 miles|2022|102726||26042||2.9||3.6|
01|00|0100000US|United States||24|Plastics and rubber|11|n|Truck|06|500 - 749 miles|2022|69905||16851||3.2||4.3|
01|00|0100000US|United States||24|Plastics and rubber|11|n|Truck|07|750 - 999 miles|2022|42360||9921||4.9||7.5|
01|00|0100000US|United States||24|Plastics and rubber|11|n|Truck|08|1,000 - 1,499 miles|2022|41774||9210||5.7||6.9|
01|00|0100000US|United States||24|Plastics and rubber|11|n|Truck|09|1,500 - 1,999 miles|2022|22997||4259||9.3||9.8|
01|00|0100000US|United States||24|Plastics and rubber|11|n|Truck|10|2,000 miles or more|2022|15942||3490||10.2||23.1|
01|00|0100000US|United States||24|Plastics and rubber|111||For-hire truck|001|Total|2022|417185||103549||2.6||4.9|
01|00|0100000US|United States||24|Plastics and rubber|111||For-hire truck|02|Less than 50 miles|2022|68573||21722||7.1||11.6|
01|00|0100000US|United States||24|Plastics and rubber|111||For-hire truck|03|50 - 99 miles|2022|24952||6127||5.1||5.4|
01|00|0100000US|United States||24|Plastics and rubber|111||For-hire truck|04|100 - 249 miles|2022|68528||17202||2.5||4.4|
01|00|0100000US|United States||24|Plastics and rubber|111||For-hire truck|05|250 - 499 miles|2022|89086||22002||3.4||3.7|
01|00|0100000US|United States||24|Plastics and rubber|111||For-hire truck|06|500 - 749 miles|2022|58976||14058||3.1||4.3|
01|00|0100000US|United States||24|Plastics and rubber|111||For-hire truck|07|750 - 999 miles|2022|36975||8063||5||7.1|
01|00|0100000US|United States||24|Plastics and rubber|111||For-hire truck|08|1,000 - 1,499 miles|2022|36370||7790||5.4||5.7|
01|00|0100000US|United States||24|Plastics and rubber|111||For-hire truck|09|1,500 - 1,999 miles|2022|19455||3498||10.2||9.8|
01|00|0100000US|United States||24|Plastics and rubber|111||For-hire truck|10|2,000 miles or more|2022|14269||3086||12.2||26.5|
01|00|0100000US|United States||24|Plastics and rubber|112||Company-owned truck|001|Total|2022|152611||34339||11.5||13.1|
01|00|0100000US|United States||24|Plastics and rubber|112||Company-owned truck|02|Less than 50 miles|2022|91978||20628||12.7||15.2|
01|00|0100000US|United States||24|Plastics and rubber|112||Company-owned truck|03|50 - 99 miles|2022|21698||5108||16.6||18.2|
01|00|0100000US|United States||24|Plastics and rubber|112||Company-owned truck|04|100 - 249 miles|2022|16235||3803||10.1||11.2|
01|00|0100000US|United States||24|Plastics and rubber|112||Company-owned truck|05|250 - 499 miles|2022|7783||2016||11.5||12.3|
01|00|0100000US|United States||24|Plastics and rubber|112||Company-owned truck|06|500 - 749 miles|2022|6143||1152||26.6||25.2|
01|00|0100000US|United States||24|Plastics and rubber|112||Company-owned truck|07|750 - 999 miles|2022|2853||609||22.4||22.2|
01|00|0100000US|United States||24|Plastics and rubber|112||Company-owned truck|08|1,000 - 1,499 miles|2022|2670||497||13.1||14.4|
01|00|0100000US|United States||24|Plastics and rubber|112||Company-owned truck|09|1,500 - 1,999 miles|2022|2131||371||31.9||29.7|
01|00|0100000US|United States||24|Plastics and rubber|112||Company-owned truck|10|2,000 miles or more|2022|1120||154||44.3||39.5|
01|00|0100000US|United States||24|Plastics and rubber|113|o|Customer pick-up|001|Total|2022|47102||14146||8.9||12.9|
01|00|0100000US|United States||24|Plastics and rubber|113|o|Customer pick-up|02|Less than 50 miles|2022|20200||4788||7.2||9.4|
01|00|0100000US|United States||24|Plastics and rubber|113|o|Customer pick-up|03|50 - 99 miles|2022|3288||878||7.2||16.1|
01|00|0100000US|United States||24|Plastics and rubber|113|o|Customer pick-up|04|100 - 249 miles|2022|5740||2003||18.9||19.1|
01|00|0100000US|United States||24|Plastics and rubber|113|o|Customer pick-up|05|250 - 499 miles|2022|5857||2024||9.7||12.7|
01|00|0100000US|United States||24|Plastics and rubber|113|o|Customer pick-up|06|500 - 749 miles|2022|4786||1642||11.4||26.4|
01|00|0100000US|United States||24|Plastics and rubber|113|o|Customer pick-up|07|750 - 999 miles|2022|2532||1248||20.5||39.1|
01|00|0100000US|United States||24|Plastics and rubber|113|o|Customer pick-up|08|1,000 - 1,499 miles|2022|2734||923||19||36.4|
01|00|0100000US|United States||24|Plastics and rubber|113|o|Customer pick-up|09|1,500 - 1,999 miles|2022|1411||389||16.8||21.2|
01|00|0100000US|United States||24|Plastics and rubber|113|o|Customer pick-up|10|2,000 miles or more|2022|554||250||32.7||48.3|
01|00|0100000US|United States||24|Plastics and rubber|12||Rail|001|Total|2022|49617||38902||12.5||16.8|
01|00|0100000US|United States||24|Plastics and rubber|12||Rail|02|Less than 50 miles|2022|18414||15946||24.4||21.9|
01|00|0100000US|United States||24|Plastics and rubber|12||Rail|03|50 - 99 miles|2022|1201||1048||39.2||42.8|
01|00|0100000US|United States||24|Plastics and rubber|12||Rail|04|100 - 249 miles|2022|2593||2102||21.7||23.1|
01|00|0100000US|United States||24|Plastics and rubber|12||Rail|05|250 - 499 miles|2022|6739||4821||16.5||23.2|
01|00|0100000US|United States||24|Plastics and rubber|12||Rail|06|500 - 749 miles|2022|6407||4010||10.8||16.1|
01|00|0100000US|United States||24|Plastics and rubber|12||Rail|07|750 - 999 miles|2022|5472||3796||8.9||11.3|
01|00|0100000US|United States||24|Plastics and rubber|12||Rail|08|1,000 - 1,499 miles|2022|7482||6225||20.3||20.4|
01|00|0100000US|United States||24|Plastics and rubber|12||Rail|09|1,500 - 1,999 miles|2022|1219||905||19.3||22.2|
01|00|0100000US|United States||24|Plastics and rubber|12||Rail|10|2,000 miles or more|2022|89||48||24.4||26.5|
01|00|0100000US|United States||24|Plastics and rubber|13||Water|001|Total|2022|0|S|0|S|0|S|0|S
01|00|0100000US|United States||24|Plastics and rubber|13||Water|02|Less than 50 miles|2022|0|S|0|S|0|S|0|S
01|00|0100000US|United States||24|Plastics and rubber|13||Water|03|50 - 99 miles|2022|0|S|0|S|0|S|0|S
01|00|0100000US|United States||24|Plastics and rubber|13||Water|04|100 - 249 miles|2022|6||1||46.5||17.9|
01|00|0100000US|United States||24|Plastics and rubber|13||Water|05|250 - 499 miles|2022|24||2||36.9||49.8|
01|00|0100000US|United States||24|Plastics and rubber|13||Water|06|500 - 749 miles|2022|0|S|0|S|0|S|0|S
01|00|0100000US|United States||24|Plastics and rubber|13||Water|07|750 - 999 miles|2022|0|S|0|S|0|S|0|S
01|00|0100000US|United States||24|Plastics and rubber|13||Water|08|1,000 - 1,499 miles|2022|58||5||36.3||35|
01|00|0100000US|United States||24|Plastics and rubber|13||Water|09|1,500 - 1,999 miles|2022|0|S|3||0|S|30.9|
01|00|0100000US|United States||24|Plastics and rubber|131||Inland water|001|Total|2022|0|S|0|S|0|S|0|S
01|00|0100000US|United States||24|Plastics and rubber|131||Inland water|02|Less than 50 miles|2022|0|Z|0|Z|11.5||24.9|
01|00|0100000US|United States||24|Plastics and rubber|131||Inland water|06|500 - 749 miles|2022|0|S|0|S|0|S|0|S
01|00|0100000US|United States||24|Plastics and rubber|131||Inland water|07|750 - 999 miles|2022|0|S|0|S|0|S|0|S
01|00|0100000US|United States||24|Plastics and rubber|133||Deep sea|001|Total|2022|268||27||37.8||28.6|
01|00|0100000US|United States||24|Plastics and rubber|133||Deep sea|02|Less than 50 miles|2022|0|S|0|S|0|S|0|S
01|00|0100000US|United States||24|Plastics and rubber|133||Deep sea|03|50 - 99 miles|2022|0|S|0|S|0|S|0|S
01|00|0100000US|United States||24|Plastics and rubber|133||Deep sea|04|100 - 249 miles|2022|6||1||46.5||17.9|
01|00|0100000US|United States||24|Plastics and rubber|133||Deep sea|05|250 - 499 miles|2022|24||2||36.9||49.8|
01|00|0100000US|United States||24|Plastics and rubber|133||Deep sea|06|500 - 749 miles|2022|0|S|8||0|S|31.7|
01|00|0100000US|United States||24|Plastics and rubber|133||Deep sea|07|750 - 999 miles|2022|15||2||49.5||46|
01|00|0100000US|United States||24|Plastics and rubber|133||Deep sea|08|1,000 - 1,499 miles|2022|58||5||36.3||35|
01|00|0100000US|United States||24|Plastics and rubber|133||Deep sea|09|1,500 - 1,999 miles|2022|0|S|3||0|S|30.9|
01|00|0100000US|United States||24|Plastics and rubber|14||Air (includes truck and air)|001|Total|2022|2263||116||21.9||19.2|
01|00|0100000US|United States||24|Plastics and rubber|14||Air (includes truck and air)|02|Less than 50 miles|2022|0|S|0|S|0|S|0|S
01|00|0100000US|United States||24|Plastics and rubber|14||Air (includes truck and air)|03|50 - 99 miles|2022|1||0|Z|29.7||34.6|
01|00|0100000US|United States||24|Plastics and rubber|14||Air (includes truck and air)|04|100 - 249 miles|2022|113||5||25.3||19.9|
01|00|0100000US|United States||24|Plastics and rubber|14||Air (includes truck and air)|05|250 - 499 miles|2022|231||14||22.9||20.7|
01|00|0100000US|United States||24|Plastics and rubber|14||Air (includes truck and air)|06|500 - 749 miles|2022|557||24||24.2||25.1|
01|00|0100000US|United States||24|Plastics and rubber|14||Air (includes truck and air)|07|750 - 999 miles|2022|137||14||25.9||49.1|
01|00|0100000US|United States||24|Plastics and rubber|14||Air (includes truck and air)|08|1,000 - 1,499 miles|2022|227||17||31||32.7|
01|00|0100000US|United States||24|Plastics and rubber|14||Air (includes truck and air)|09|1,500 - 1,999 miles|2022|0|S|12||0|S|40.3|
01|00|0100000US|United States||24|Plastics and rubber|14||Air (includes truck and air)|10|2,000 miles or more|2022|623||31||30.6||26|
01|00|0100000US|United States||24|Plastics and rubber|15||Pipeline|001|Total|2022|3015||0|S|48.3||0|S
01|00|0100000US|United States||24|Plastics and rubber|15||Pipeline|02|Less than 50 miles|2022|0|S|0|S|0|S|0|S
01|00|0100000US|United States||24|Plastics and rubber|15||Pipeline|03|50 - 99 miles|2022|55||63||15.7||17.4|
01|00|0100000US|United States||24|Plastics and rubber|15||Pipeline|04|100 - 249 miles|2022|0|S|0|S|0|S|0|S
01|00|0100000US|United States||24|Plastics and rubber|15||Pipeline|05|250 - 499 miles|2022|409||556||6.9||21.7|
01|00|0100000US|United States||24|Plastics and rubber|15||Pipeline|06|500 - 749 miles|2022|0|S|0|S|0|S|0|S
01|00|0100000US|United States||24|Plastics and rubber|15||Pipeline|07|750 - 999 miles|2022|0|S|0|S|0|S|0|S
01|00|0100000US|United States||24|Plastics and rubber|20||Multiple modes|001|Total|2022|86267||41368||5.4||12.8|
01|00|0100000US|United States||24|Plastics and rubber|20||Multiple modes|02|Less than 50 miles|2022|13799||10823||9.9||10|
01|00|0100000US|United States||24|Plastics and rubber|20||Multiple modes|03|50 - 99 miles|2022|6408||2539||11.3||31.3|
01|00|0100000US|United States||24|Plastics and rubber|20||Multiple modes|04|100 - 249 miles|2022|9550||4001||7.6||27.3|
01|00|0100000US|United States||24|Plastics and rubber|20||Multiple modes|05|250 - 499 miles|2022|13189||4671||4.9||10.9|
01|00|0100000US|United States||24|Plastics and rubber|20||Multiple modes|06|500 - 749 miles|2022|12430||5468||9.5||18.3|
01|00|0100000US|United States||24|Plastics and rubber|20||Multiple modes|07|750 - 999 miles|2022|11121||5637||10.7||18.2|
01|00|0100000US|United States||24|Plastics and rubber|20||Multiple modes|08|1,000 - 1,499 miles|2022|9531||4507||11.4||25.8|
01|00|0100000US|United States||24|Plastics and rubber|20||Multiple modes|09|1,500 - 1,999 miles|2022|5475||3110||7.6||43.8|
01|00|0100000US|United States||24|Plastics and rubber|20||Multiple modes|10|2,000 miles or more|2022|4765||612||15.3||29.7|
01|00|0100000US|United States||24|Plastics and rubber|21||Parcel, U.S.P.S. or courier|001|Total|2022|43321||2186||5||4.1|
01|00|0100000US|United States||24|Plastics and rubber|21||Parcel, U.S.P.S. or courier|02|Less than 50 miles|2022|6329||280||9.6||8.9|
01|00|0100000US|United States||24|Plastics and rubber|21||Parcel, U.S.P.S. or courier|03|50 - 99 miles|2022|3516||166||11.6||11.5|
01|00|0100000US|United States||24|Plastics and rubber|21||Parcel, U.S.P.S. or courier|04|100 - 249 miles|2022|5953||323||8.8||7.7|
01|00|0100000US|United States||24|Plastics and rubber|21||Parcel, U.S.P.S. or courier|05|250 - 499 miles|2022|6708||356||5.4||4.5|
01|00|0100000US|United States||24|Plastics and rubber|21||Parcel, U.S.P.S. or courier|06|500 - 749 miles|2022|5469||327||4||8.4|
01|00|0100000US|United States||24|Plastics and rubber|21||Parcel, U.S.P.S. or courier|07|750 - 999 miles|2022|3822||212||6.8||6.7|
01|00|0100000US|United States||24|Plastics and rubber|21||Parcel, U.S.P.S. or courier|08|1,000 - 1,499 miles|2022|4291||224||4.4||6.8|
01|00|0100000US|United States||24|Plastics and rubber|21||Parcel, U.S.P.S. or courier|09|1,500 - 1,999 miles|2022|3454||164||10.5||6.6|
01|00|0100000US|United States||24|Plastics and rubber|21||Parcel, U.S.P.S. or courier|10|2,000 miles or more|2022|3780||135||19.6||7.1|
01|00|0100000US|United States||24|Plastics and rubber|22||Truck and rail|001|Total|2022|40471||38568||10.3||13.9|
01|00|0100000US|United States||24|Plastics and rubber|22||Truck and rail|02|Less than 50 miles|2022|7247||10339||15.2||9.7|
01|00|0100000US|United States||24|Plastics and rubber|22||Truck and rail|03|50 - 99 miles|2022|2775||2352||31||34.3|
01|00|0100000US|United States||24|Plastics and rubber|22||Truck and rail|04|100 - 249 miles|2022|3464||3661||25||30.2|
01|00|0100000US|United States||24|Plastics and rubber|22||Truck and rail|05|250 - 499 miles|2022|6163||4267||8.6||11.8|
01|00|0100000US|United States||24|Plastics and rubber|22||Truck and rail|06|500 - 749 miles|2022|6747||5008||15.7||20.1|
01|00|0100000US|United States||24|Plastics and rubber|22||Truck and rail|07|750 - 999 miles|2022|6721||5360||16||19.1|
01|00|0100000US|United States||24|Plastics and rubber|22||Truck and rail|08|1,000 - 1,499 miles|2022|4952||4253||23.2||27.3|
01|00|0100000US|United States||24|Plastics and rubber|22||Truck and rail|09|1,500 - 1,999 miles|2022|1841||2919||13.6||46.4|
01|00|0100000US|United States||24|Plastics and rubber|22||Truck and rail|10|2,000 miles or more|2022|561||409||45.3||44.5|
01|00|0100000US|United States||24|Plastics and rubber|23||Truck and water|001|Total|2022|2351||586||18.1||33.6|
01|00|0100000US|United States||24|Plastics and rubber|23||Truck and water|02|Less than 50 miles|2022|222||0|S|46.7||0|S
01|00|0100000US|United States||24|Plastics and rubber|23||Truck and water|03|50 - 99 miles|2022|117||21||25.6||40.8|
01|00|0100000US|United States||24|Plastics and rubber|23||Truck and water|04|100 - 249 miles|2022|114||15||49.7||47.1|
01|00|0100000US|United States||24|Plastics and rubber|23||Truck and water|05|250 - 499 miles|2022|253||34||37.4||37.7|
01|00|0100000US|United States||24|Plastics and rubber|23||Truck and water|06|500 - 749 miles|2022|180||0|S|24.4||0|S
01|00|0100000US|United States||24|Plastics and rubber|23||Truck and water|07|750 - 999 miles|2022|575||60||36||27.5|
01|00|0100000US|United States||24|Plastics and rubber|23||Truck and water|08|1,000 - 1,499 miles|2022|286||30||35.6||24.7|
01|00|0100000US|United States||24|Plastics and rubber|23||Truck and water|09|1,500 - 1,999 miles|2022|180||27||37||43.3|
01|00|0100000US|United States||24|Plastics and rubber|23||Truck and water|10|2,000 miles or more|2022|424||67||30.9||31.1|
01|00|0100000US|United States||24|Plastics and rubber|24||Rail and water|001|Total|2022|0|S|1||0|S|43.6|
01|00|0100000US|United States||24|Plastics and rubber|24||Rail and water|02|Less than 50 miles|2022|0|S|0|S|0|S|0|S
01|00|0100000US|United States||24|Plastics and rubber|24||Rail and water|03|50 - 99 miles|2022|0|S|0|S|0|S|0|S
01|00|0100000US|United States||24|Plastics and rubber|24||Rail and water|04|100 - 249 miles|2022|0|Z|0|Z|30.2||8.1|
01|00|0100000US|United States||24|Plastics and rubber|24||Rail and water|05|250 - 499 miles|2022|0|S|0|S|0|S|0|S
01|00|0100000US|United States||24|Plastics and rubber|24||Rail and water|06|500 - 749 miles|2022|2||0|Z|3.1||30|
01|00|0100000US|United States||24|Plastics and rubber|24||Rail and water|07|750 - 999 miles|2022|0|S|0|S|0|S|0|S
01|00|0100000US|United States||24|Plastics and rubber|24||Rail and water|08|1,000 - 1,499 miles|2022|0|S|0|S|0|S|0|S
01|00|0100000US|United States||24|Plastics and rubber|24||Rail and water|09|1,500 - 1,999 miles|2022|0|S|0|S|0|S|0|S
01|00|0100000US|United States||24|Plastics and rubber|25|x|Other multiple modes|001|Total|2022|120||28||35.9||34|
01|00|0100000US|United States||24|Plastics and rubber|25|x|Other multiple modes|04|100 - 249 miles|2022|0|S|0|S|0|S|0|S
01|00|0100000US|United States||24|Plastics and rubber|25|x|Other multiple modes|05|250 - 499 miles|2022|65||0|S|49.5||0|S
01|00|0100000US|United States||24|Plastics and rubber|25|x|Other multiple modes|06|500 - 749 miles|2022|33||6||37.6||31.9|
01|00|0100000US|United States||24|Plastics and rubber|25|x|Other multiple modes|07|750 - 999 miles|2022|0|S|0|S|0|S|0|S
01|00|0100000US|United States||24|Plastics and rubber|25|x|Other multiple modes|08|1,000 - 1,499 miles|2022|0|S|0|S|0|S|0|S
01|00|0100000US|United States||24|Plastics and rubber|25|x|Other multiple modes|10|2,000 miles or more|2022|0|S|0|S|0|S|0|S
01|00|0100000US|United States||24|Plastics and rubber|30|z|Unknown mode|001|Total|2022|11044||1995||27.5||26.8|
01|00|0100000US|United States||24|Plastics and rubber|30|z|Unknown mode|02|Less than 50 miles|2022|4878||902||46.6||49.8|
01|00|0100000US|United States||24|Plastics and rubber|30|z|Unknown mode|03|50 - 99 miles|2022|1222||171||39.6||24.4|
01|00|0100000US|United States||24|Plastics and rubber|30|z|Unknown mode|04|100 - 249 miles|2022|1135||155||19.6||17.8|
01|00|0100000US|United States||24|Plastics and rubber|30|z|Unknown mode|05|250 - 499 miles|2022|1458||0|S|48.5||0|S
01|00|0100000US|United States||24|Plastics and rubber|30|z|Unknown mode|06|500 - 749 miles|2022|671||137||36.4||38.1|
01|00|0100000US|United States||24|Plastics and rubber|30|z|Unknown mode|07|750 - 999 miles|2022|493||81||26.1||31.3|
01|00|0100000US|United States||24|Plastics and rubber|30|z|Unknown mode|08|1,000 - 1,499 miles|2022|687||124||29.8||31.7|
01|00|0100000US|United States||24|Plastics and rubber|30|z|Unknown mode|09|1,500 - 1,999 miles|2022|303||0|S|43.7||0|S
01|00|0100000US|United States||24|Plastics and rubber|30|z|Unknown mode|10|2,000 miles or more|2022|195||0|S|44.6||0|S
01|00|0100000US|United States||25|Logs and other wood in the rough|00||All modes|001|Total|2022|3266||11881||27.6||32|
01|00|0100000US|United States||25|Logs and other wood in the rough|00||All modes|02|Less than 50 miles|2022|0|S|3126||0|S|34.4|
01|00|0100000US|United States||25|Logs and other wood in the rough|00||All modes|03|50 - 99 miles|2022|390||0|S|34.4||0|S
01|00|0100000US|United States||25|Logs and other wood in the rough|00||All modes|04|100 - 249 miles|2022|789||1590||39.6||36.7|
01|00|0100000US|United States||25|Logs and other wood in the rough|00||All modes|05|250 - 499 miles|2022|0|S|0|S|0|S|0|S
01|00|0100000US|United States||25|Logs and other wood in the rough|00||All modes|06|500 - 749 miles|2022|341||804||22.2||36.6|
01|00|0100000US|United States||25|Logs and other wood in the rough|00||All modes|07|750 - 999 miles|2022|0|S|0|S|0|S|0|S
01|00|0100000US|United States||25|Logs and other wood in the rough|00||All modes|08|1,000 - 1,499 miles|2022|0|S|0|S|0|S|0|S
01|00|0100000US|United States||25|Logs and other wood in the rough|00||All modes|09|1,500 - 1,999 miles|2022|73||94||41.8||33.3|
01|00|0100000US|United States||25|Logs and other wood in the rough|00||All modes|10|2,000 miles or more|2022|0|S|0|S|0|S|0|S
01|00|0100000US|United States||25|Logs and other wood in the rough|10||Single modes|001|Total|2022|2742||9065||32.9||25.7|
01|00|0100000US|United States||25|Logs and other wood in the rough|10||Single modes|02|Less than 50 miles|2022|0|S|3003||0|S|36|
01|00|0100000US|United States||25|Logs and other wood in the rough|10||Single modes|03|50 - 99 miles|2022|381||0|S|34.6||0|S
01|00|0100000US|United States||25|Logs and other wood in the rough|10||Single modes|04|100 - 249 miles|2022|712||1304||43.8||43.1|
01|00|0100000US|United States||25|Logs and other wood in the rough|10||Single modes|05|250 - 499 miles|2022|0|S|0|S|0|S|0|S
01|00|0100000US|United States||25|Logs and other wood in the rough|10||Single modes|06|500 - 749 miles|2022|232||393||26.8||40.3|
01|00|0100000US|United States||25|Logs and other wood in the rough|10||Single modes|07|750 - 999 miles|2022|0|S|0|S|0|S|0|S
01|00|0100000US|United States||25|Logs and other wood in the rough|10||Single modes|08|1,000 - 1,499 miles|2022|0|S|0|S|0|S|0|S
01|00|0100000US|United States||25|Logs and other wood in the rough|10||Single modes|09|1,500 - 1,999 miles|2022|0|S|0|S|0|S|0|S
01|00|0100000US|United States||25|Logs and other wood in the rough|10||Single modes|10|2,000 miles or more|2022|0|S|0|S|0|S|0|S
01|00|0100000US|United States||25|Logs and other wood in the rough|11|n|Truck|001|Total|2022|2550||7631||34.9||28.1|
01|00|0100000US|United States||25|Logs and other wood in the rough|11|n|Truck|02|Less than 50 miles|2022|0|S|2977||0|S|36.4|
01|00|0100000US|United States||25|Logs and other wood in the rough|11|n|Truck|03|50 - 99 miles|2022|375||0|S|35.6||0|S
01|00|0100000US|United States||25|Logs and other wood in the rough|11|n|Truck|04|100 - 249 miles|2022|709||1302||44||43.3|
01|00|0100000US|United States||25|Logs and other wood in the rough|11|n|Truck|05|250 - 499 miles|2022|0|S|0|S|0|S|0|S
01|00|0100000US|United States||25|Logs and other wood in the rough|11|n|Truck|06|500 - 749 miles|2022|170||0|S|33.1||0|S
01|00|0100000US|United States||25|Logs and other wood in the rough|11|n|Truck|07|750 - 999 miles|2022|0|S|0|S|0|S|0|S
01|00|0100000US|United States||25|Logs and other wood in the rough|11|n|Truck|08|1,000 - 1,499 miles|2022|0|S|0|S|0|S|0|S
01|00|0100000US|United States||25|Logs and other wood in the rough|11|n|Truck|09|1,500 - 1,999 miles|2022|0|S|0|S|0|S|0|S
01|00|0100000US|United States||25|Logs and other wood in the rough|11|n|Truck|10|2,000 miles or more|2022|0|S|0|S|0|S|0|S
01|00|0100000US|United States||25|Logs and other wood in the rough|111||For-hire truck|001|Total|2022|1533||4723||36.2||41.1|
01|00|0100000US|United States||25|Logs and other wood in the rough|111||For-hire truck|02|Less than 50 miles|2022|0|S|0|S|0|S|0|S
01|00|0100000US|United States||25|Logs and other wood in the rough|111||For-hire truck|03|50 - 99 miles|2022|0|S|0|S|0|S|0|S
01|00|0100000US|United States||25|Logs and other wood in the rough|111||For-hire truck|04|100 - 249 miles|2022|189||382||37.5||36.8|
01|00|0100000US|United States||25|Logs and other wood in the rough|111||For-hire truck|05|250 - 499 miles|2022|0|S|0|S|0|S|0|S
01|00|0100000US|United States||25|Logs and other wood in the rough|111||For-hire truck|06|500 - 749 miles|2022|167||0|S|33.5||0|S
01|00|0100000US|United States||25|Logs and other wood in the rough|111||For-hire truck|07|750 - 999 miles|2022|0|S|0|S|0|S|0|S
01|00|0100000US|United States||25|Logs and other wood in the rough|111||For-hire truck|08|1,000 - 1,499 miles|2022|0|S|3||0|S|47.3|
01|00|0100000US|United States||25|Logs and other wood in the rough|111||For-hire truck|09|1,500 - 1,999 miles|2022|0|S|0|S|0|S|0|S
01|00|0100000US|United States||25|Logs and other wood in the rough|111||For-hire truck|10|2,000 miles or more|2022|0|S|0|S|0|S|0|S
01|00|0100000US|United States||25|Logs and other wood in the rough|112||Company-owned truck|001|Total|2022|959||2665||47.1||34.7|
01|00|0100000US|United States||25|Logs and other wood in the rough|112||Company-owned truck|02|Less than 50 miles|2022|253||1425||36.8||36|
01|00|0100000US|United States||25|Logs and other wood in the rough|112||Company-owned truck|03|50 - 99 miles|2022|182||325||48.8||33.8|
01|00|0100000US|United States||25|Logs and other wood in the rough|112||Company-owned truck|04|100 - 249 miles|2022|0|S|0|S|0|S|0|S
01|00|0100000US|United States||25|Logs and other wood in the rough|112||Company-owned truck|05|250 - 499 miles|2022|0|S|0|S|0|S|0|S
01|00|0100000US|United States||25|Logs and other wood in the rough|112||Company-owned truck|06|500 - 749 miles|2022|0|S|0|S|0|S|0|S
01|00|0100000US|United States||25|Logs and other wood in the rough|112||Company-owned truck|08|1,000 - 1,499 miles|2022|0|S|0|S|0|S|0|S
01|00|0100000US|United States||25|Logs and other wood in the rough|112||Company-owned truck|10|2,000 miles or more|2022|0|S|0|S|0|S|0|S
01|00|0100000US|United States||25|Logs and other wood in the rough|113|o|Customer pick-up|001|Total|2022|0|S|244||0|S|49|
01|00|0100000US|United States||25|Logs and other wood in the rough|113|o|Customer pick-up|02|Less than 50 miles|2022|20||0|S|48||0|S
01|00|0100000US|United States||25|Logs and other wood in the rough|113|o|Customer pick-up|03|50 - 99 miles|2022|8||16||44.8||41.3|
01|00|0100000US|United States||25|Logs and other wood in the rough|113|o|Customer pick-up|04|100 - 249 miles|2022|3||14||37.5||49.1|
01|00|0100000US|United States||25|Logs and other wood in the rough|113|o|Customer pick-up|05|250 - 499 miles|2022|0|S|0|S|0|S|0|S
01|00|0100000US|United States||25|Logs and other wood in the rough|113|o|Customer pick-up|06|500 - 749 miles|2022|0|S|0|S|0|S|0|S
01|00|0100000US|United States||25|Logs and other wood in the rough|113|o|Customer pick-up|07|750 - 999 miles|2022|0|S|0|S|0|S|0|S
01|00|0100000US|United States||25|Logs and other wood in the rough|113|o|Customer pick-up|08|1,000 - 1,499 miles|2022|0|S|0|S|0|S|0|S
01|00|0100000US|United States||25|Logs and other wood in the rough|113|o|Customer pick-up|09|1,500 - 1,999 miles|2022|0|S|0|S|0|S|0|S
01|00|0100000US|United States||25|Logs and other wood in the rough|12||Rail|001|Total|2022|192||0|S|39.4||0|S
01|00|0100000US|United States||25|Logs and other wood in the rough|12||Rail|02|Less than 50 miles|2022|2||0|S|19.2||0|S
01|00|0100000US|United States||25|Logs and other wood in the rough|12||Rail|03|50 - 99 miles|2022|0|S|7||0|S|47.7|
01|00|0100000US|United States||25|Logs and other wood in the rough|12||Rail|04|100 - 249 miles|2022|0|S|0|S|0|S|0|S
01|00|0100000US|United States||25|Logs and other wood in the rough|12||Rail|05|250 - 499 miles|2022|0|S|0|S|0|S|0|S
01|00|0100000US|United States||25|Logs and other wood in the rough|12||Rail|06|500 - 749 miles|2022|63||92||22.7||35.8|
01|00|0100000US|United States||25|Logs and other wood in the rough|12||Rail|07|750 - 999 miles|2022|0|S|0|S|0|S|0|S
01|00|0100000US|United States||25|Logs and other wood in the rough|12||Rail|09|1,500 - 1,999 miles|2022|0|S|0|S|0|S|0|S
01|00|0100000US|United States||25|Logs and other wood in the rough|13||Water|001|Total|2022|0|S|0|S|0|S|0|S
01|00|0100000US|United States||25|Logs and other wood in the rough|13||Water|07|750 - 999 miles|2022|0|S|0|S|0|S|0|S
01|00|0100000US|United States||25|Logs and other wood in the rough|133||Deep sea|001|Total|2022|0|S|0|S|0|S|0|S
01|00|0100000US|United States||25|Logs and other wood in the rough|133||Deep sea|07|750 - 999 miles|2022|0|S|0|S|0|S|0|S
01|00|0100000US|United States||25|Logs and other wood in the rough|14||Air (includes truck and air)|001|Total|2022|0|S|0|S|0|S|0|S
01|00|0100000US|United States||25|Logs and other wood in the rough|14||Air (includes truck and air)|05|250 - 499 miles|2022|0|S|0|S|0|S|0|S
01|00|0100000US|United States||25|Logs and other wood in the rough|14||Air (includes truck and air)|06|500 - 749 miles|2022|0|S|0|S|0|S|0|S
01|00|0100000US|United States||25|Logs and other wood in the rough|14||Air (includes truck and air)|08|1,000 - 1,499 miles|2022|0|S|0|S|0|S|0|S
01|00|0100000US|United States||25|Logs and other wood in the rough|14||Air (includes truck and air)|10|2,000 miles or more|2022|0|S|0|S|0|S|0|S
01|00|0100000US|United States||25|Logs and other wood in the rough|20||Multiple modes|001|Total|2022|523||0|S|45.1||0|S
01|00|0100000US|United States||25|Logs and other wood in the rough|20||Multiple modes|02|Less than 50 miles|2022|0|S|0|S|0|S|0|S
01|00|0100000US|United States||25|Logs and other wood in the rough|20||Multiple modes|03|50 - 99 miles|2022|9||65||46.4||37.9|
01|00|0100000US|United States||25|Logs and other wood in the rough|20||Multiple modes|04|100 - 249 miles|2022|77||0|S|48.3||0|S
01|00|0100000US|United States||25|Logs and other wood in the rough|20||Multiple modes|05|250 - 499 miles|2022|0|S|0|S|0|S|0|S
01|00|0100000US|United States||25|Logs and other wood in the rough|20||Multiple modes|06|500 - 749 miles|2022|109||0|S|48.3||0|S
01|00|0100000US|United States||25|Logs and other wood in the rough|20||Multiple modes|07|750 - 999 miles|2022|0|S|0|S|0|S|0|S
01|00|0100000US|United States||25|Logs and other wood in the rough|20||Multiple modes|08|1,000 - 1,499 miles|2022|0|S|0|S|0|S|0|S
01|00|0100000US|United States||25|Logs and other wood in the rough|20||Multiple modes|09|1,500 - 1,999 miles|2022|0|S|0|S|0|S|0|S
01|00|0100000US|United States||25|Logs and other wood in the rough|20||Multiple modes|10|2,000 miles or more|2022|0|S|0|S|0|S|0|S
01|00|0100000US|United States||25|Logs and other wood in the rough|21||Parcel, U.S.P.S. or courier|001|Total|2022|0|S|0|S|0|S|0|S
01|00|0100000US|United States||25|Logs and other wood in the rough|21||Parcel, U.S.P.S. or courier|02|Less than 50 miles|2022|0|S|0|S|0|S|0|S
01|00|0100000US|United States||25|Logs and other wood in the rough|21||Parcel, U.S.P.S. or courier|05|250 - 499 miles|2022|0|S|0|S|0|S|0|S
01|00|0100000US|United States||25|Logs and other wood in the rough|21||Parcel, U.S.P.S. or courier|06|500 - 749 miles|2022|0|S|0|S|0|S|0|S
01|00|0100000US|United States||25|Logs and other wood in the rough|21||Parcel, U.S.P.S. or courier|07|750 - 999 miles|2022|0|Z|0|Z|47.2||43.7|
01|00|0100000US|United States||25|Logs and other wood in the rough|21||Parcel, U.S.P.S. or courier|08|1,000 - 1,499 miles|2022|0|S|0|S|0|S|0|S
01|00|0100000US|United States||25|Logs and other wood in the rough|21||Parcel, U.S.P.S. or courier|09|1,500 - 1,999 miles|2022|0|S|0|S|0|S|0|S
01|00|0100000US|United States||25|Logs and other wood in the rough|22||Truck and rail|001|Total|2022|502||0|S|47.2||0|S
01|00|0100000US|United States||25|Logs and other wood in the rough|22||Truck and rail|02|Less than 50 miles|2022|0|S|0|S|0|S|0|S
01|00|0100000US|United States||25|Logs and other wood in the rough|22||Truck and rail|03|50 - 99 miles|2022|9||65||46.4||37.9|
01|00|0100000US|United States||25|Logs and other wood in the rough|22||Truck and rail|04|100 - 249 miles|2022|0|S|0|S|0|S|0|S
01|00|0100000US|United States||25|Logs and other wood in the rough|22||Truck and rail|05|250 - 499 miles|2022|0|S|0|S|0|S|0|S
01|00|0100000US|United States||25|Logs and other wood in the rough|22||Truck and rail|06|500 - 749 miles|2022|108||0|S|48.6||0|S
01|00|0100000US|United States||25|Logs and other wood in the rough|22||Truck and rail|07|750 - 999 miles|2022|0|S|0|S|0|S|0|S
01|00|0100000US|United States||25|Logs and other wood in the rough|22||Truck and rail|08|1,000 - 1,499 miles|2022|0|S|0|S|0|S|0|S
01|00|0100000US|United States||25|Logs and other wood in the rough|22||Truck and rail|09|1,500 - 1,999 miles|2022|0|S|0|S|0|S|0|S
01|00|0100000US|United States||25|Logs and other wood in the rough|22||Truck and rail|10|2,000 miles or more|2022|0|S|0|S|0|S|0|S
01|00|0100000US|United States||25|Logs and other wood in the rough|23||Truck and water|001|Total|2022|20||85||49.6||47.3|
01|00|0100000US|United States||25|Logs and other wood in the rough|23||Truck and water|02|Less than 50 miles|2022|0|S|0|S|0|S|0|S
01|00|0100000US|United States||25|Logs and other wood in the rough|23||Truck and water|04|100 - 249 miles|2022|0|S|84||0|S|49.1|
01|00|0100000US|United States||25|Logs and other wood in the rough|23||Truck and water|05|250 - 499 miles|2022|0|S|0|S|0|S|0|S
01|00|0100000US|United States||25|Logs and other wood in the rough|23||Truck and water|06|500 - 749 miles|2022|0|S|0|S|0|S|0|S
01|00|0100000US|United States||25|Logs and other wood in the rough|23||Truck and water|07|750 - 999 miles|2022|0|S|0|S|0|S|0|S
01|00|0100000US|United States||25|Logs and other wood in the rough|23||Truck and water|09|1,500 - 1,999 miles|2022|0|S|0|S|0|S|0|S
01|00|0100000US|United States||25|Logs and other wood in the rough|23||Truck and water|10|2,000 miles or more|2022|0|S|0|S|0|S|0|S
01|00|0100000US|United States||25|Logs and other wood in the rough|24||Rail and water|001|Total|2022|0|S|0|S|0|S|0|S
01|00|0100000US|United States||25|Logs and other wood in the rough|24||Rail and water|06|500 - 749 miles|2022|0|S|0|S|0|S|0|S
01|00|0100000US|United States||25|Logs and other wood in the rough|24||Rail and water|09|1,500 - 1,999 miles|2022|0|S|0|S|0|S|0|S
01|00|0100000US|United States||25|Logs and other wood in the rough|24||Rail and water|10|2,000 miles or more|2022|0|S|0|S|0|S|0|S
01|00|0100000US|United States||25|Logs and other wood in the rough|25|x|Other multiple modes|001|Total|2022|0|S|0|S|0|S|0|S
01|00|0100000US|United States||25|Logs and other wood in the rough|25|x|Other multiple modes|05|250 - 499 miles|2022|0|S|0|S|0|S|0|S
01|00|0100000US|United States||25|Logs and other wood in the rough|25|x|Other multiple modes|06|500 - 749 miles|2022|0|S|0|S|0|S|0|S
01|00|0100000US|United States||25|Logs and other wood in the rough|30|z|Unknown mode|001|Total|2022|0|S|0|S|0|S|0|S
01|00|0100000US|United States||25|Logs and other wood in the rough|30|z|Unknown mode|04|100 - 249 miles|2022|0|S|0|S|0|S|0|S
01|00|0100000US|United States||26|Wood products|00||All modes|001|Total|2022|372456||314964||4.2||5.5|
01|00|0100000US|United States||26|Wood products|00||All modes|02|Less than 50 miles|2022|137970||115067||7.2||8.7|
01|00|0100000US|United States||26|Wood products|00||All modes|03|50 - 99 miles|2022|54130||56110||5||7|
01|00|0100000US|United States||26|Wood products|00||All modes|04|100 - 249 miles|2022|70187||61939||2.1||6.8|
01|00|0100000US|United States||26|Wood products|00||All modes|05|250 - 499 miles|2022|43044||35958||5.9||8.7|
01|00|0100000US|United States||26|Wood products|00||All modes|06|500 - 749 miles|2022|21048||15760||5.6||5.7|
01|00|0100000US|United States||26|Wood products|00||All modes|07|750 - 999 miles|2022|17241||11486||8.3||14.3|
01|00|0100000US|United States||26|Wood products|00||All modes|08|1,000 - 1,499 miles|2022|14110||8924||6.5||16.4|
01|00|0100000US|United States||26|Wood products|00||All modes|09|1,500 - 1,999 miles|2022|8347||5323||10.1||8.1|
01|00|0100000US|United States||26|Wood products|00||All modes|10|2,000 miles or more|2022|6379||4395||8.5||7.3|
01|00|0100000US|United States||26|Wood products|10||Single modes|001|Total|2022|354353||296632||4.6||5.4|
01|00|0100000US|United States||26|Wood products|10||Single modes|02|Less than 50 miles|2022|134939||111034||7.5||8.8|
01|00|0100000US|United States||26|Wood products|10||Single modes|03|50 - 99 miles|2022|53141||55067||4.9||7|
01|00|0100000US|United States||26|Wood products|10||Single modes|04|100 - 249 miles|2022|68016||60524||2.4||6.3|
01|00|0100000US|United States||26|Wood products|10||Single modes|05|250 - 499 miles|2022|40398||33313||5.8||8.7|
01|00|0100000US|United States||26|Wood products|10||Single modes|06|500 - 749 miles|2022|18405||13204||5.3||4.3|
01|00|0100000US|United States||26|Wood products|10||Single modes|07|750 - 999 miles|2022|15391||9611||8.6||14.3|
01|00|0100000US|United States||26|Wood products|10||Single modes|08|1,000 - 1,499 miles|2022|12027||6478||8.3||16.4|
01|00|0100000US|United States||26|Wood products|10||Single modes|09|1,500 - 1,999 miles|2022|6941||4026||13.7||9.8|
01|00|0100000US|United States||26|Wood products|10||Single modes|10|2,000 miles or more|2022|5096||3377||10.6||7.1|
01|00|0100000US|United States||26|Wood products|11|n|Truck|001|Total|2022|339463||271616||4.7||5.1|
01|00|0100000US|United States||26|Wood products|11|n|Truck|02|Less than 50 miles|2022|133350||107204||7.5||8.8|
01|00|0100000US|United States||26|Wood products|11|n|Truck|03|50 - 99 miles|2022|51627||52771||4||6.5|
01|00|0100000US|United States||26|Wood products|11|n|Truck|04|100 - 249 miles|2022|66571||57790||2.2||6.2|
01|00|0100000US|United States||26|Wood products|11|n|Truck|05|250 - 499 miles|2022|38686||28326||6.4||5.3|
01|00|0100000US|United States||26|Wood products|11|n|Truck|06|500 - 749 miles|2022|16549||10257||6.3||6|
01|00|0100000US|United States||26|Wood products|11|n|Truck|07|750 - 999 miles|2022|13718||7056||9.7||15.5|
01|00|0100000US|United States||26|Wood products|11|n|Truck|08|1,000 - 1,499 miles|2022|10259||4154||10.4||13.1|
01|00|0100000US|United States||26|Wood products|11|n|Truck|09|1,500 - 1,999 miles|2022|5368||2279||19||15.9|
01|00|0100000US|United States||26|Wood products|11|n|Truck|10|2,000 miles or more|2022|3336||1779||16.8||14.6|
01|00|0100000US|United States||26|Wood products|111||For-hire truck|001|Total|2022|148992||128283||4.5||4.6|
01|00|0100000US|United States||26|Wood products|111||For-hire truck|02|Less than 50 miles|2022|35244||32718||6.4||11.1|
01|00|0100000US|United States||26|Wood products|111||For-hire truck|03|50 - 99 miles|2022|18949||25272||6.4||8.3|
01|00|0100000US|United States||26|Wood products|111||For-hire truck|04|100 - 249 miles|2022|34100||33432||3.4||6.9|
01|00|0100000US|United States||26|Wood products|111||For-hire truck|05|250 - 499 miles|2022|26688||19506||9||7.9|
01|00|0100000US|United States||26|Wood products|111||For-hire truck|06|500 - 749 miles|2022|12005||7398||6.6||5.5|
01|00|0100000US|United States||26|Wood products|111||For-hire truck|07|750 - 999 miles|2022|9180||4851||8||15.3|
01|00|0100000US|United States||26|Wood products|111||For-hire truck|08|1,000 - 1,499 miles|2022|6241||2403||11.7||13.7|
01|00|0100000US|United States||26|Wood products|111||For-hire truck|09|1,500 - 1,999 miles|2022|4346||1572||22||18.5|
01|00|0100000US|United States||26|Wood products|111||For-hire truck|10|2,000 miles or more|2022|2237||1132||15.2||15.3|
01|00|0100000US|United States||26|Wood products|112||Company-owned truck|001|Total|2022|170710||116435||6.7||9.2|
01|00|0100000US|United States||26|Wood products|112||Company-owned truck|02|Less than 50 miles|2022|89549||64961||8.7||11.9|
01|00|0100000US|United States||26|Wood products|112||Company-owned truck|03|50 - 99 miles|2022|30341||22302||5.3||9.3|
01|00|0100000US|United States||26|Wood products|112||Company-owned truck|04|100 - 249 miles|2022|28930||18309||5.5||9.3|
01|00|0100000US|United States||26|Wood products|112||Company-owned truck|05|250 - 499 miles|2022|9816||5936||8.3||15.4|
01|00|0100000US|United States||26|Wood products|112||Company-owned truck|06|500 - 749 miles|2022|3422||1730||13.3||24.1|
01|00|0100000US|United States||26|Wood products|112||Company-owned truck|07|750 - 999 miles|2022|3418||1147||19.2||18.4|
01|00|0100000US|United States||26|Wood products|112||Company-owned truck|08|1,000 - 1,499 miles|2022|3665||1358||18.9||28.6|
01|00|0100000US|United States||26|Wood products|112||Company-owned truck|09|1,500 - 1,999 miles|2022|675||280||26.3||24.8|
01|00|0100000US|United States||26|Wood products|112||Company-owned truck|10|2,000 miles or more|2022|893||412||41.3||46.5|
01|00|0100000US|United States||26|Wood products|113|o|Customer pick-up|001|Total|2022|19761||26897||11.4||15.8|
01|00|0100000US|United States||26|Wood products|113|o|Customer pick-up|02|Less than 50 miles|2022|8557||9525||16.4||18.4|
01|00|0100000US|United States||26|Wood products|113|o|Customer pick-up|03|50 - 99 miles|2022|2336||5197||14.9||26.3|
01|00|0100000US|United States||26|Wood products|113|o|Customer pick-up|04|100 - 249 miles|2022|3541||6048||9.3||18.6|
01|00|0100000US|United States||26|Wood products|113|o|Customer pick-up|05|250 - 499 miles|2022|2182||2885||11.3||12.4|
01|00|0100000US|United States||26|Wood products|113|o|Customer pick-up|06|500 - 749 miles|2022|1122||1129||22.6||23.2|
01|00|0100000US|United States||26|Wood products|113|o|Customer pick-up|07|750 - 999 miles|2022|0|S|1058||0|S|45.5|
01|00|0100000US|United States||26|Wood products|113|o|Customer pick-up|08|1,000 - 1,499 miles|2022|352||393||42||43.9|
01|00|0100000US|United States||26|Wood products|113|o|Customer pick-up|09|1,500 - 1,999 miles|2022|346||428||23.8||24.8|
01|00|0100000US|United States||26|Wood products|113|o|Customer pick-up|10|2,000 miles or more|2022|206||234||22.3||23.7|
01|00|0100000US|United States||26|Wood products|12||Rail|001|Total|2022|14427||24112||7.6||12.1|
01|00|0100000US|United States||26|Wood products|12||Rail|02|Less than 50 miles|2022|1396||3091||25.3||29.5|
01|00|0100000US|United States||26|Wood products|12||Rail|03|50 - 99 miles|2022|0|S|0|S|0|S|0|S
01|00|0100000US|United States||26|Wood products|12||Rail|04|100 - 249 miles|2022|1367||2602||25.2||29.4|
01|00|0100000US|United States||26|Wood products|12||Rail|05|250 - 499 miles|2022|1698||4979||15.8||48.8|
01|00|0100000US|United States||26|Wood products|12||Rail|06|500 - 749 miles|2022|1842||2943||9.3||15.2|
01|00|0100000US|United States||26|Wood products|12||Rail|07|750 - 999 miles|2022|1666||2554||12.7||23.3|
01|00|0100000US|United States||26|Wood products|12||Rail|08|1,000 - 1,499 miles|2022|1764||2322||13.1||29.4|
01|00|0100000US|United States||26|Wood products|12||Rail|09|1,500 - 1,999 miles|2022|1545||1743||18||18.5|
01|00|0100000US|United States||26|Wood products|12||Rail|10|2,000 miles or more|2022|1647||1593||16.7||16|
01|00|0100000US|United States||26|Wood products|13||Water|001|Total|2022|0|S|0|S|0|S|0|S
01|00|0100000US|United States||26|Wood products|13||Water|02|Less than 50 miles|2022|0|S|0|S|0|S|0|S
01|00|0100000US|United States||26|Wood products|13||Water|03|50 - 99 miles|2022|13||11||32.7||30.6|
01|00|0100000US|United States||26|Wood products|13||Water|04|100 - 249 miles|2022|75||132||21.7||21.5|
01|00|0100000US|United States||26|Wood products|13||Water|05|250 - 499 miles|2022|0|S|0|S|0|S|0|S
01|00|0100000US|United States||26|Wood products|131||Inland water|001|Total|2022|10||74||33.8||33.9|
01|00|0100000US|United States||26|Wood products|131||Inland water|02|Less than 50 miles|2022|0|S|0|S|0|S|0|S
01|00|0100000US|United States||26|Wood products|131||Inland water|04|100 - 249 miles|2022|10||74||10.1||10.1|
01|00|0100000US|United States||26|Wood products|133||Deep sea|001|Total|2022|0|S|0|S|0|S|0|S
01|00|0100000US|United States||26|Wood products|133||Deep sea|02|Less than 50 miles|2022|0|S|0|S|0|S|0|S
01|00|0100000US|United States||26|Wood products|133||Deep sea|03|50 - 99 miles|2022|13||11||32.7||30.6|
01|00|0100000US|United States||26|Wood products|133||Deep sea|04|100 - 249 miles|2022|65||58||13.6||15.1|
01|00|0100000US|United States||26|Wood products|133||Deep sea|05|250 - 499 miles|2022|0|S|0|S|0|S|0|S
01|00|0100000US|United States||26|Wood products|14||Air (includes truck and air)|001|Total|2022|181||18||28.5||40.7|
01|00|0100000US|United States||26|Wood products|14||Air (includes truck and air)|02|Less than 50 miles|2022|0|S|0|S|0|S|0|S
01|00|0100000US|United States||26|Wood products|14||Air (includes truck and air)|03|50 - 99 miles|2022|0|S|0|S|0|S|0|S
01|00|0100000US|United States||26|Wood products|14||Air (includes truck and air)|04|100 - 249 miles|2022|0|S|0|Z|0|S|26|
01|00|0100000US|United States||26|Wood products|14||Air (includes truck and air)|05|250 - 499 miles|2022|0|S|0|S|0|S|0|S
01|00|0100000US|United States||26|Wood products|14||Air (includes truck and air)|06|500 - 749 miles|2022|14||0|S|48.9||0|S
01|00|0100000US|United States||26|Wood products|14||Air (includes truck and air)|07|750 - 999 miles|2022|0|S|0|S|0|S|0|S
01|00|0100000US|United States||26|Wood products|14||Air (includes truck and air)|08|1,000 - 1,499 miles|2022|4||1||32.6||34.6|
01|00|0100000US|United States||26|Wood products|14||Air (includes truck and air)|09|1,500 - 1,999 miles|2022|0|S|0|S|0|S|0|S
01|00|0100000US|United States||26|Wood products|14||Air (includes truck and air)|10|2,000 miles or more|2022|113||5||42.5||38.2|
01|00|0100000US|United States||26|Wood products|20||Multiple modes|001|Total|2022|15340||16611||14.6||21.3|
01|00|0100000US|United States||26|Wood products|20||Multiple modes|02|Less than 50 miles|2022|2470||3552||15||21.6|
01|00|0100000US|United States||26|Wood products|20||Multiple modes|03|50 - 99 miles|2022|719||735||22.3||21.1|
01|00|0100000US|United States||26|Wood products|20||Multiple modes|04|100 - 249 miles|2022|1663||1204||38.8||35.3|
01|00|0100000US|United States||26|Wood products|20||Multiple modes|05|250 - 499 miles|2022|2285||2507||27.2||35.4|
01|00|0100000US|United States||26|Wood products|20||Multiple modes|06|500 - 749 miles|2022|2302||2343||24.9||24.7|
01|00|0100000US|United States||26|Wood products|20||Multiple modes|07|750 - 999 miles|2022|1566||1795||12.8||26.7|
01|00|0100000US|United States||26|Wood products|20||Multiple modes|08|1,000 - 1,499 miles|2022|1889||2337||28.7||42.4|
01|00|0100000US|United States||26|Wood products|20||Multiple modes|09|1,500 - 1,999 miles|2022|1242||1175||15||18.1|
01|00|0100000US|United States||26|Wood products|20||Multiple modes|10|2,000 miles or more|2022|1205||963||14.9||20.2|
01|00|0100000US|United States||26|Wood products|21||Parcel, U.S.P.S. or courier|001|Total|2022|0|S|198||0|S|35.2|
01|00|0100000US|United States||26|Wood products|21||Parcel, U.S.P.S. or courier|02|Less than 50 miles|2022|0|S|19||0|S|48.9|
01|00|0100000US|United States||26|Wood products|21||Parcel, U.S.P.S. or courier|03|50 - 99 miles|2022|0|S|0|S|0|S|0|S
01|00|0100000US|United States||26|Wood products|21||Parcel, U.S.P.S. or courier|04|100 - 249 miles|2022|0|S|0|S|0|S|0|S
01|00|0100000US|United States||26|Wood products|21||Parcel, U.S.P.S. or courier|05|250 - 499 miles|2022|0|S|36||0|S|45.3|
01|00|0100000US|United States||26|Wood products|21||Parcel, U.S.P.S. or courier|06|500 - 749 miles|2022|0|S|38||0|S|47.6|
01|00|0100000US|United States||26|Wood products|21||Parcel, U.S.P.S. or courier|07|750 - 999 miles|2022|193||16||28.6||22.1|
01|00|0100000US|United States||26|Wood products|21||Parcel, U.S.P.S. or courier|08|1,000 - 1,499 miles|2022|186||23||22.3||29.8|
01|00|0100000US|United States||26|Wood products|21||Parcel, U.S.P.S. or courier|09|1,500 - 1,999 miles|2022|92||6||37.9||27.6|
01|00|0100000US|United States||26|Wood products|21||Parcel, U.S.P.S. or courier|10|2,000 miles or more|2022|74||7||26.1||17.1|
01|00|0100000US|United States||26|Wood products|22||Truck and rail|001|Total|2022|11045||15928||13.6||22.5|
01|00|0100000US|United States||26|Wood products|22||Truck and rail|02|Less than 50 miles|2022|1966||3366||17.4||22.6|
01|00|0100000US|United States||26|Wood products|22||Truck and rail|03|50 - 99 miles|2022|563||718||20||21.7|
01|00|0100000US|United States||26|Wood products|22||Truck and rail|04|100 - 249 miles|2022|586||1138||22.7||36.9|
01|00|0100000US|United States||26|Wood products|22||Truck and rail|05|250 - 499 miles|2022|1445||2429||23.4||36.7|
01|00|0100000US|United States||26|Wood products|22||Truck and rail|06|500 - 749 miles|2022|1554||2298||15.6||25.1|
01|00|0100000US|United States||26|Wood products|22||Truck and rail|07|750 - 999 miles|2022|1367||1775||14.1||26.9|
01|00|0100000US|United States||26|Wood products|22||Truck and rail|08|1,000 - 1,499 miles|2022|1600||2245||32.2||44.2|
01|00|0100000US|United States||26|Wood products|22||Truck and rail|09|1,500 - 1,999 miles|2022|1102||1134||17.7||19.5|
01|00|0100000US|United States||26|Wood products|22||Truck and rail|10|2,000 miles or more|2022|862||825||22.4||25|
01|00|0100000US|United States||26|Wood products|23||Truck and water|001|Total|2022|710||447||23.6||28.9|
01|00|0100000US|United States||26|Wood products|23||Truck and water|02|Less than 50 miles|2022|167||166||42.2||40|
01|00|0100000US|United States||26|Wood products|23||Truck and water|03|50 - 99 miles|2022|22||0|S|27.3||0|S
01|00|0100000US|United States||26|Wood products|23||Truck and water|04|100 - 249 miles|2022|56||0|S|46.8||0|S
01|00|0100000US|United States||26|Wood products|23||Truck and water|05|250 - 499 miles|2022|65||37||31.8||32.3|
01|00|0100000US|United States||26|Wood products|23||Truck and water|06|500 - 749 miles|2022|19||0|S|46||0|S
01|00|0100000US|United States||26|Wood products|23||Truck and water|07|750 - 999 miles|2022|6||5||46.7||36.1|
01|00|0100000US|United States||26|Wood products|23||Truck and water|08|1,000 - 1,499 miles|2022|0|S|0|S|0|S|0|S
01|00|0100000US|United States||26|Wood products|23||Truck and water|09|1,500 - 1,999 miles|2022|0|S|0|S|0|S|0|S
01|00|0100000US|United States||26|Wood products|23||Truck and water|10|2,000 miles or more|2022|250||129||43||45.9|
01|00|0100000US|United States||26|Wood products|24||Rail and water|001|Total|2022|34||0|S|31.5||0|S
01|00|0100000US|United States||26|Wood products|24||Rail and water|04|100 - 249 miles|2022|0|S|0|S|0|S|0|S
01|00|0100000US|United States||26|Wood products|24||Rail and water|05|250 - 499 miles|2022|0|S|0|S|0|S|0|S
01|00|0100000US|United States||26|Wood products|24||Rail and water|06|500 - 749 miles|2022|0|S|0|S|0|S|0|S
01|00|0100000US|United States||26|Wood products|24||Rail and water|08|1,000 - 1,499 miles|2022|0|S|0|S|0|S|0|S
01|00|0100000US|United States||26|Wood products|24||Rail and water|10|2,000 miles or more|2022|20||2||33.3||33.1|
01|00|0100000US|United States||26|Wood products|25|x|Other multiple modes|001|Total|2022|26||0|S|45||0|S
01|00|0100000US|United States||26|Wood products|25|x|Other multiple modes|02|Less than 50 miles|2022|0|Z|0|Z|17||39.1|
01|00|0100000US|United States||26|Wood products|25|x|Other multiple modes|03|50 - 99 miles|2022|0|S|0|S|0|S|0|S
01|00|0100000US|United States||26|Wood products|25|x|Other multiple modes|04|100 - 249 miles|2022|0|S|0|S|0|S|0|S
01|00|0100000US|United States||26|Wood products|25|x|Other multiple modes|05|250 - 499 miles|2022|10||0|S|41.5||0|S
01|00|0100000US|United States||26|Wood products|25|x|Other multiple modes|06|500 - 749 miles|2022|0|S|0|S|0|S|0|S
01|00|0100000US|United States||26|Wood products|25|x|Other multiple modes|09|1,500 - 1,999 miles|2022|0|S|0|S|0|S|0|S
01|00|0100000US|United States||26|Wood products|30|z|Unknown mode|001|Total|2022|2763||1721||24.7||19.3|
01|00|0100000US|United States||26|Wood products|30|z|Unknown mode|02|Less than 50 miles|2022|562||482||22.9||26.1|
01|00|0100000US|United States||26|Wood products|30|z|Unknown mode|03|50 - 99 miles|2022|270||308||30.6||24.2|
01|00|0100000US|United States||26|Wood products|30|z|Unknown mode|04|100 - 249 miles|2022|509||212||33.6||21.7|
01|00|0100000US|United States||26|Wood products|30|z|Unknown mode|05|250 - 499 miles|2022|362||138||29.4||14.9|
01|00|0100000US|United States||26|Wood products|30|z|Unknown mode|06|500 - 749 miles|2022|0|S|0|S|0|S|0|S
01|00|0100000US|United States||26|Wood products|30|z|Unknown mode|07|750 - 999 miles|2022|0|S|0|S|0|S|0|S
01|00|0100000US|United States||26|Wood products|30|z|Unknown mode|08|1,000 - 1,499 miles|2022|194||110||36||38.8|
01|00|0100000US|United States||26|Wood products|30|z|Unknown mode|09|1,500 - 1,999 miles|2022|0|S|0|S|0|S|0|S
01|00|0100000US|United States||26|Wood products|30|z|Unknown mode|10|2,000 miles or more|2022|77||0|S|37.9||0|S
01|00|0100000US|United States||27|Pulp, newsprint, paper, and paperboard|00||All modes|001|Total|2022|109247||110084||4.6||6.8|
01|00|0100000US|United States||27|Pulp, newsprint, paper, and paperboard|00||All modes|02|Less than 50 miles|2022|22509||17483||12.6||11.7|
01|00|0100000US|United States||27|Pulp, newsprint, paper, and paperboard|00||All modes|03|50 - 99 miles|2022|8304||6756||7.7||8.9|
01|00|0100000US|United States||27|Pulp, newsprint, paper, and paperboard|00||All modes|04|100 - 249 miles|2022|16744||18076||5.9||9.1|
01|00|0100000US|United States||27|Pulp, newsprint, paper, and paperboard|00||All modes|05|250 - 499 miles|2022|20042||21380||4.6||7.4|
01|00|0100000US|United States||27|Pulp, newsprint, paper, and paperboard|00||All modes|06|500 - 749 miles|2022|17341||19152||6.4||8.8|
01|00|0100000US|United States||27|Pulp, newsprint, paper, and paperboard|00||All modes|07|750 - 999 miles|2022|10903||12010||9.7||9.6|
01|00|0100000US|United States||27|Pulp, newsprint, paper, and paperboard|00||All modes|08|1,000 - 1,499 miles|2022|5531||6298||11.4||15.5|
01|00|0100000US|United States||27|Pulp, newsprint, paper, and paperboard|00||All modes|09|1,500 - 1,999 miles|2022|3522||3717||15.6||14.5|
01|00|0100000US|United States||27|Pulp, newsprint, paper, and paperboard|00||All modes|10|2,000 miles or more|2022|4350||5212||36.9||44.5|
01|00|0100000US|United States||27|Pulp, newsprint, paper, and paperboard|10||Single modes|001|Total|2022|91452||87838||5||6.1|
01|00|0100000US|United States||27|Pulp, newsprint, paper, and paperboard|10||Single modes|02|Less than 50 miles|2022|21161||16518||13.7||12.2|
01|00|0100000US|United States||27|Pulp, newsprint, paper, and paperboard|10||Single modes|03|50 - 99 miles|2022|7304||6043||7.2||8.3|
01|00|0100000US|United States||27|Pulp, newsprint, paper, and paperboard|10||Single modes|04|100 - 249 miles|2022|13882||13918||4.4||6.3|
01|00|0100000US|United States||27|Pulp, newsprint, paper, and paperboard|10||Single modes|05|250 - 499 miles|2022|16701||16921||4.4||7.9|
01|00|0100000US|United States||27|Pulp, newsprint, paper, and paperboard|10||Single modes|06|500 - 749 miles|2022|14229||15069||7.6||8.7|
01|00|0100000US|United States||27|Pulp, newsprint, paper, and paperboard|10||Single modes|07|750 - 999 miles|2022|8176||8736||9.1||7|
01|00|0100000US|United States||27|Pulp, newsprint, paper, and paperboard|10||Single modes|08|1,000 - 1,499 miles|2022|4169||4268||11.8||14.4|
01|00|0100000US|United States||27|Pulp, newsprint, paper, and paperboard|10||Single modes|09|1,500 - 1,999 miles|2022|2577||2557||16.2||14.2|
01|00|0100000US|United States||27|Pulp, newsprint, paper, and paperboard|10||Single modes|10|2,000 miles or more|2022|3253||3808||32.9||42.9|
01|00|0100000US|United States||27|Pulp, newsprint, paper, and paperboard|11|n|Truck|001|Total|2022|77748||70492||5||6.6|
01|00|0100000US|United States||27|Pulp, newsprint, paper, and paperboard|11|n|Truck|02|Less than 50 miles|2022|20398||15121||13.8||12.4|
01|00|0100000US|United States||27|Pulp, newsprint, paper, and paperboard|11|n|Truck|03|50 - 99 miles|2022|7014||5716||7.4||8.8|
01|00|0100000US|United States||27|Pulp, newsprint, paper, and paperboard|11|n|Truck|04|100 - 249 miles|2022|12175||11715||5.3||7.8|
01|00|0100000US|United States||27|Pulp, newsprint, paper, and paperboard|11|n|Truck|05|250 - 499 miles|2022|14280||13727||4.7||7.1|
01|00|0100000US|United States||27|Pulp, newsprint, paper, and paperboard|11|n|Truck|06|500 - 749 miles|2022|10726||10762||8.1||9.7|
01|00|0100000US|United States||27|Pulp, newsprint, paper, and paperboard|11|n|Truck|07|750 - 999 miles|2022|5936||6182||8.7||7.1|
01|00|0100000US|United States||27|Pulp, newsprint, paper, and paperboard|11|n|Truck|08|1,000 - 1,499 miles|2022|2504||2234||7.7||10.2|
01|00|0100000US|United States||27|Pulp, newsprint, paper, and paperboard|11|n|Truck|09|1,500 - 1,999 miles|2022|1737||1517||18||16.3|
01|00|0100000US|United States||27|Pulp, newsprint, paper, and paperboard|11|n|Truck|10|2,000 miles or more|2022|2978||3519||37.2||47.3|
01|00|0100000US|United States||27|Pulp, newsprint, paper, and paperboard|111||For-hire truck|001|Total|2022|60259||60274||5.7||7.2|
01|00|0100000US|United States||27|Pulp, newsprint, paper, and paperboard|111||For-hire truck|02|Less than 50 miles|2022|10333||9952||15.2||13.1|
01|00|0100000US|United States||27|Pulp, newsprint, paper, and paperboard|111||For-hire truck|03|50 - 99 miles|2022|4842||4741||9.6||11.4|
01|00|0100000US|United States||27|Pulp, newsprint, paper, and paperboard|111||For-hire truck|04|100 - 249 miles|2022|9738||10231||5.6||9|
01|00|0100000US|United States||27|Pulp, newsprint, paper, and paperboard|111||For-hire truck|05|250 - 499 miles|2022|13118||13084||5.1||7.6|
01|00|0100000US|United States||27|Pulp, newsprint, paper, and paperboard|111||For-hire truck|06|500 - 749 miles|2022|10020||9970||8.1||9.5|
01|00|0100000US|United States||27|Pulp, newsprint, paper, and paperboard|111||For-hire truck|07|750 - 999 miles|2022|5612||5719||8.9||8.3|
01|00|0100000US|United States||27|Pulp, newsprint, paper, and paperboard|111||For-hire truck|08|1,000 - 1,499 miles|2022|2376||2115||8.2||11.3|
01|00|0100000US|United States||27|Pulp, newsprint, paper, and paperboard|111||For-hire truck|09|1,500 - 1,999 miles|2022|1602||1380||17.4||16.3|
01|00|0100000US|United States||27|Pulp, newsprint, paper, and paperboard|111||For-hire truck|10|2,000 miles or more|2022|2618||3081||35.1||45.4|
01|00|0100000US|United States||27|Pulp, newsprint, paper, and paperboard|112||Company-owned truck|001|Total|2022|14219||6895||16.7||18.5|
01|00|0100000US|United States||27|Pulp, newsprint, paper, and paperboard|112||Company-owned truck|02|Less than 50 miles|2022|9529||4726||23||24.1|
01|00|0100000US|United States||27|Pulp, newsprint, paper, and paperboard|112||Company-owned truck|03|50 - 99 miles|2022|1976||798||16.2||13.1|
01|00|0100000US|United States||27|Pulp, newsprint, paper, and paperboard|112||Company-owned truck|04|100 - 249 miles|2022|1980||904||18.4||24.4|
01|00|0100000US|United States||27|Pulp, newsprint, paper, and paperboard|112||Company-owned truck|05|250 - 499 miles|2022|500||253||17.2||17.9|
01|00|0100000US|United States||27|Pulp, newsprint, paper, and paperboard|112||Company-owned truck|06|500 - 749 miles|2022|120||0|S|15.9||0|S
01|00|0100000US|United States||27|Pulp, newsprint, paper, and paperboard|112||Company-owned truck|07|750 - 999 miles|2022|50||24||34.7||35.9|
01|00|0100000US|United States||27|Pulp, newsprint, paper, and paperboard|112||Company-owned truck|08|1,000 - 1,499 miles|2022|0|S|0|S|0|S|0|S
01|00|0100000US|United States||27|Pulp, newsprint, paper, and paperboard|112||Company-owned truck|09|1,500 - 1,999 miles|2022|30||10||26.1||33.6|
01|00|0100000US|United States||27|Pulp, newsprint, paper, and paperboard|112||Company-owned truck|10|2,000 miles or more|2022|0|S|0|S|0|S|0|S
01|00|0100000US|United States||27|Pulp, newsprint, paper, and paperboard|113|o|Customer pick-up|001|Total|2022|3271||3323||15.9||18|
01|00|0100000US|United States||27|Pulp, newsprint, paper, and paperboard|113|o|Customer pick-up|02|Less than 50 miles|2022|537||442||18.3||19.1|
01|00|0100000US|United States||27|Pulp, newsprint, paper, and paperboard|113|o|Customer pick-up|03|50 - 99 miles|2022|196||178||33.3||46.5|
01|00|0100000US|United States||27|Pulp, newsprint, paper, and paperboard|113|o|Customer pick-up|04|100 - 249 miles|2022|458||580||20||31.6|
01|00|0100000US|United States||27|Pulp, newsprint, paper, and paperboard|113|o|Customer pick-up|05|250 - 499 miles|2022|663||390||24.7||26.6|
01|00|0100000US|United States||27|Pulp, newsprint, paper, and paperboard|113|o|Customer pick-up|06|500 - 749 miles|2022|585||642||33.4||40|
01|00|0100000US|United States||27|Pulp, newsprint, paper, and paperboard|113|o|Customer pick-up|07|750 - 999 miles|2022|273||439||21.3||43.4|
01|00|0100000US|United States||27|Pulp, newsprint, paper, and paperboard|113|o|Customer pick-up|08|1,000 - 1,499 miles|2022|108||95||26.8||46.7|
01|00|0100000US|United States||27|Pulp, newsprint, paper, and paperboard|113|o|Customer pick-up|09|1,500 - 1,999 miles|2022|105||0|S|37.4||0|S
01|00|0100000US|United States||27|Pulp, newsprint, paper, and paperboard|113|o|Customer pick-up|10|2,000 miles or more|2022|0|S|0|S|0|S|0|S
01|00|0100000US|United States||27|Pulp, newsprint, paper, and paperboard|12||Rail|001|Total|2022|13696||17344||10.7||11|
01|00|0100000US|United States||27|Pulp, newsprint, paper, and paperboard|12||Rail|02|Less than 50 miles|2022|763||1397||26.3||47|
01|00|0100000US|United States||27|Pulp, newsprint, paper, and paperboard|12||Rail|03|50 - 99 miles|2022|289||327||26.4||25|
01|00|0100000US|United States||27|Pulp, newsprint, paper, and paperboard|12||Rail|04|100 - 249 miles|2022|1706||2202||9.8||15.4|
01|00|0100000US|United States||27|Pulp, newsprint, paper, and paperboard|12||Rail|05|250 - 499 miles|2022|2420||3195||14.3||16.2|
01|00|0100000US|United States||27|Pulp, newsprint, paper, and paperboard|12||Rail|06|500 - 749 miles|2022|3499||4306||9.7||10.6|
01|00|0100000US|United States||27|Pulp, newsprint, paper, and paperboard|12||Rail|07|750 - 999 miles|2022|2240||2554||18||18.1|
01|00|0100000US|United States||27|Pulp, newsprint, paper, and paperboard|12||Rail|08|1,000 - 1,499 miles|2022|1664||2034||20.8||20.7|
01|00|0100000US|United States||27|Pulp, newsprint, paper, and paperboard|12||Rail|09|1,500 - 1,999 miles|2022|839||1040||27.1||25.5|
01|00|0100000US|United States||27|Pulp, newsprint, paper, and paperboard|12||Rail|10|2,000 miles or more|2022|275||289||30.5||28.8|
01|00|0100000US|United States||27|Pulp, newsprint, paper, and paperboard|13||Water|001|Total|2022|0|Z|0|S|2.8||0|S
01|00|0100000US|United States||27|Pulp, newsprint, paper, and paperboard|13||Water|02|Less than 50 miles|2022|0|S|0|S|0|S|0|S
01|00|0100000US|United States||27|Pulp, newsprint, paper, and paperboard|13||Water|05|250 - 499 miles|2022|0|S|0|S|0|S|0|S
01|00|0100000US|United States||27|Pulp, newsprint, paper, and paperboard|131||Inland water|001|Total|2022|0|S|0|S|0|S|0|S
01|00|0100000US|United States||27|Pulp, newsprint, paper, and paperboard|131||Inland water|02|Less than 50 miles|2022|0|S|0|S|0|S|0|S
01|00|0100000US|United States||27|Pulp, newsprint, paper, and paperboard|133||Deep sea|001|Total|2022|0|S|0|S|0|S|0|S
01|00|0100000US|United States||27|Pulp, newsprint, paper, and paperboard|133||Deep sea|05|250 - 499 miles|2022|0|S|0|S|0|S|0|S
01|00|0100000US|United States||27|Pulp, newsprint, paper, and paperboard|14||Air (includes truck and air)|001|Total|2022|8||2||46.1||48.5|
01|00|0100000US|United States||27|Pulp, newsprint, paper, and paperboard|14||Air (includes truck and air)|03|50 - 99 miles|2022|0|S|0|S|0|S|0|S
01|00|0100000US|United States||27|Pulp, newsprint, paper, and paperboard|14||Air (includes truck and air)|04|100 - 249 miles|2022|1||0|Z|46.5||34.3|
01|00|0100000US|United States||27|Pulp, newsprint, paper, and paperboard|14||Air (includes truck and air)|05|250 - 499 miles|2022|1||0|Z|23.3||13.5|
01|00|0100000US|United States||27|Pulp, newsprint, paper, and paperboard|14||Air (includes truck and air)|06|500 - 749 miles|2022|0|S|0|S|0|S|0|S
01|00|0100000US|United States||27|Pulp, newsprint, paper, and paperboard|14||Air (includes truck and air)|08|1,000 - 1,499 miles|2022|0|S|0|S|0|S|0|S
01|00|0100000US|United States||27|Pulp, newsprint, paper, and paperboard|14||Air (includes truck and air)|10|2,000 miles or more|2022|0|Z|0|Z|28.3||15.4|
01|00|0100000US|United States||27|Pulp, newsprint, paper, and paperboard|20||Multiple modes|001|Total|2022|16523||21023||10.3||16.4|
01|00|0100000US|United States||27|Pulp, newsprint, paper, and paperboard|20||Multiple modes|02|Less than 50 miles|2022|1020||686||17.9||30.5|
01|00|0100000US|United States||27|Pulp, newsprint, paper, and paperboard|20||Multiple modes|03|50 - 99 miles|2022|969||662||26.6||30.2|
01|00|0100000US|United States||27|Pulp, newsprint, paper, and paperboard|20||Multiple modes|04|100 - 249 miles|2022|2382||3694||29.2||30.3|
01|00|0100000US|United States||27|Pulp, newsprint, paper, and paperboard|20||Multiple modes|05|250 - 499 miles|2022|3165||4266||16.9||18.5|
01|00|0100000US|United States||27|Pulp, newsprint, paper, and paperboard|20||Multiple modes|06|500 - 749 miles|2022|2955||3938||14.4||14.4|
01|00|0100000US|United States||27|Pulp, newsprint, paper, and paperboard|20||Multiple modes|07|750 - 999 miles|2022|2645||3198||20.3||21.9|
01|00|0100000US|United States||27|Pulp, newsprint, paper, and paperboard|20||Multiple modes|08|1,000 - 1,499 miles|2022|1358||2026||22.3||36.2|
01|00|0100000US|United States||27|Pulp, newsprint, paper, and paperboard|20||Multiple modes|09|1,500 - 1,999 miles|2022|943||1156||28.3||28|
01|00|0100000US|United States||27|Pulp, newsprint, paper, and paperboard|20||Multiple modes|10|2,000 miles or more|2022|0|S|0|S|0|S|0|S
01|00|0100000US|United States||27|Pulp, newsprint, paper, and paperboard|21||Parcel, U.S.P.S. or courier|001|Total|2022|1983||451||20.3||19.7|
01|00|0100000US|United States||27|Pulp, newsprint, paper, and paperboard|21||Parcel, U.S.P.S. or courier|02|Less than 50 miles|2022|570||138||24.9||21.1|
01|00|0100000US|United States||27|Pulp, newsprint, paper, and paperboard|21||Parcel, U.S.P.S. or courier|03|50 - 99 miles|2022|488||119||43.6||43.3|
01|00|0100000US|United States||27|Pulp, newsprint, paper, and paperboard|21||Parcel, U.S.P.S. or courier|04|100 - 249 miles|2022|426||111||18||16.2|
01|00|0100000US|United States||27|Pulp, newsprint, paper, and paperboard|21||Parcel, U.S.P.S. or courier|05|250 - 499 miles|2022|186||40||32.7||24.9|
01|00|0100000US|United States||27|Pulp, newsprint, paper, and paperboard|21||Parcel, U.S.P.S. or courier|06|500 - 749 miles|2022|80||15||27.9||28.7|
01|00|0100000US|United States||27|Pulp, newsprint, paper, and paperboard|21||Parcel, U.S.P.S. or courier|07|750 - 999 miles|2022|0|S|10||0|S|31.7|
01|00|0100000US|United States||27|Pulp, newsprint, paper, and paperboard|21||Parcel, U.S.P.S. or courier|08|1,000 - 1,499 miles|2022|0|S|12||0|S|42|
01|00|0100000US|United States||27|Pulp, newsprint, paper, and paperboard|21||Parcel, U.S.P.S. or courier|09|1,500 - 1,999 miles|2022|46||5||36.3||25|
01|00|0100000US|United States||27|Pulp, newsprint, paper, and paperboard|21||Parcel, U.S.P.S. or courier|10|2,000 miles or more|2022|4||0|S|49.6||0|S
01|00|0100000US|United States||27|Pulp, newsprint, paper, and paperboard|22||Truck and rail|001|Total|2022|14297||20183||12.9||17.3|
01|00|0100000US|United States||27|Pulp, newsprint, paper, and paperboard|22||Truck and rail|02|Less than 50 miles|2022|447||543||37.2||36.6|
01|00|0100000US|United States||27|Pulp, newsprint, paper, and paperboard|22||Truck and rail|03|50 - 99 miles|2022|477||541||39.1||34.8|
01|00|0100000US|United States||27|Pulp, newsprint, paper, and paperboard|22||Truck and rail|04|100 - 249 miles|2022|1923||3526||34.6||32.2|
01|00|0100000US|United States||27|Pulp, newsprint, paper, and paperboard|22||Truck and rail|05|250 - 499 miles|2022|2978||4226||18.2||18.7|
01|00|0100000US|United States||27|Pulp, newsprint, paper, and paperboard|22||Truck and rail|06|500 - 749 miles|2022|2741||3713||15.1||15.1|
01|00|0100000US|United States||27|Pulp, newsprint, paper, and paperboard|22||Truck and rail|07|750 - 999 miles|2022|2533||3140||22.1||22.7|
01|00|0100000US|United States||27|Pulp, newsprint, paper, and paperboard|22||Truck and rail|08|1,000 - 1,499 miles|2022|1255||2012||23.9||36.5|
01|00|0100000US|United States||27|Pulp, newsprint, paper, and paperboard|22||Truck and rail|09|1,500 - 1,999 miles|2022|869||1107||31.8||29.8|
01|00|0100000US|United States||27|Pulp, newsprint, paper, and paperboard|22||Truck and rail|10|2,000 miles or more|2022|0|S|0|S|0|S|0|S
01|00|0100000US|United States||27|Pulp, newsprint, paper, and paperboard|23||Truck and water|001|Total|2022|0|S|0|S|0|S|0|S
01|00|0100000US|United States||27|Pulp, newsprint, paper, and paperboard|23||Truck and water|02|Less than 50 miles|2022|4||0|S|6.1||0|S
01|00|0100000US|United States||27|Pulp, newsprint, paper, and paperboard|23||Truck and water|03|50 - 99 miles|2022|0|S|2||0|S|18.5|
01|00|0100000US|United States||27|Pulp, newsprint, paper, and paperboard|23||Truck and water|04|100 - 249 miles|2022|0|S|0|S|0|S|0|S
01|00|0100000US|United States||27|Pulp, newsprint, paper, and paperboard|23||Truck and water|05|250 - 499 miles|2022|0|S|0|S|0|S|0|S
01|00|0100000US|United States||27|Pulp, newsprint, paper, and paperboard|23||Truck and water|06|500 - 749 miles|2022|133||210||22.1||23.4|
01|00|0100000US|United States||27|Pulp, newsprint, paper, and paperboard|23||Truck and water|07|750 - 999 miles|2022|31||48||5.3||5.2|
01|00|0100000US|United States||27|Pulp, newsprint, paper, and paperboard|23||Truck and water|08|1,000 - 1,499 miles|2022|0|S|2||0|S|49|
01|00|0100000US|United States||27|Pulp, newsprint, paper, and paperboard|23||Truck and water|09|1,500 - 1,999 miles|2022|28||44||44.7||48.5|
01|00|0100000US|United States||27|Pulp, newsprint, paper, and paperboard|23||Truck and water|10|2,000 miles or more|2022|7||0|S|31.3||0|S
01|00|0100000US|United States||27|Pulp, newsprint, paper, and paperboard|30|z|Unknown mode|001|Total|2022|0|S|0|S|0|S|0|S
01|00|0100000US|United States||27|Pulp, newsprint, paper, and paperboard|30|z|Unknown mode|02|Less than 50 miles|2022|327||279||38.6||39.1|
01|00|0100000US|United States||27|Pulp, newsprint, paper, and paperboard|30|z|Unknown mode|03|50 - 99 miles|2022|0|S|0|S|0|S|0|S
01|00|0100000US|United States||27|Pulp, newsprint, paper, and paperboard|30|z|Unknown mode|04|100 - 249 miles|2022|0|S|0|S|0|S|0|S
01|00|0100000US|United States||27|Pulp, newsprint, paper, and paperboard|30|z|Unknown mode|05|250 - 499 miles|2022|0|S|193||0|S|39.5|
01|00|0100000US|United States||27|Pulp, newsprint, paper, and paperboard|30|z|Unknown mode|06|500 - 749 miles|2022|0|S|0|S|0|S|0|S
01|00|0100000US|United States||27|Pulp, newsprint, paper, and paperboard|30|z|Unknown mode|07|750 - 999 miles|2022|0|S|0|S|0|S|0|S
01|00|0100000US|United States||27|Pulp, newsprint, paper, and paperboard|30|z|Unknown mode|08|1,000 - 1,499 miles|2022|4||4||34.1||34.9|
01|00|0100000US|United States||27|Pulp, newsprint, paper, and paperboard|30|z|Unknown mode|09|1,500 - 1,999 miles|2022|0|S|0|S|0|S|0|S
01|00|0100000US|United States||27|Pulp, newsprint, paper, and paperboard|30|z|Unknown mode|10|2,000 miles or more|2022|0|S|0|S|0|S|0|S
01|00|0100000US|United States||28|Paper or paperboard articles|00||All modes|001|Total|2022|191726||106490||3.2||10.4|
01|00|0100000US|United States||28|Paper or paperboard articles|00||All modes|02|Less than 50 miles|2022|75583||35702||7.9||5.9|
01|00|0100000US|United States||28|Paper or paperboard articles|00||All modes|03|50 - 99 miles|2022|21852||11564||4.8||5|
01|00|0100000US|United States||28|Paper or paperboard articles|00||All modes|04|100 - 249 miles|2022|31209||19340||4.1||16.7|
01|00|0100000US|United States||28|Paper or paperboard articles|00||All modes|05|250 - 499 miles|2022|24269||14999||6.1||19.3|
01|00|0100000US|United States||28|Paper or paperboard articles|00||All modes|06|500 - 749 miles|2022|15869||11703||9.8||33.1|
01|00|0100000US|United States||28|Paper or paperboard articles|00||All modes|07|750 - 999 miles|2022|9402||4983||7.5||18.4|
01|00|0100000US|United States||28|Paper or paperboard articles|00||All modes|08|1,000 - 1,499 miles|2022|6844||3474||11.8||22.2|
01|00|0100000US|United States||28|Paper or paperboard articles|00||All modes|09|1,500 - 1,999 miles|2022|4206||3917||5.8||30.8|
01|00|0100000US|United States||28|Paper or paperboard articles|00||All modes|10|2,000 miles or more|2022|2491||808||12.3||10.8|
01|00|0100000US|United States||28|Paper or paperboard articles|10||Single modes|001|Total|2022|180358||94617||3.7||8.3|
01|00|0100000US|United States||28|Paper or paperboard articles|10||Single modes|02|Less than 50 miles|2022|72674||34658||8.5||6.1|
01|00|0100000US|United States||28|Paper or paperboard articles|10||Single modes|03|50 - 99 miles|2022|21052||11187||5.4||4.6|
01|00|0100000US|United States||28|Paper or paperboard articles|10||Single modes|04|100 - 249 miles|2022|29388||16297||4.2||13.4|
01|00|0100000US|United States||28|Paper or paperboard articles|10||Single modes|05|250 - 499 miles|2022|22861||12950||6.3||21.1|
01|00|0100000US|United States||28|Paper or paperboard articles|10||Single modes|06|500 - 749 miles|2022|14715||9447||10.7||37|
01|00|0100000US|United States||28|Paper or paperboard articles|10||Single modes|07|750 - 999 miles|2022|8394||3693||8.4||9.1|
01|00|0100000US|United States||28|Paper or paperboard articles|10||Single modes|08|1,000 - 1,499 miles|2022|5758||2474||12.1||10.9|
01|00|0100000US|United States||28|Paper or paperboard articles|10||Single modes|09|1,500 - 1,999 miles|2022|3654||3270||5.9||28|
01|00|0100000US|United States||28|Paper or paperboard articles|10||Single modes|10|2,000 miles or more|2022|1862||641||11.8||9.6|
01|00|0100000US|United States||28|Paper or paperboard articles|11|n|Truck|001|Total|2022|178756||84833||3.8||3.6|
01|00|0100000US|United States||28|Paper or paperboard articles|11|n|Truck|02|Less than 50 miles|2022|72198||34177||8.7||6.3|
01|00|0100000US|United States||28|Paper or paperboard articles|11|n|Truck|03|50 - 99 miles|2022|20991||11068||5.4||4.7|
01|00|0100000US|United States||28|Paper or paperboard articles|11|n|Truck|04|100 - 249 miles|2022|29224||14895||4||7.9|
01|00|0100000US|United States||28|Paper or paperboard articles|11|n|Truck|05|250 - 499 miles|2022|22488||10136||6.3||7.3|
01|00|0100000US|United States||28|Paper or paperboard articles|11|n|Truck|06|500 - 749 miles|2022|14418||5648||10.3||8.5|
01|00|0100000US|United States||28|Paper or paperboard articles|11|n|Truck|07|750 - 999 miles|2022|8302||3376||8.6||8.1|
01|00|0100000US|United States||28|Paper or paperboard articles|11|n|Truck|08|1,000 - 1,499 miles|2022|5726||2421||12.2||11.3|
01|00|0100000US|United States||28|Paper or paperboard articles|11|n|Truck|09|1,500 - 1,999 miles|2022|3627||2520||6||26.2|
01|00|0100000US|United States||28|Paper or paperboard articles|11|n|Truck|10|2,000 miles or more|2022|1783||591||12||8|
01|00|0100000US|United States||28|Paper or paperboard articles|111||For-hire truck|001|Total|2022|113866||57040||6.2||4.9|
01|00|0100000US|United States||28|Paper or paperboard articles|111||For-hire truck|02|Less than 50 miles|2022|33828||17529||17.8||9.4|
01|00|0100000US|United States||28|Paper or paperboard articles|111||For-hire truck|03|50 - 99 miles|2022|11172||6458||6.6||7.2|
01|00|0100000US|United States||28|Paper or paperboard articles|111||For-hire truck|04|100 - 249 miles|2022|20897||11276||6.3||9.5|
01|00|0100000US|United States||28|Paper or paperboard articles|111||For-hire truck|05|250 - 499 miles|2022|18830||8719||6.9||8.2|
01|00|0100000US|United States||28|Paper or paperboard articles|111||For-hire truck|06|500 - 749 miles|2022|12196||4971||11.4||9.8|
01|00|0100000US|United States||28|Paper or paperboard articles|111||For-hire truck|07|750 - 999 miles|2022|7295||3038||9.3||9.1|
01|00|0100000US|United States||28|Paper or paperboard articles|111||For-hire truck|08|1,000 - 1,499 miles|2022|4812||2113||12.7||11.6|
01|00|0100000US|United States||28|Paper or paperboard articles|111||For-hire truck|09|1,500 - 1,999 miles|2022|3284||2406||6.9||27.8|
01|00|0100000US|United States||28|Paper or paperboard articles|111||For-hire truck|10|2,000 miles or more|2022|1552||530||13.5||8.4|
01|00|0100000US|United States||28|Paper or paperboard articles|112||Company-owned truck|001|Total|2022|55583||23176||6.9||7.9|
01|00|0100000US|United States||28|Paper or paperboard articles|112||Company-owned truck|02|Less than 50 miles|2022|35522||15297||7.1||10.4|
01|00|0100000US|United States||28|Paper or paperboard articles|112||Company-owned truck|03|50 - 99 miles|2022|8904||4111||9.3||7.7|
01|00|0100000US|United States||28|Paper or paperboard articles|112||Company-owned truck|04|100 - 249 miles|2022|6650||2630||11.7||7.3|
01|00|0100000US|United States||28|Paper or paperboard articles|112||Company-owned truck|05|250 - 499 miles|2022|1877||540||30.9||16.8|
01|00|0100000US|United States||28|Paper or paperboard articles|112||Company-owned truck|06|500 - 749 miles|2022|0|S|291||0|S|39.8|
01|00|0100000US|United States||28|Paper or paperboard articles|112||Company-owned truck|07|750 - 999 miles|2022|574||121||46.5||36.6|
01|00|0100000US|United States||28|Paper or paperboard articles|112||Company-owned truck|08|1,000 - 1,499 miles|2022|435||98||33.5||24.1|
01|00|0100000US|United States||28|Paper or paperboard articles|112||Company-owned truck|09|1,500 - 1,999 miles|2022|159||54||26.4||31|
01|00|0100000US|United States||28|Paper or paperboard articles|112||Company-owned truck|10|2,000 miles or more|2022|135||34||43.2||35.7|
01|00|0100000US|United States||28|Paper or paperboard articles|113|o|Customer pick-up|001|Total|2022|9308||4617||6.3||11.4|
01|00|0100000US|United States||28|Paper or paperboard articles|113|o|Customer pick-up|02|Less than 50 miles|2022|2848||1352||9.4||19.9|
01|00|0100000US|United States||28|Paper or paperboard articles|113|o|Customer pick-up|03|50 - 99 miles|2022|915||499||18.5||18.7|
01|00|0100000US|United States||28|Paper or paperboard articles|113|o|Customer pick-up|04|100 - 249 miles|2022|1677||989||14.4||28.1|
01|00|0100000US|United States||28|Paper or paperboard articles|113|o|Customer pick-up|05|250 - 499 miles|2022|1782||877||12.8||12.5|
01|00|0100000US|United States||28|Paper or paperboard articles|113|o|Customer pick-up|06|500 - 749 miles|2022|895||386||20.6||24|
01|00|0100000US|United States||28|Paper or paperboard articles|113|o|Customer pick-up|07|750 - 999 miles|2022|432||217||19.4||18.3|
01|00|0100000US|United States||28|Paper or paperboard articles|113|o|Customer pick-up|08|1,000 - 1,499 miles|2022|479||211||25.1||32.3|
01|00|0100000US|United States||28|Paper or paperboard articles|113|o|Customer pick-up|09|1,500 - 1,999 miles|2022|184||60||26.9||19.7|
01|00|0100000US|United States||28|Paper or paperboard articles|113|o|Customer pick-up|10|2,000 miles or more|2022|96||27||29.6||29.2|
01|00|0100000US|United States||28|Paper or paperboard articles|12||Rail|001|Total|2022|1534||0|S|35.5||0|S
01|00|0100000US|United States||28|Paper or paperboard articles|12||Rail|02|Less than 50 miles|2022|476||481||32.2||40.5|
01|00|0100000US|United States||28|Paper or paperboard articles|12||Rail|03|50 - 99 miles|2022|59||0|S|38||0|S
01|00|0100000US|United States||28|Paper or paperboard articles|12||Rail|04|100 - 249 miles|2022|0|S|0|S|0|S|0|S
01|00|0100000US|United States||28|Paper or paperboard articles|12||Rail|05|250 - 499 miles|2022|0|S|0|S|0|S|0|S
01|00|0100000US|United States||28|Paper or paperboard articles|12||Rail|06|500 - 749 miles|2022|0|S|0|S|0|S|0|S
01|00|0100000US|United States||28|Paper or paperboard articles|12||Rail|07|750 - 999 miles|2022|85||0|S|40.1||0|S
01|00|0100000US|United States||28|Paper or paperboard articles|12||Rail|08|1,000 - 1,499 miles|2022|28||0|S|39||0|S
01|00|0100000US|United States||28|Paper or paperboard articles|12||Rail|09|1,500 - 1,999 miles|2022|0|S|0|S|0|S|0|S
01|00|0100000US|United States||28|Paper or paperboard articles|12||Rail|10|2,000 miles or more|2022|69||48||39.4||40.6|
01|00|0100000US|United States||28|Paper or paperboard articles|13||Water|001|Total|2022|12||4||47.1||48.1|
01|00|0100000US|United States||28|Paper or paperboard articles|13||Water|02|Less than 50 miles|2022|0|Z|0|Z|29.9||21.7|
01|00|0100000US|United States||28|Paper or paperboard articles|13||Water|03|50 - 99 miles|2022|2||0|Z|29.2||28.6|
01|00|0100000US|United States||28|Paper or paperboard articles|13||Water|04|100 - 249 miles|2022|10||3||33.5||34.5|
01|00|0100000US|United States||28|Paper or paperboard articles|13||Water|08|1,000 - 1,499 miles|2022|0|S|0|S|0|S|0|S
01|00|0100000US|United States||28|Paper or paperboard articles|13||Water|09|1,500 - 1,999 miles|2022|0|S|0|S|0|S|0|S
01|00|0100000US|United States||28|Paper or paperboard articles|131||Inland water|001|Total|2022|0|Z|0|Z|29.9||21.7|
01|00|0100000US|United States||28|Paper or paperboard articles|131||Inland water|02|Less than 50 miles|2022|0|Z|0|Z|29.9||21.7|
01|00|0100000US|United States||28|Paper or paperboard articles|133||Deep sea|001|Total|2022|12||4||33.3||33.9|
01|00|0100000US|United States||28|Paper or paperboard articles|133||Deep sea|03|50 - 99 miles|2022|2||0|Z|29.2||28.6|
01|00|0100000US|United States||28|Paper or paperboard articles|133||Deep sea|04|100 - 249 miles|2022|10||3||33.5||34.5|
01|00|0100000US|United States||28|Paper or paperboard articles|133||Deep sea|08|1,000 - 1,499 miles|2022|0|S|0|S|0|S|0|S
01|00|0100000US|United States||28|Paper or paperboard articles|133||Deep sea|09|1,500 - 1,999 miles|2022|0|S|0|S|0|S|0|S
01|00|0100000US|United States||28|Paper or paperboard articles|14||Air (includes truck and air)|001|Total|2022|55||18||18||32.8|
01|00|0100000US|United States||28|Paper or paperboard articles|14||Air (includes truck and air)|03|50 - 99 miles|2022|0|S|0|S|0|S|0|S
01|00|0100000US|United States||28|Paper or paperboard articles|14||Air (includes truck and air)|04|100 - 249 miles|2022|0|S|0|S|0|S|0|S
01|00|0100000US|United States||28|Paper or paperboard articles|14||Air (includes truck and air)|05|250 - 499 miles|2022|10||6||35.5||44.6|
01|00|0100000US|United States||28|Paper or paperboard articles|14||Air (includes truck and air)|06|500 - 749 miles|2022|0|S|0|S|0|S|0|S
01|00|0100000US|United States||28|Paper or paperboard articles|14||Air (includes truck and air)|07|750 - 999 miles|2022|7||0|S|47.3||0|S
01|00|0100000US|United States||28|Paper or paperboard articles|14||Air (includes truck and air)|08|1,000 - 1,499 miles|2022|4||0|Z|47.5||27.7|
01|00|0100000US|United States||28|Paper or paperboard articles|14||Air (includes truck and air)|09|1,500 - 1,999 miles|2022|0|S|1||0|S|43.7|
01|00|0100000US|United States||28|Paper or paperboard articles|14||Air (includes truck and air)|10|2,000 miles or more|2022|10||2||31||27.5|
01|00|0100000US|United States||28|Paper or paperboard articles|20||Multiple modes|001|Total|2022|9130||0|S|20.6||0|S
01|00|0100000US|United States||28|Paper or paperboard articles|20||Multiple modes|02|Less than 50 miles|2022|2113||727||25.9||25.1|
01|00|0100000US|United States||28|Paper or paperboard articles|20||Multiple modes|03|50 - 99 miles|2022|670||0|S|17.6||0|S
01|00|0100000US|United States||28|Paper or paperboard articles|20||Multiple modes|04|100 - 249 miles|2022|1263||0|S|16||0|S
01|00|0100000US|United States||28|Paper or paperboard articles|20||Multiple modes|05|250 - 499 miles|2022|1118||0|S|17.2||0|S
01|00|0100000US|United States||28|Paper or paperboard articles|20||Multiple modes|06|500 - 749 miles|2022|911||0|S|18||0|S
01|00|0100000US|United States||28|Paper or paperboard articles|20||Multiple modes|07|750 - 999 miles|2022|848||0|S|20.9||0|S
01|00|0100000US|United States||28|Paper or paperboard articles|20||Multiple modes|08|1,000 - 1,499 miles|2022|1044||0|S|44.4||0|S
01|00|0100000US|United States||28|Paper or paperboard articles|20||Multiple modes|09|1,500 - 1,999 miles|2022|538||0|S|22.3||0|S
01|00|0100000US|United States||28|Paper or paperboard articles|20||Multiple modes|10|2,000 miles or more|2022|625||166||42.8||28.2|
01|00|0100000US|United States||28|Paper or paperboard articles|21||Parcel, U.S.P.S. or courier|001|Total|2022|6626||592||28.7||7.6|
01|00|0100000US|United States||28|Paper or paperboard articles|21||Parcel, U.S.P.S. or courier|02|Less than 50 miles|2022|1163||102||41.3||11.4|
01|00|0100000US|United States||28|Paper or paperboard articles|21||Parcel, U.S.P.S. or courier|03|50 - 99 miles|2022|581||61||21.5||19.8|
01|00|0100000US|United States||28|Paper or paperboard articles|21||Parcel, U.S.P.S. or courier|04|100 - 249 miles|2022|1056||123||20.9||13.7|
01|00|0100000US|United States||28|Paper or paperboard articles|21||Parcel, U.S.P.S. or courier|05|250 - 499 miles|2022|840||88||20.1||12.7|
01|00|0100000US|United States||28|Paper or paperboard articles|21||Parcel, U.S.P.S. or courier|06|500 - 749 miles|2022|724||67||22.3||9.4|
01|00|0100000US|United States||28|Paper or paperboard articles|21||Parcel, U.S.P.S. or courier|07|750 - 999 miles|2022|574||50||28.1||10.2|
01|00|0100000US|United States||28|Paper or paperboard articles|21||Parcel, U.S.P.S. or courier|08|1,000 - 1,499 miles|2022|0|S|44||0|S|17.7|
01|00|0100000US|United States||28|Paper or paperboard articles|21||Parcel, U.S.P.S. or courier|09|1,500 - 1,999 miles|2022|417||33||27.1||16.7|
01|00|0100000US|United States||28|Paper or paperboard articles|21||Parcel, U.S.P.S. or courier|10|2,000 miles or more|2022|0|S|24||0|S|17.5|
01|00|0100000US|United States||28|Paper or paperboard articles|22||Truck and rail|001|Total|2022|2065||0|S|18.8||0|S
01|00|0100000US|United States||28|Paper or paperboard articles|22||Truck and rail|02|Less than 50 miles|2022|903||589||27.4||31.3|
01|00|0100000US|United States||28|Paper or paperboard articles|22||Truck and rail|03|50 - 99 miles|2022|0|S|0|S|0|S|0|S
01|00|0100000US|United States||28|Paper or paperboard articles|22||Truck and rail|04|100 - 249 miles|2022|147||0|S|49||0|S
01|00|0100000US|United States||28|Paper or paperboard articles|22||Truck and rail|05|250 - 499 miles|2022|251||0|S|25.7||0|S
01|00|0100000US|United States||28|Paper or paperboard articles|22||Truck and rail|06|500 - 749 miles|2022|161||0|S|40.3||0|S
01|00|0100000US|United States||28|Paper or paperboard articles|22||Truck and rail|07|750 - 999 miles|2022|229||0|S|35.5||0|S
01|00|0100000US|United States||28|Paper or paperboard articles|22||Truck and rail|08|1,000 - 1,499 miles|2022|108||0|S|27.5||0|S
01|00|0100000US|United States||28|Paper or paperboard articles|22||Truck and rail|09|1,500 - 1,999 miles|2022|68||0|S|49.2||0|S
01|00|0100000US|United States||28|Paper or paperboard articles|22||Truck and rail|10|2,000 miles or more|2022|136||99||34.1||36.6|
01|00|0100000US|United States||28|Paper or paperboard articles|23||Truck and water|001|Total|2022|368||210||28.6||32.3|
01|00|0100000US|United States||28|Paper or paperboard articles|23||Truck and water|02|Less than 50 miles|2022|0|S|0|S|0|S|0|S
01|00|0100000US|United States||28|Paper or paperboard articles|23||Truck and water|03|50 - 99 miles|2022|22||13||36.3||37.3|
01|00|0100000US|United States||28|Paper or paperboard articles|23||Truck and water|04|100 - 249 miles|2022|48||32||22.9||26.5|
01|00|0100000US|United States||28|Paper or paperboard articles|23||Truck and water|05|250 - 499 miles|2022|21||7||14.7||42.5|
01|00|0100000US|United States||28|Paper or paperboard articles|23||Truck and water|06|500 - 749 miles|2022|0|S|0|S|0|S|0|S
01|00|0100000US|United States||28|Paper or paperboard articles|23||Truck and water|07|750 - 999 miles|2022|0|S|0|S|0|S|0|S
01|00|0100000US|United States||28|Paper or paperboard articles|23||Truck and water|08|1,000 - 1,499 miles|2022|0|S|0|S|0|S|0|S
01|00|0100000US|United States||28|Paper or paperboard articles|23||Truck and water|09|1,500 - 1,999 miles|2022|51||0|S|46.8||0|S
01|00|0100000US|United States||28|Paper or paperboard articles|23||Truck and water|10|2,000 miles or more|2022|42||0|S|23.3||0|S
01|00|0100000US|United States||28|Paper or paperboard articles|24||Rail and water|001|Total|2022|69||45||37.5||34.9|
01|00|0100000US|United States||28|Paper or paperboard articles|24||Rail and water|02|Less than 50 miles|2022|10||8||22||31.8|
01|00|0100000US|United States||28|Paper or paperboard articles|24||Rail and water|03|50 - 99 miles|2022|0|S|0|S|0|S|0|S
01|00|0100000US|United States||28|Paper or paperboard articles|24||Rail and water|04|100 - 249 miles|2022|10||8||38.3||42.8|
01|00|0100000US|United States||28|Paper or paperboard articles|24||Rail and water|05|250 - 499 miles|2022|6||3||27.8||33.9|
01|00|0100000US|United States||28|Paper or paperboard articles|24||Rail and water|06|500 - 749 miles|2022|0|S|0|S|0|S|0|S
01|00|0100000US|United States||28|Paper or paperboard articles|24||Rail and water|07|750 - 999 miles|2022|0|S|0|S|0|S|0|S
01|00|0100000US|United States||28|Paper or paperboard articles|24||Rail and water|09|1,500 - 1,999 miles|2022|0|S|0|S|0|S|0|S
01|00|0100000US|United States||28|Paper or paperboard articles|25|x|Other multiple modes|001|Total|2022|0|S|0|S|0|S|0|S
01|00|0100000US|United States||28|Paper or paperboard articles|25|x|Other multiple modes|02|Less than 50 miles|2022|0|Z|0|Z|46.6||36.6|
01|00|0100000US|United States||28|Paper or paperboard articles|25|x|Other multiple modes|03|50 - 99 miles|2022|0|Z|0|Z|24.2||4.4|
01|00|0100000US|United States||28|Paper or paperboard articles|25|x|Other multiple modes|04|100 - 249 miles|2022|0|S|0|S|0|S|0|S
01|00|0100000US|United States||28|Paper or paperboard articles|30|z|Unknown mode|001|Total|2022|2238||1072||30.7||32.1|
01|00|0100000US|United States||28|Paper or paperboard articles|30|z|Unknown mode|02|Less than 50 miles|2022|796||316||34.6||39|
01|00|0100000US|United States||28|Paper or paperboard articles|30|z|Unknown mode|03|50 - 99 miles|2022|130||59||31.7||28.1|
01|00|0100000US|United States||28|Paper or paperboard articles|30|z|Unknown mode|04|100 - 249 miles|2022|558||322||44.2||38|
01|00|0100000US|United States||28|Paper or paperboard articles|30|z|Unknown mode|05|250 - 499 miles|2022|0|S|0|S|0|S|0|S
01|00|0100000US|United States||28|Paper or paperboard articles|30|z|Unknown mode|06|500 - 749 miles|2022|0|S|0|S|0|S|0|S
01|00|0100000US|United States||28|Paper or paperboard articles|30|z|Unknown mode|07|750 - 999 miles|2022|0|S|0|S|0|S|0|S
01|00|0100000US|United States||28|Paper or paperboard articles|30|z|Unknown mode|08|1,000 - 1,499 miles|2022|0|S|0|S|0|S|0|S
01|00|0100000US|United States||28|Paper or paperboard articles|30|z|Unknown mode|09|1,500 - 1,999 miles|2022|14||0|S|32.3||0|S
01|00|0100000US|United States||28|Paper or paperboard articles|30|z|Unknown mode|10|2,000 miles or more|2022|0|S|0|S|0|S|0|S
01|00|0100000US|United States||29|Printed products|00||All modes|001|Total|2022|139074||27229||5.5||11.1|
01|00|0100000US|United States||29|Printed products|00||All modes|02|Less than 50 miles|2022|39320||6245||8.7||13.9|
01|00|0100000US|United States||29|Printed products|00||All modes|03|50 - 99 miles|2022|8831||1905||7.8||12.4|
01|00|0100000US|United States||29|Printed products|00||All modes|04|100 - 249 miles|2022|17625||3643||4.5||11.9|
01|00|0100000US|United States||29|Printed products|00||All modes|05|250 - 499 miles|2022|19840||4467||7.6||17|
01|00|0100000US|United States||29|Printed products|00||All modes|06|500 - 749 miles|2022|16677||4480||7.6||30.6|
01|00|0100000US|United States||29|Printed products|00||All modes|07|750 - 999 miles|2022|10406||2224||7.6||23|
01|00|0100000US|United States||29|Printed products|00||All modes|08|1,000 - 1,499 miles|2022|9772||1985||5||24.1|
01|00|0100000US|United States||29|Printed products|00||All modes|09|1,500 - 1,999 miles|2022|9985||1563||33.6||20.4|
01|00|0100000US|United States||29|Printed products|00||All modes|10|2,000 miles or more|2022|6617||716||7.9||22.9|
01|00|0100000US|United States||29|Printed products|10||Single modes|001|Total|2022|96924||22899||5.9||11.7|
01|00|0100000US|United States||29|Printed products|10||Single modes|02|Less than 50 miles|2022|33230||5743||8.8||14.9|
01|00|0100000US|United States||29|Printed products|10||Single modes|03|50 - 99 miles|2022|6740||1737||11.2||14.3|
01|00|0100000US|United States||29|Printed products|10||Single modes|04|100 - 249 miles|2022|12239||3150||4.8||14.5|
01|00|0100000US|United States||29|Printed products|10||Single modes|05|250 - 499 miles|2022|13415||3945||8||19.9|
01|00|0100000US|United States||29|Printed products|10||Single modes|06|500 - 749 miles|2022|11073||3810||10.2||33|
01|00|0100000US|United States||29|Printed products|10||Single modes|07|750 - 999 miles|2022|5671||1375||8.7||16.4|
01|00|0100000US|United States||29|Printed products|10||Single modes|08|1,000 - 1,499 miles|2022|4553||1450||7.9||29.4|
01|00|0100000US|United States||29|Printed products|10||Single modes|09|1,500 - 1,999 miles|2022|7032||1240||47.9||24.3|
01|00|0100000US|United States||29|Printed products|10||Single modes|10|2,000 miles or more|2022|2972||451||15.3||32.4|
01|00|0100000US|United States||29|Printed products|11|n|Truck|001|Total|2022|96003||22517||6||11.2|
01|00|0100000US|United States||29|Printed products|11|n|Truck|02|Less than 50 miles|2022|33144||5724||8.9||14.9|
01|00|0100000US|United States||29|Printed products|11|n|Truck|03|50 - 99 miles|2022|6735||1720||11.2||14.6|
01|00|0100000US|United States||29|Printed products|11|n|Truck|04|100 - 249 miles|2022|12220||3146||4.8||14.4|
01|00|0100000US|United States||29|Printed products|11|n|Truck|05|250 - 499 miles|2022|13332||3871||8.1||19.7|
01|00|0100000US|United States||29|Printed products|11|n|Truck|06|500 - 749 miles|2022|11024||3801||10.3||33.1|
01|00|0100000US|United States||29|Printed products|11|n|Truck|07|750 - 999 miles|2022|5614||1350||8.8||16.8|
01|00|0100000US|United States||29|Printed products|11|n|Truck|08|1,000 - 1,499 miles|2022|4406||1362||8.2||26.4|
01|00|0100000US|United States||29|Printed products|11|n|Truck|09|1,500 - 1,999 miles|2022|6870||1113||49.3||26.7|
01|00|0100000US|United States||29|Printed products|11|n|Truck|10|2,000 miles or more|2022|2658||432||15.7||34.2|
01|00|0100000US|United States||29|Printed products|111||For-hire truck|001|Total|2022|69295||17568||8.7||14.3|
01|00|0100000US|United States||29|Printed products|111||For-hire truck|02|Less than 50 miles|2022|15964||2631||13.7||16.1|
01|00|0100000US|United States||29|Printed products|111||For-hire truck|03|50 - 99 miles|2022|4700||1232||15.9||18.9|
01|00|0100000US|United States||29|Printed products|111||For-hire truck|04|100 - 249 miles|2022|8515||2436||6||17.3|
01|00|0100000US|United States||29|Printed products|111||For-hire truck|05|250 - 499 miles|2022|11459||3562||8.3||22.2|
01|00|0100000US|United States||29|Printed products|111||For-hire truck|06|500 - 749 miles|2022|10049||3657||10.1||34.5|
01|00|0100000US|United States||29|Printed products|111||For-hire truck|07|750 - 999 miles|2022|5337||1263||9.5||18.4|
01|00|0100000US|United States||29|Printed products|111||For-hire truck|08|1,000 - 1,499 miles|2022|4041||1292||8.2||27.4|
01|00|0100000US|United States||29|Printed products|111||For-hire truck|09|1,500 - 1,999 miles|2022|0|S|1091||0|S|27.2|
01|00|0100000US|United States||29|Printed products|111||For-hire truck|10|2,000 miles or more|2022|2481||404||17.8||37.5|
01|00|0100000US|United States||29|Printed products|112||Company-owned truck|001|Total|2022|22980||4184||8.3||20.5|
01|00|0100000US|United States||29|Printed products|112||Company-owned truck|02|Less than 50 miles|2022|14870||2781||11.6||29.3|
01|00|0100000US|United States||29|Printed products|112||Company-owned truck|03|50 - 99 miles|2022|1805||437||5.5||25.2|
01|00|0100000US|United States||29|Printed products|112||Company-owned truck|04|100 - 249 miles|2022|3462||641||17.7||18.4|
01|00|0100000US|United States||29|Printed products|112||Company-owned truck|05|250 - 499 miles|2022|1480||155||15.5||11.4|
01|00|0100000US|United States||29|Printed products|112||Company-owned truck|06|500 - 749 miles|2022|834||87||35.4||31.6|
01|00|0100000US|United States||29|Printed products|112||Company-owned truck|07|750 - 999 miles|2022|100||0|S|39.5||0|S
01|00|0100000US|United States||29|Printed products|112||Company-owned truck|08|1,000 - 1,499 miles|2022|231||27||28.7||29.7|
01|00|0100000US|United States||29|Printed products|112||Company-owned truck|09|1,500 - 1,999 miles|2022|0|S|0|S|0|S|0|S
01|00|0100000US|United States||29|Printed products|112||Company-owned truck|10|2,000 miles or more|2022|127||15||35.5||36.6|
01|00|0100000US|United States||29|Printed products|113|o|Customer pick-up|001|Total|2022|3728||765||11.6||14.2|
01|00|0100000US|United States||29|Printed products|113|o|Customer pick-up|02|Less than 50 miles|2022|2311||311||18.9||11|
01|00|0100000US|United States||29|Printed products|113|o|Customer pick-up|03|50 - 99 miles|2022|229||51||23.9||36.6|
01|00|0100000US|United States||29|Printed products|113|o|Customer pick-up|04|100 - 249 miles|2022|243||69||18.6||27.4|
01|00|0100000US|United States||29|Printed products|113|o|Customer pick-up|05|250 - 499 miles|2022|393||154||24.3||48.4|
01|00|0100000US|United States||29|Printed products|113|o|Customer pick-up|06|500 - 749 miles|2022|141||57||25.7||26.7|
01|00|0100000US|United States||29|Printed products|113|o|Customer pick-up|07|750 - 999 miles|2022|177||52||28.5||43.7|
01|00|0100000US|United States||29|Printed products|113|o|Customer pick-up|08|1,000 - 1,499 miles|2022|135||43||33.9||32.2|
01|00|0100000US|United States||29|Printed products|113|o|Customer pick-up|09|1,500 - 1,999 miles|2022|50||16||27.4||33.9|
01|00|0100000US|United States||29|Printed products|113|o|Customer pick-up|10|2,000 miles or more|2022|49||13||39.5||44.7|
01|00|0100000US|United States||29|Printed products|12||Rail|001|Total|2022|349||0|S|37.9||0|S
01|00|0100000US|United States||29|Printed products|12||Rail|02|Less than 50 miles|2022|0|S|19||0|S|40.2|
01|00|0100000US|United States||29|Printed products|12||Rail|03|50 - 99 miles|2022|0|S|0|S|0|S|0|S
01|00|0100000US|United States||29|Printed products|12||Rail|04|100 - 249 miles|2022|6||0|S|19.1||0|S
01|00|0100000US|United States||29|Printed products|12||Rail|05|250 - 499 miles|2022|0|S|0|S|0|S|0|S
01|00|0100000US|United States||29|Printed products|12||Rail|06|500 - 749 miles|2022|0|S|0|S|0|S|0|S
01|00|0100000US|United States||29|Printed products|12||Rail|07|750 - 999 miles|2022|0|S|20||0|S|46.4|
01|00|0100000US|United States||29|Printed products|12||Rail|08|1,000 - 1,499 miles|2022|0|S|0|S|0|S|0|S
01|00|0100000US|United States||29|Printed products|12||Rail|09|1,500 - 1,999 miles|2022|0|S|0|S|0|S|0|S
01|00|0100000US|United States||29|Printed products|12||Rail|10|2,000 miles or more|2022|0|S|0|S|0|S|0|S
01|00|0100000US|United States||29|Printed products|13||Water|001|Total|2022|0|S|0|S|0|S|0|S
01|00|0100000US|United States||29|Printed products|13||Water|06|500 - 749 miles|2022|0|S|0|S|0|S|0|S
01|00|0100000US|United States||29|Printed products|13||Water|08|1,000 - 1,499 miles|2022|0|S|0|S|0|S|0|S
01|00|0100000US|United States||29|Printed products|131||Inland water|001|Total|2022|0|S|0|S|0|S|0|S
01|00|0100000US|United States||29|Printed products|131||Inland water|06|500 - 749 miles|2022|0|S|0|S|0|S|0|S
01|00|0100000US|United States||29|Printed products|133||Deep sea|001|Total|2022|0|S|0|S|0|S|0|S
01|00|0100000US|United States||29|Printed products|133||Deep sea|08|1,000 - 1,499 miles|2022|0|S|0|S|0|S|0|S
01|00|0100000US|United States||29|Printed products|14||Air (includes truck and air)|001|Total|2022|572||55||21.3||30.6|
01|00|0100000US|United States||29|Printed products|14||Air (includes truck and air)|02|Less than 50 miles|2022|1||0|S|41.8||0|S
01|00|0100000US|United States||29|Printed products|14||Air (includes truck and air)|03|50 - 99 miles|2022|0|S|0|S|0|S|0|S
01|00|0100000US|United States||29|Printed products|14||Air (includes truck and air)|04|100 - 249 miles|2022|14||1||25.3||31.1|
01|00|0100000US|United States||29|Printed products|14||Air (includes truck and air)|05|250 - 499 miles|2022|43||0|S|31.7||0|S
01|00|0100000US|United States||29|Printed products|14||Air (includes truck and air)|06|500 - 749 miles|2022|43||2||25.5||28.2|
01|00|0100000US|United States||29|Printed products|14||Air (includes truck and air)|07|750 - 999 miles|2022|0|S|0|S|0|S|0|S
01|00|0100000US|United States||29|Printed products|14||Air (includes truck and air)|08|1,000 - 1,499 miles|2022|101||9||31||29.5|
01|00|0100000US|United States||29|Printed products|14||Air (includes truck and air)|09|1,500 - 1,999 miles|2022|23||0|S|39.9||0|S
01|00|0100000US|United States||29|Printed products|14||Air (includes truck and air)|10|2,000 miles or more|2022|312||17||35.2||23.6|
01|00|0100000US|United States||29|Printed products|20||Multiple modes|001|Total|2022|40689||3946||6.4||14.6|
01|00|0100000US|United States||29|Printed products|20||Multiple modes|02|Less than 50 miles|2022|5698||394||10.9||18.8|
01|00|0100000US|United States||29|Printed products|20||Multiple modes|03|50 - 99 miles|2022|2054||155||13.3||24.7|
01|00|0100000US|United States||29|Printed products|20||Multiple modes|04|100 - 249 miles|2022|5222||448||9.9||18|
01|00|0100000US|United States||29|Printed products|20||Multiple modes|05|250 - 499 miles|2022|6138||453||9.6||10.1|
01|00|0100000US|United States||29|Printed products|20||Multiple modes|06|500 - 749 miles|2022|5498||639||10.8||22|
01|00|0100000US|United States||29|Printed products|20||Multiple modes|07|750 - 999 miles|2022|4619||0|S|9.1||0|S
01|00|0100000US|United States||29|Printed products|20||Multiple modes|08|1,000 - 1,499 miles|2022|5021||483||6.6||13.5|
01|00|0100000US|United States||29|Printed products|20||Multiple modes|09|1,500 - 1,999 miles|2022|2855||316||9.2||22.2|
01|00|0100000US|United States||29|Printed products|20||Multiple modes|10|2,000 miles or more|2022|3584||256||7.2||10.6|
01|00|0100000US|United States||29|Printed products|21||Parcel, U.S.P.S. or courier|001|Total|2022|38691||2537||7||8.3|
01|00|0100000US|United States||29|Printed products|21||Parcel, U.S.P.S. or courier|02|Less than 50 miles|2022|5067||289||9.7||10.8|
01|00|0100000US|United States||29|Printed products|21||Parcel, U.S.P.S. or courier|03|50 - 99 miles|2022|2007||123||12.7||14.8|
01|00|0100000US|United States||29|Printed products|21||Parcel, U.S.P.S. or courier|04|100 - 249 miles|2022|5175||343||10||10.8|
01|00|0100000US|United States||29|Printed products|21||Parcel, U.S.P.S. or courier|05|250 - 499 miles|2022|6103||422||9.4||10.1|
01|00|0100000US|United States||29|Printed products|21||Parcel, U.S.P.S. or courier|06|500 - 749 miles|2022|5333||373||10.5||10.5|
01|00|0100000US|United States||29|Printed products|21||Parcel, U.S.P.S. or courier|07|750 - 999 miles|2022|4258||284||9.7||10.8|
01|00|0100000US|United States||29|Printed products|21||Parcel, U.S.P.S. or courier|08|1,000 - 1,499 miles|2022|4772||325||7.2||10.3|
01|00|0100000US|United States||29|Printed products|21||Parcel, U.S.P.S. or courier|09|1,500 - 1,999 miles|2022|2759||181||9.8||10.7|
01|00|0100000US|United States||29|Printed products|21||Parcel, U.S.P.S. or courier|10|2,000 miles or more|2022|3217||199||9||7.2|
01|00|0100000US|United States||29|Printed products|22||Truck and rail|001|Total|2022|1869||1392||31||47.9|
01|00|0100000US|United States||29|Printed products|22||Truck and rail|02|Less than 50 miles|2022|0|S|104||0|S|48.4|
01|00|0100000US|United States||29|Printed products|22||Truck and rail|03|50 - 99 miles|2022|0|S|0|S|0|S|0|S
01|00|0100000US|United States||29|Printed products|22||Truck and rail|04|100 - 249 miles|2022|36||0|S|29.5||0|S
01|00|0100000US|United States||29|Printed products|22||Truck and rail|05|250 - 499 miles|2022|0|S|0|S|0|S|0|S
01|00|0100000US|United States||29|Printed products|22||Truck and rail|06|500 - 749 miles|2022|163||0|S|38.2||0|S
01|00|0100000US|United States||29|Printed products|22||Truck and rail|07|750 - 999 miles|2022|0|S|0|S|0|S|0|S
01|00|0100000US|United States||29|Printed products|22||Truck and rail|08|1,000 - 1,499 miles|2022|0|S|155||0|S|38.8|
01|00|0100000US|United States||29|Printed products|22||Truck and rail|09|1,500 - 1,999 miles|2022|0|S|135||0|S|42.5|
01|00|0100000US|United States||29|Printed products|22||Truck and rail|10|2,000 miles or more|2022|319||50||44.5||45.8|
01|00|0100000US|United States||29|Printed products|23||Truck and water|001|Total|2022|129||17||32.8||30.6|
01|00|0100000US|United States||29|Printed products|23||Truck and water|02|Less than 50 miles|2022|0|S|0|S|0|S|0|S
01|00|0100000US|United States||29|Printed products|23||Truck and water|03|50 - 99 miles|2022|0|S|0|Z|0|S|36.1|
01|00|0100000US|United States||29|Printed products|23||Truck and water|04|100 - 249 miles|2022|0|S|0|S|0|S|0|S
01|00|0100000US|United States||29|Printed products|23||Truck and water|05|250 - 499 miles|2022|0|S|0|S|0|S|0|S
01|00|0100000US|United States||29|Printed products|23||Truck and water|06|500 - 749 miles|2022|0|S|0|S|0|S|0|S
01|00|0100000US|United States||29|Printed products|23||Truck and water|07|750 - 999 miles|2022|0|S|0|S|0|S|0|S
01|00|0100000US|United States||29|Printed products|23||Truck and water|08|1,000 - 1,499 miles|2022|0|S|0|S|0|S|0|S
01|00|0100000US|United States||29|Printed products|23||Truck and water|09|1,500 - 1,999 miles|2022|0|S|0|S|0|S|0|S
01|00|0100000US|United States||29|Printed products|23||Truck and water|10|2,000 miles or more|2022|0|S|0|S|0|S|0|S
01|00|0100000US|United States||29|Printed products|24||Rail and water|001|Total|2022|0|S|0|S|0|S|0|S
01|00|0100000US|United States||29|Printed products|24||Rail and water|05|250 - 499 miles|2022|0|S|0|S|0|S|0|S
01|00|0100000US|United States||29|Printed products|24||Rail and water|06|500 - 749 miles|2022|0|S|0|S|0|S|0|S
01|00|0100000US|United States||29|Printed products|24||Rail and water|07|750 - 999 miles|2022|0|S|0|S|0|S|0|S
01|00|0100000US|United States||29|Printed products|25|x|Other multiple modes|001|Total|2022|0|S|0|S|0|S|0|S
01|00|0100000US|United States||29|Printed products|25|x|Other multiple modes|05|250 - 499 miles|2022|0|S|0|S|0|S|0|S
01|00|0100000US|United States||29|Printed products|25|x|Other multiple modes|10|2,000 miles or more|2022|0|S|0|S|0|S|0|S
01|00|0100000US|United States||29|Printed products|30|z|Unknown mode|001|Total|2022|1461||384||23.6||28.8|
01|00|0100000US|United States||29|Printed products|30|z|Unknown mode|02|Less than 50 miles|2022|392||108||35||40|
01|00|0100000US|United States||29|Printed products|30|z|Unknown mode|03|50 - 99 miles|2022|38||13||20.2||39.3|
01|00|0100000US|United States||29|Printed products|30|z|Unknown mode|04|100 - 249 miles|2022|164||46||40.4||46.2|
01|00|0100000US|United States||29|Printed products|30|z|Unknown mode|05|250 - 499 miles|2022|287||70||35.9||40.6|
01|00|0100000US|United States||29|Printed products|30|z|Unknown mode|06|500 - 749 miles|2022|106||32||23.4||31.8|
01|00|0100000US|United States||29|Printed products|30|z|Unknown mode|07|750 - 999 miles|2022|117||46||30.5||47.2|
01|00|0100000US|United States||29|Printed products|30|z|Unknown mode|08|1,000 - 1,499 miles|2022|198||53||45.5||43.6|
01|00|0100000US|United States||29|Printed products|30|z|Unknown mode|09|1,500 - 1,999 miles|2022|0|S|7||0|S|46.2|
01|00|0100000US|United States||29|Printed products|30|z|Unknown mode|10|2,000 miles or more|2022|61||10||43.9||48.7|
01|00|0100000US|United States||30|Textiles, leather, and articles of textiles or leather|00||All modes|001|Total|2022|685176||46768||7||7|
01|00|0100000US|United States||30|Textiles, leather, and articles of textiles or leather|00||All modes|02|Less than 50 miles|2022|98934||10241||7.2||11.2|
01|00|0100000US|United States||30|Textiles, leather, and articles of textiles or leather|00||All modes|03|50 - 99 miles|2022|44418||3110||12.1||12|
01|00|0100000US|United States||30|Textiles, leather, and articles of textiles or leather|00||All modes|04|100 - 249 miles|2022|101560||6313||8.3||7.9|
01|00|0100000US|United States||30|Textiles, leather, and articles of textiles or leather|00||All modes|05|250 - 499 miles|2022|110770||7229||8||5.7|
01|00|0100000US|United States||30|Textiles, leather, and articles of textiles or leather|00||All modes|06|500 - 749 miles|2022|90922||6084||10.6||10.1|
01|00|0100000US|United States||30|Textiles, leather, and articles of textiles or leather|00||All modes|07|750 - 999 miles|2022|67438||3563||11.2||10.2|
01|00|0100000US|United States||30|Textiles, leather, and articles of textiles or leather|00||All modes|08|1,000 - 1,499 miles|2022|58922||3290||8.7||9.5|
01|00|0100000US|United States||30|Textiles, leather, and articles of textiles or leather|00||All modes|09|1,500 - 1,999 miles|2022|48687||3042||9.2||15.3|
01|00|0100000US|United States||30|Textiles, leather, and articles of textiles or leather|00||All modes|10|2,000 miles or more|2022|63525||3897||12.5||16.3|
01|00|0100000US|United States||30|Textiles, leather, and articles of textiles or leather|10||Single modes|001|Total|2022|382697||34440||9.9||8.2|
01|00|0100000US|United States||30|Textiles, leather, and articles of textiles or leather|10||Single modes|02|Less than 50 miles|2022|76149||9160||10||12.2|
01|00|0100000US|United States||30|Textiles, leather, and articles of textiles or leather|10||Single modes|03|50 - 99 miles|2022|29353||2677||8.5||14.2|
01|00|0100000US|United States||30|Textiles, leather, and articles of textiles or leather|10||Single modes|04|100 - 249 miles|2022|65757||4940||11.6||8.8|
01|00|0100000US|United States||30|Textiles, leather, and articles of textiles or leather|10||Single modes|05|250 - 499 miles|2022|59871||5229||13.5||7.4|
01|00|0100000US|United States||30|Textiles, leather, and articles of textiles or leather|10||Single modes|06|500 - 749 miles|2022|48532||4548||17.7||12|
01|00|0100000US|United States||30|Textiles, leather, and articles of textiles or leather|10||Single modes|07|750 - 999 miles|2022|30647||2315||22.1||15.1|
01|00|0100000US|United States||30|Textiles, leather, and articles of textiles or leather|10||Single modes|08|1,000 - 1,499 miles|2022|21768||1958||8.4||12.3|
01|00|0100000US|United States||30|Textiles, leather, and articles of textiles or leather|10||Single modes|09|1,500 - 1,999 miles|2022|24712||1820||13.5||15|
01|00|0100000US|United States||30|Textiles, leather, and articles of textiles or leather|10||Single modes|10|2,000 miles or more|2022|25908||1793||17.6||23.3|
01|00|0100000US|United States||30|Textiles, leather, and articles of textiles or leather|11|n|Truck|001|Total|2022|377902||34147||10.1||8.3|
01|00|0100000US|United States||30|Textiles, leather, and articles of textiles or leather|11|n|Truck|02|Less than 50 miles|2022|76072||9148||10||12.3|
01|00|0100000US|United States||30|Textiles, leather, and articles of textiles or leather|11|n|Truck|03|50 - 99 miles|2022|29341||2673||8.5||14.2|
01|00|0100000US|United States||30|Textiles, leather, and articles of textiles or leather|11|n|Truck|04|100 - 249 miles|2022|65459||4908||11.7||8.9|
01|00|0100000US|United States||30|Textiles, leather, and articles of textiles or leather|11|n|Truck|05|250 - 499 miles|2022|59027||5171||13.8||7.6|
01|00|0100000US|United States||30|Textiles, leather, and articles of textiles or leather|11|n|Truck|06|500 - 749 miles|2022|48175||4523||17.9||12|
01|00|0100000US|United States||30|Textiles, leather, and articles of textiles or leather|11|n|Truck|07|750 - 999 miles|2022|30244||2267||22.6||15.8|
01|00|0100000US|United States||30|Textiles, leather, and articles of textiles or leather|11|n|Truck|08|1,000 - 1,499 miles|2022|21340||1940||8.5||12.3|
01|00|0100000US|United States||30|Textiles, leather, and articles of textiles or leather|11|n|Truck|09|1,500 - 1,999 miles|2022|23878||1775||13.9||15.3|
01|00|0100000US|United States||30|Textiles, leather, and articles of textiles or leather|11|n|Truck|10|2,000 miles or more|2022|24366||1742||19.1||23.6|
01|00|0100000US|United States||30|Textiles, leather, and articles of textiles or leather|111||For-hire truck|001|Total|2022|258551||23398||14.3||10.6|
01|00|0100000US|United States||30|Textiles, leather, and articles of textiles or leather|111||For-hire truck|02|Less than 50 miles|2022|34198||4455||18.8||19.3|
01|00|0100000US|United States||30|Textiles, leather, and articles of textiles or leather|111||For-hire truck|03|50 - 99 miles|2022|12468||1388||9.8||23.7|
01|00|0100000US|United States||30|Textiles, leather, and articles of textiles or leather|111||For-hire truck|04|100 - 249 miles|2022|41802||3079||18||11.5|
01|00|0100000US|United States||30|Textiles, leather, and articles of textiles or leather|111||For-hire truck|05|250 - 499 miles|2022|42300||3882||19||8.8|
01|00|0100000US|United States||30|Textiles, leather, and articles of textiles or leather|111||For-hire truck|06|500 - 749 miles|2022|41687||3967||20.6||13.1|
01|00|0100000US|United States||30|Textiles, leather, and articles of textiles or leather|111||For-hire truck|07|750 - 999 miles|2022|27234||1947||25.4||17.7|
01|00|0100000US|United States||30|Textiles, leather, and articles of textiles or leather|111||For-hire truck|08|1,000 - 1,499 miles|2022|18222||1722||8.8||13.9|
01|00|0100000US|United States||30|Textiles, leather, and articles of textiles or leather|111||For-hire truck|09|1,500 - 1,999 miles|2022|21131||1535||16||18|
01|00|0100000US|United States||30|Textiles, leather, and articles of textiles or leather|111||For-hire truck|10|2,000 miles or more|2022|19510||1423||24.4||24.1|
01|00|0100000US|United States||30|Textiles, leather, and articles of textiles or leather|112||Company-owned truck|001|Total|2022|98436||8364||4.2||9.5|
01|00|0100000US|United States||30|Textiles, leather, and articles of textiles or leather|112||Company-owned truck|02|Less than 50 miles|2022|35569||4198||8||10.8|
01|00|0100000US|United States||30|Textiles, leather, and articles of textiles or leather|112||Company-owned truck|03|50 - 99 miles|2022|14981||1112||9.9||12.2|
01|00|0100000US|United States||30|Textiles, leather, and articles of textiles or leather|112||Company-owned truck|04|100 - 249 miles|2022|22186||1605||4.9||13.8|
01|00|0100000US|United States||30|Textiles, leather, and articles of textiles or leather|112||Company-owned truck|05|250 - 499 miles|2022|13856||793||6.5||7.9|
01|00|0100000US|United States||30|Textiles, leather, and articles of textiles or leather|112||Company-owned truck|06|500 - 749 miles|2022|4815||346||6.1||18.1|
01|00|0100000US|United States||30|Textiles, leather, and articles of textiles or leather|112||Company-owned truck|07|750 - 999 miles|2022|1894||119||12||11.9|
01|00|0100000US|United States||30|Textiles, leather, and articles of textiles or leather|112||Company-owned truck|08|1,000 - 1,499 miles|2022|1494||67||16.9||21.2|
01|00|0100000US|United States||30|Textiles, leather, and articles of textiles or leather|112||Company-owned truck|09|1,500 - 1,999 miles|2022|1326||50||18.5||17.8|
01|00|0100000US|United States||30|Textiles, leather, and articles of textiles or leather|112||Company-owned truck|10|2,000 miles or more|2022|2315||73||23.1||21.5|
01|00|0100000US|United States||30|Textiles, leather, and articles of textiles or leather|113|o|Customer pick-up|001|Total|2022|20915||2385||14.7||12.8|
01|00|0100000US|United States||30|Textiles, leather, and articles of textiles or leather|113|o|Customer pick-up|02|Less than 50 miles|2022|6305||494||12.8||13.3|
01|00|0100000US|United States||30|Textiles, leather, and articles of textiles or leather|113|o|Customer pick-up|03|50 - 99 miles|2022|1892||172||32.2||32.9|
01|00|0100000US|United States||30|Textiles, leather, and articles of textiles or leather|113|o|Customer pick-up|04|100 - 249 miles|2022|1471||224||13.3||20|
01|00|0100000US|United States||30|Textiles, leather, and articles of textiles or leather|113|o|Customer pick-up|05|250 - 499 miles|2022|2872||496||22||19.4|
01|00|0100000US|United States||30|Textiles, leather, and articles of textiles or leather|113|o|Customer pick-up|06|500 - 749 miles|2022|1673||211||23.2||16.3|
01|00|0100000US|United States||30|Textiles, leather, and articles of textiles or leather|113|o|Customer pick-up|07|750 - 999 miles|2022|1116||200||20.1||15.3|
01|00|0100000US|United States||30|Textiles, leather, and articles of textiles or leather|113|o|Customer pick-up|08|1,000 - 1,499 miles|2022|1624||151||21.3||13.3|
01|00|0100000US|United States||30|Textiles, leather, and articles of textiles or leather|113|o|Customer pick-up|09|1,500 - 1,999 miles|2022|1421||189||28.6||20.1|
01|00|0100000US|United States||30|Textiles, leather, and articles of textiles or leather|113|o|Customer pick-up|10|2,000 miles or more|2022|2541||246||33.8||44.5|
01|00|0100000US|United States||30|Textiles, leather, and articles of textiles or leather|12||Rail|001|Total|2022|546||152||32.4||19.7|
01|00|0100000US|United States||30|Textiles, leather, and articles of textiles or leather|12||Rail|02|Less than 50 miles|2022|0|S|0|S|0|S|0|S
01|00|0100000US|United States||30|Textiles, leather, and articles of textiles or leather|12||Rail|03|50 - 99 miles|2022|0|S|0|S|0|S|0|S
01|00|0100000US|United States||30|Textiles, leather, and articles of textiles or leather|12||Rail|04|100 - 249 miles|2022|86||19||46.3||49.8|
01|00|0100000US|United States||30|Textiles, leather, and articles of textiles or leather|12||Rail|05|250 - 499 miles|2022|0|S|20||0|S|35.6|
01|00|0100000US|United States||30|Textiles, leather, and articles of textiles or leather|12||Rail|06|500 - 749 miles|2022|0|S|0|S|0|S|0|S
01|00|0100000US|United States||30|Textiles, leather, and articles of textiles or leather|12||Rail|07|750 - 999 miles|2022|68||38||45.2||40.7|
01|00|0100000US|United States||30|Textiles, leather, and articles of textiles or leather|12||Rail|08|1,000 - 1,499 miles|2022|65||0|S|49.3||0|S
01|00|0100000US|United States||30|Textiles, leather, and articles of textiles or leather|12||Rail|09|1,500 - 1,999 miles|2022|0|S|26||0|S|33.2|
01|00|0100000US|United States||30|Textiles, leather, and articles of textiles or leather|12||Rail|10|2,000 miles or more|2022|0|S|12||0|S|36.1|
01|00|0100000US|United States||30|Textiles, leather, and articles of textiles or leather|13||Water|001|Total|2022|0|S|0|S|0|S|0|S
01|00|0100000US|United States||30|Textiles, leather, and articles of textiles or leather|13||Water|02|Less than 50 miles|2022|0|S|0|S|0|S|0|S
01|00|0100000US|United States||30|Textiles, leather, and articles of textiles or leather|13||Water|04|100 - 249 miles|2022|0|S|0|S|0|S|0|S
01|00|0100000US|United States||30|Textiles, leather, and articles of textiles or leather|13||Water|05|250 - 499 miles|2022|0|S|0|S|0|S|0|S
01|00|0100000US|United States||30|Textiles, leather, and articles of textiles or leather|13||Water|06|500 - 749 miles|2022|0|S|0|S|0|S|0|S
01|00|0100000US|United States||30|Textiles, leather, and articles of textiles or leather|13||Water|07|750 - 999 miles|2022|0|S|0|S|0|S|0|S
01|00|0100000US|United States||30|Textiles, leather, and articles of textiles or leather|13||Water|09|1,500 - 1,999 miles|2022|0|S|0|S|0|S|0|S
01|00|0100000US|United States||30|Textiles, leather, and articles of textiles or leather|131||Inland water|001|Total|2022|0|S|0|S|0|S|0|S
01|00|0100000US|United States||30|Textiles, leather, and articles of textiles or leather|131||Inland water|02|Less than 50 miles|2022|0|S|0|S|0|S|0|S
01|00|0100000US|United States||30|Textiles, leather, and articles of textiles or leather|133||Deep sea|001|Total|2022|0|S|0|S|0|S|0|S
01|00|0100000US|United States||30|Textiles, leather, and articles of textiles or leather|133||Deep sea|04|100 - 249 miles|2022|0|S|0|S|0|S|0|S
01|00|0100000US|United States||30|Textiles, leather, and articles of textiles or leather|133||Deep sea|05|250 - 499 miles|2022|0|S|0|S|0|S|0|S
01|00|0100000US|United States||30|Textiles, leather, and articles of textiles or leather|133||Deep sea|06|500 - 749 miles|2022|0|S|0|S|0|S|0|S
01|00|0100000US|United States||30|Textiles, leather, and articles of textiles or leather|133||Deep sea|07|750 - 999 miles|2022|0|S|0|S|0|S|0|S
01|00|0100000US|United States||30|Textiles, leather, and articles of textiles or leather|133||Deep sea|09|1,500 - 1,999 miles|2022|0|S|0|S|0|S|0|S
01|00|0100000US|United States||30|Textiles, leather, and articles of textiles or leather|14||Air (includes truck and air)|001|Total|2022|4239||136||20.6||20.5|
01|00|0100000US|United States||30|Textiles, leather, and articles of textiles or leather|14||Air (includes truck and air)|02|Less than 50 miles|2022|0|S|0|S|0|S|0|S
01|00|0100000US|United States||30|Textiles, leather, and articles of textiles or leather|14||Air (includes truck and air)|03|50 - 99 miles|2022|1||0|Z|18.7||33.3|
01|00|0100000US|United States||30|Textiles, leather, and articles of textiles or leather|14||Air (includes truck and air)|04|100 - 249 miles|2022|0|S|0|S|0|S|0|S
01|00|0100000US|United States||30|Textiles, leather, and articles of textiles or leather|14||Air (includes truck and air)|05|250 - 499 miles|2022|807||39||28.3||32.2|
01|00|0100000US|United States||30|Textiles, leather, and articles of textiles or leather|14||Air (includes truck and air)|06|500 - 749 miles|2022|347||12||25.7||49.4|
01|00|0100000US|United States||30|Textiles, leather, and articles of textiles or leather|14||Air (includes truck and air)|07|750 - 999 miles|2022|330||9||44.3||43.1|
01|00|0100000US|United States||30|Textiles, leather, and articles of textiles or leather|14||Air (includes truck and air)|08|1,000 - 1,499 miles|2022|363||8||19.5||23|
01|00|0100000US|United States||30|Textiles, leather, and articles of textiles or leather|14||Air (includes truck and air)|09|1,500 - 1,999 miles|2022|672||19||30.4||26.7|
01|00|0100000US|United States||30|Textiles, leather, and articles of textiles or leather|14||Air (includes truck and air)|10|2,000 miles or more|2022|1507||39||19.1||16.4|
01|00|0100000US|United States||30|Textiles, leather, and articles of textiles or leather|15||Pipeline|001|Total|2022|0|S|0|S|0|S|0|S
01|00|0100000US|United States||30|Textiles, leather, and articles of textiles or leather|15||Pipeline|04|100 - 249 miles|2022|0|S|0|S|0|S|0|S
01|00|0100000US|United States||30|Textiles, leather, and articles of textiles or leather|20||Multiple modes|001|Total|2022|300239||12125||11.5||10.7|
01|00|0100000US|United States||30|Textiles, leather, and articles of textiles or leather|20||Multiple modes|02|Less than 50 miles|2022|22261||1038||15.9||13.4|
01|00|0100000US|United States||30|Textiles, leather, and articles of textiles or leather|20||Multiple modes|03|50 - 99 miles|2022|14965||426||34.9||11.3|
01|00|0100000US|United States||30|Textiles, leather, and articles of textiles or leather|20||Multiple modes|04|100 - 249 miles|2022|35665||1363||5.7||6.8|
01|00|0100000US|United States||30|Textiles, leather, and articles of textiles or leather|20||Multiple modes|05|250 - 499 miles|2022|50647||1973||8.3||7|
01|00|0100000US|United States||30|Textiles, leather, and articles of textiles or leather|20||Multiple modes|06|500 - 749 miles|2022|42064||1507||11.7||8.5|
01|00|0100000US|United States||30|Textiles, leather, and articles of textiles or leather|20||Multiple modes|07|750 - 999 miles|2022|36530||1222||10.1||9.2|
01|00|0100000US|United States||30|Textiles, leather, and articles of textiles or leather|20||Multiple modes|08|1,000 - 1,499 miles|2022|36969||1312||14.5||12.3|
01|00|0100000US|United States||30|Textiles, leather, and articles of textiles or leather|20||Multiple modes|09|1,500 - 1,999 miles|2022|23837||1210||7.6||23.6|
01|00|0100000US|United States||30|Textiles, leather, and articles of textiles or leather|20||Multiple modes|10|2,000 miles or more|2022|37301||2074||20||29.8|
01|00|0100000US|United States||30|Textiles, leather, and articles of textiles or leather|21||Parcel, U.S.P.S. or courier|001|Total|2022|295082||10791||11.7||10.4|
01|00|0100000US|United States||30|Textiles, leather, and articles of textiles or leather|21||Parcel, U.S.P.S. or courier|02|Less than 50 miles|2022|21144||808||17.1||14.5|
01|00|0100000US|United States||30|Textiles, leather, and articles of textiles or leather|21||Parcel, U.S.P.S. or courier|03|50 - 99 miles|2022|14843||395||35.2||10.9|
01|00|0100000US|United States||30|Textiles, leather, and articles of textiles or leather|21||Parcel, U.S.P.S. or courier|04|100 - 249 miles|2022|34445||1195||6.7||5.1|
01|00|0100000US|United States||30|Textiles, leather, and articles of textiles or leather|21||Parcel, U.S.P.S. or courier|05|250 - 499 miles|2022|50344||1915||8.3||7.7|
01|00|0100000US|United States||30|Textiles, leather, and articles of textiles or leather|21||Parcel, U.S.P.S. or courier|06|500 - 749 miles|2022|41755||1366||11.7||7.8|
01|00|0100000US|United States||30|Textiles, leather, and articles of textiles or leather|21||Parcel, U.S.P.S. or courier|07|750 - 999 miles|2022|36408||1162||10.2||8|
01|00|0100000US|United States||30|Textiles, leather, and articles of textiles or leather|21||Parcel, U.S.P.S. or courier|08|1,000 - 1,499 miles|2022|36672||1228||14.8||13.3|
01|00|0100000US|United States||30|Textiles, leather, and articles of textiles or leather|21||Parcel, U.S.P.S. or courier|09|1,500 - 1,999 miles|2022|23284||1156||7.1||25.1|
01|00|0100000US|United States||30|Textiles, leather, and articles of textiles or leather|21||Parcel, U.S.P.S. or courier|10|2,000 miles or more|2022|36188||1566||19.3||24.6|
01|00|0100000US|United States||30|Textiles, leather, and articles of textiles or leather|22||Truck and rail|001|Total|2022|3079||684||34.1||23|
01|00|0100000US|United States||30|Textiles, leather, and articles of textiles or leather|22||Truck and rail|02|Less than 50 miles|2022|0|S|0|S|0|S|0|S
01|00|0100000US|United States||30|Textiles, leather, and articles of textiles or leather|22||Truck and rail|03|50 - 99 miles|2022|0|S|0|S|0|S|0|S
01|00|0100000US|United States||30|Textiles, leather, and articles of textiles or leather|22||Truck and rail|04|100 - 249 miles|2022|0|S|151||0|S|46.6|
01|00|0100000US|United States||30|Textiles, leather, and articles of textiles or leather|22||Truck and rail|05|250 - 499 miles|2022|194||47||40.1||41|
01|00|0100000US|United States||30|Textiles, leather, and articles of textiles or leather|22||Truck and rail|06|500 - 749 miles|2022|185||127||29.3||31.8|
01|00|0100000US|United States||30|Textiles, leather, and articles of textiles or leather|22||Truck and rail|07|750 - 999 miles|2022|71||47||35.8||46.8|
01|00|0100000US|United States||30|Textiles, leather, and articles of textiles or leather|22||Truck and rail|08|1,000 - 1,499 miles|2022|216||70||45||49.5|
01|00|0100000US|United States||30|Textiles, leather, and articles of textiles or leather|22||Truck and rail|09|1,500 - 1,999 miles|2022|0|S|48||0|S|47.1|
01|00|0100000US|United States||30|Textiles, leather, and articles of textiles or leather|22||Truck and rail|10|2,000 miles or more|2022|0|S|41||0|S|31.1|
01|00|0100000US|United States||30|Textiles, leather, and articles of textiles or leather|23||Truck and water|001|Total|2022|2056||0|S|42.7||0|S
01|00|0100000US|United States||30|Textiles, leather, and articles of textiles or leather|23||Truck and water|02|Less than 50 miles|2022|0|S|0|S|0|S|0|S
01|00|0100000US|United States||30|Textiles, leather, and articles of textiles or leather|23||Truck and water|03|50 - 99 miles|2022|0|S|0|S|0|S|0|S
01|00|0100000US|United States||30|Textiles, leather, and articles of textiles or leather|23||Truck and water|04|100 - 249 miles|2022|0|S|0|S|0|S|0|S
01|00|0100000US|United States||30|Textiles, leather, and articles of textiles or leather|23||Truck and water|05|250 - 499 miles|2022|0|S|0|S|0|S|0|S
01|00|0100000US|United States||30|Textiles, leather, and articles of textiles or leather|23||Truck and water|06|500 - 749 miles|2022|0|S|0|S|0|S|0|S
01|00|0100000US|United States||30|Textiles, leather, and articles of textiles or leather|23||Truck and water|07|750 - 999 miles|2022|0|S|0|S|0|S|0|S
01|00|0100000US|United States||30|Textiles, leather, and articles of textiles or leather|23||Truck and water|08|1,000 - 1,499 miles|2022|81||0|S|45.8||0|S
01|00|0100000US|United States||30|Textiles, leather, and articles of textiles or leather|23||Truck and water|09|1,500 - 1,999 miles|2022|0|S|0|S|0|S|0|S
01|00|0100000US|United States||30|Textiles, leather, and articles of textiles or leather|23||Truck and water|10|2,000 miles or more|2022|0|S|0|S|0|S|0|S
01|00|0100000US|United States||30|Textiles, leather, and articles of textiles or leather|24||Rail and water|001|Total|2022|2||0|S|28.9||0|S
01|00|0100000US|United States||30|Textiles, leather, and articles of textiles or leather|24||Rail and water|04|100 - 249 miles|2022|0|S|0|S|0|S|0|S
01|00|0100000US|United States||30|Textiles, leather, and articles of textiles or leather|24||Rail and water|05|250 - 499 miles|2022|0|S|0|S|0|S|0|S
01|00|0100000US|United States||30|Textiles, leather, and articles of textiles or leather|24||Rail and water|06|500 - 749 miles|2022|1||0|S|3.1||0|S
01|00|0100000US|United States||30|Textiles, leather, and articles of textiles or leather|24||Rail and water|08|1,000 - 1,499 miles|2022|0|S|0|S|0|S|0|S
01|00|0100000US|United States||30|Textiles, leather, and articles of textiles or leather|24||Rail and water|10|2,000 miles or more|2022|1||0|S|8.8||0|S
01|00|0100000US|United States||30|Textiles, leather, and articles of textiles or leather|25|x|Other multiple modes|001|Total|2022|0|S|0|S|0|S|0|S
01|00|0100000US|United States||30|Textiles, leather, and articles of textiles or leather|25|x|Other multiple modes|04|100 - 249 miles|2022|0|S|0|S|0|S|0|S
01|00|0100000US|United States||30|Textiles, leather, and articles of textiles or leather|25|x|Other multiple modes|09|1,500 - 1,999 miles|2022|0|S|0|S|0|S|0|S
01|00|0100000US|United States||30|Textiles, leather, and articles of textiles or leather|25|x|Other multiple modes|10|2,000 miles or more|2022|0|S|0|S|0|S|0|S
01|00|0100000US|United States||30|Textiles, leather, and articles of textiles or leather|30|z|Unknown mode|001|Total|2022|2239||204||17.8||21|
01|00|0100000US|United States||30|Textiles, leather, and articles of textiles or leather|30|z|Unknown mode|02|Less than 50 miles|2022|524||44||31.2||31|
01|00|0100000US|United States||30|Textiles, leather, and articles of textiles or leather|30|z|Unknown mode|03|50 - 99 miles|2022|100||7||30.1||35.1|
01|00|0100000US|United States||30|Textiles, leather, and articles of textiles or leather|30|z|Unknown mode|04|100 - 249 miles|2022|138||10||21.6||25.2|
01|00|0100000US|United States||30|Textiles, leather, and articles of textiles or leather|30|z|Unknown mode|05|250 - 499 miles|2022|252||26||20.3||44.3|
01|00|0100000US|United States||30|Textiles, leather, and articles of textiles or leather|30|z|Unknown mode|06|500 - 749 miles|2022|326||29||28||29|
01|00|0100000US|United States||30|Textiles, leather, and articles of textiles or leather|30|z|Unknown mode|07|750 - 999 miles|2022|261||26||37.7||27.1|
01|00|0100000US|United States||30|Textiles, leather, and articles of textiles or leather|30|z|Unknown mode|08|1,000 - 1,499 miles|2022|184||20||25.2||36.5|
01|00|0100000US|United States||30|Textiles, leather, and articles of textiles or leather|30|z|Unknown mode|09|1,500 - 1,999 miles|2022|138||13||17.4||35.9|
01|00|0100000US|United States||30|Textiles, leather, and articles of textiles or leather|30|z|Unknown mode|10|2,000 miles or more|2022|0|S|0|S|0|S|0|S
01|00|0100000US|United States||31|Non-metallic mineral products|00||All modes|001|Total|2022|257517||1192041||3.8||17.9|
01|00|0100000US|United States||31|Non-metallic mineral products|00||All modes|02|Less than 50 miles|2022|110337||852999||4.8||23.2|
01|00|0100000US|United States||31|Non-metallic mineral products|00||All modes|03|50 - 99 miles|2022|24808||107157||5.6||11.8|
01|00|0100000US|United States||31|Non-metallic mineral products|00||All modes|04|100 - 249 miles|2022|44626||126500||7||8.4|
01|00|0100000US|United States||31|Non-metallic mineral products|00||All modes|05|250 - 499 miles|2022|33894||57326||7.9||11.2|
01|00|0100000US|United States||31|Non-metallic mineral products|00||All modes|06|500 - 749 miles|2022|14997||19418||6||8.3|
01|00|0100000US|United States||31|Non-metallic mineral products|00||All modes|07|750 - 999 miles|2022|11125||10368||20.3||22.7|
01|00|0100000US|United States||31|Non-metallic mineral products|00||All modes|08|1,000 - 1,499 miles|2022|8817||12665||8.8||34.9|
01|00|0100000US|United States||31|Non-metallic mineral products|00||All modes|09|1,500 - 1,999 miles|2022|4364||3371||11.9||13.3|
01|00|0100000US|United States||31|Non-metallic mineral products|00||All modes|10|2,000 miles or more|2022|4548||2237||12.7||23.2|
01|00|0100000US|United States||31|Non-metallic mineral products|10||Single modes|001|Total|2022|240621||1097369||3.7||17.5|
01|00|0100000US|United States||31|Non-metallic mineral products|10||Single modes|02|Less than 50 miles|2022|105918||789477||5.1||22.4|
01|00|0100000US|United States||31|Non-metallic mineral products|10||Single modes|03|50 - 99 miles|2022|23616||102072||5.7||12.4|
01|00|0100000US|United States||31|Non-metallic mineral products|10||Single modes|04|100 - 249 miles|2022|42016||114320||7.4||9.3|
01|00|0100000US|United States||31|Non-metallic mineral products|10||Single modes|05|250 - 499 miles|2022|32114||48827||8||10.5|
01|00|0100000US|United States||31|Non-metallic mineral products|10||Single modes|06|500 - 749 miles|2022|13621||17148||6.7||10.2|
01|00|0100000US|United States||31|Non-metallic mineral products|10||Single modes|07|750 - 999 miles|2022|9552||9204||24.5||26|
01|00|0100000US|United States||31|Non-metallic mineral products|10||Single modes|08|1,000 - 1,499 miles|2022|7380||11708||10.8||37.3|
01|00|0100000US|United States||31|Non-metallic mineral products|10||Single modes|09|1,500 - 1,999 miles|2022|3494||2837||12.1||10.2|
01|00|0100000US|United States||31|Non-metallic mineral products|10||Single modes|10|2,000 miles or more|2022|2910||1778||16.7||25.4|
01|00|0100000US|United States||31|Non-metallic mineral products|11|n|Truck|001|Total|2022|236311||1007480||3.9||19.3|
01|00|0100000US|United States||31|Non-metallic mineral products|11|n|Truck|02|Less than 50 miles|2022|104427||735217||5.1||24.6|
01|00|0100000US|United States||31|Non-metallic mineral products|11|n|Truck|03|50 - 99 miles|2022|23424||86503||5.6||11.7|
01|00|0100000US|United States||31|Non-metallic mineral products|11|n|Truck|04|100 - 249 miles|2022|41146||103170||7.6||10|
01|00|0100000US|United States||31|Non-metallic mineral products|11|n|Truck|05|250 - 499 miles|2022|31582||44194||8.3||8|
01|00|0100000US|United States||31|Non-metallic mineral products|11|n|Truck|06|500 - 749 miles|2022|13380||15597||6.9||9.1|
01|00|0100000US|United States||31|Non-metallic mineral products|11|n|Truck|07|750 - 999 miles|2022|9343||8445||24.9||28.5|
01|00|0100000US|United States||31|Non-metallic mineral products|11|n|Truck|08|1,000 - 1,499 miles|2022|7155||10852||11.2||40.3|
01|00|0100000US|United States||31|Non-metallic mineral products|11|n|Truck|09|1,500 - 1,999 miles|2022|3166||1979||13.7||13.2|
01|00|0100000US|United States||31|Non-metallic mineral products|11|n|Truck|10|2,000 miles or more|2022|2687||1524||17.4||30.2|
01|00|0100000US|United States||31|Non-metallic mineral products|111||For-hire truck|001|Total|2022|130353||276542||3.4||6|
01|00|0100000US|United States||31|Non-metallic mineral products|111||For-hire truck|02|Less than 50 miles|2022|25655||86707||7.3||7.5|
01|00|0100000US|United States||31|Non-metallic mineral products|111||For-hire truck|03|50 - 99 miles|2022|13078||44835||8.8||10.2|
01|00|0100000US|United States||31|Non-metallic mineral products|111||For-hire truck|04|100 - 249 miles|2022|31435||75233||7.1||8.8|
01|00|0100000US|United States||31|Non-metallic mineral products|111||For-hire truck|05|250 - 499 miles|2022|27497||36101||7.7||7|
01|00|0100000US|United States||31|Non-metallic mineral products|111||For-hire truck|06|500 - 749 miles|2022|12221||14019||6.2||9|
01|00|0100000US|United States||31|Non-metallic mineral products|111||For-hire truck|07|750 - 999 miles|2022|8904||7818||25.7||30.8|
01|00|0100000US|United States||31|Non-metallic mineral products|111||For-hire truck|08|1,000 - 1,499 miles|2022|6413||8987||9.8||49.7|
01|00|0100000US|United States||31|Non-metallic mineral products|111||For-hire truck|09|1,500 - 1,999 miles|2022|2645||1579||8.5||14.2|
01|00|0100000US|United States||31|Non-metallic mineral products|111||For-hire truck|10|2,000 miles or more|2022|2504||1264||19.8||35.4|
01|00|0100000US|United States||31|Non-metallic mineral products|112||Company-owned truck|001|Total|2022|88334||642174||6.4||30.1|
01|00|0100000US|United States||31|Non-metallic mineral products|112||Company-owned truck|02|Less than 50 miles|2022|71682||603347||6.9||30.2|
01|00|0100000US|United States||31|Non-metallic mineral products|112||Company-owned truck|03|50 - 99 miles|2022|7824||25987||10||37.7|
01|00|0100000US|United States||31|Non-metallic mineral products|112||Company-owned truck|04|100 - 249 miles|2022|5567||8137||10.6||11.9|
01|00|0100000US|United States||31|Non-metallic mineral products|112||Company-owned truck|05|250 - 499 miles|2022|1462||2103||14.9||33.6|
01|00|0100000US|United States||31|Non-metallic mineral products|112||Company-owned truck|06|500 - 749 miles|2022|575||803||27.7||40.1|
01|00|0100000US|United States||31|Non-metallic mineral products|112||Company-owned truck|07|750 - 999 miles|2022|193||264||25.2||32.4|
01|00|0100000US|United States||31|Non-metallic mineral products|112||Company-owned truck|08|1,000 - 1,499 miles|2022|0|S|0|S|0|S|0|S
01|00|0100000US|United States||31|Non-metallic mineral products|112||Company-owned truck|09|1,500 - 1,999 miles|2022|0|S|0|S|0|S|0|S
01|00|0100000US|United States||31|Non-metallic mineral products|112||Company-owned truck|10|2,000 miles or more|2022|93||0|S|46.7||0|S
01|00|0100000US|United States||31|Non-metallic mineral products|113|o|Customer pick-up|001|Total|2022|17623||88764||11.1||19|
01|00|0100000US|United States||31|Non-metallic mineral products|113|o|Customer pick-up|02|Less than 50 miles|2022|7090||45163||11.3||24.3|
01|00|0100000US|United States||31|Non-metallic mineral products|113|o|Customer pick-up|03|50 - 99 miles|2022|2522||15682||19||23.6|
01|00|0100000US|United States||31|Non-metallic mineral products|113|o|Customer pick-up|04|100 - 249 miles|2022|4143||19799||22.7||21.4|
01|00|0100000US|United States||31|Non-metallic mineral products|113|o|Customer pick-up|05|250 - 499 miles|2022|2623||5990||41.8||45|
01|00|0100000US|United States||31|Non-metallic mineral products|113|o|Customer pick-up|06|500 - 749 miles|2022|584||774||15.5||19.9|
01|00|0100000US|United States||31|Non-metallic mineral products|113|o|Customer pick-up|07|750 - 999 miles|2022|246||363||29.7||27.6|
01|00|0100000US|United States||31|Non-metallic mineral products|113|o|Customer pick-up|08|1,000 - 1,499 miles|2022|238||758||25||39.2|
01|00|0100000US|United States||31|Non-metallic mineral products|113|o|Customer pick-up|09|1,500 - 1,999 miles|2022|86||118||19||26.2|
01|00|0100000US|United States||31|Non-metallic mineral products|113|o|Customer pick-up|10|2,000 miles or more|2022|90||115||27.5||47.6|
01|00|0100000US|United States||31|Non-metallic mineral products|12||Rail|001|Total|2022|3920||0|S|14.7||0|S
01|00|0100000US|United States||31|Non-metallic mineral products|12||Rail|02|Less than 50 miles|2022|1465||0|S|21.7||0|S
01|00|0100000US|United States||31|Non-metallic mineral products|12||Rail|03|50 - 99 miles|2022|191||0|S|36.9||0|S
01|00|0100000US|United States||31|Non-metallic mineral products|12||Rail|04|100 - 249 miles|2022|824||9990||23||37.2|
01|00|0100000US|United States||31|Non-metallic mineral products|12||Rail|05|250 - 499 miles|2022|439||3021||23.3||23.9|
01|00|0100000US|United States||31|Non-metallic mineral products|12||Rail|06|500 - 749 miles|2022|207||923||22.8||34.7|
01|00|0100000US|United States||31|Non-metallic mineral products|12||Rail|07|750 - 999 miles|2022|198||754||21.8||24.5|
01|00|0100000US|United States||31|Non-metallic mineral products|12||Rail|08|1,000 - 1,499 miles|2022|198||843||27.1||29.5|
01|00|0100000US|United States||31|Non-metallic mineral products|12||Rail|09|1,500 - 1,999 miles|2022|289||855||24.2||27.7|
01|00|0100000US|United States||31|Non-metallic mineral products|12||Rail|10|2,000 miles or more|2022|108||243||28.7||26.5|
01|00|0100000US|United States||31|Non-metallic mineral products|13||Water|001|Total|2022|0|S|0|S|0|S|0|S
01|00|0100000US|United States||31|Non-metallic mineral products|13||Water|02|Less than 50 miles|2022|18||1624||32.6||48.7|
01|00|0100000US|United States||31|Non-metallic mineral products|13||Water|03|50 - 99 miles|2022|0|S|0|S|0|S|0|S
01|00|0100000US|United States||31|Non-metallic mineral products|13||Water|04|100 - 249 miles|2022|0|S|0|S|0|S|0|S
01|00|0100000US|United States||31|Non-metallic mineral products|13||Water|05|250 - 499 miles|2022|0|S|0|S|0|S|0|S
01|00|0100000US|United States||31|Non-metallic mineral products|13||Water|06|500 - 749 miles|2022|0|S|0|S|0|S|0|S
01|00|0100000US|United States||31|Non-metallic mineral products|13||Water|07|750 - 999 miles|2022|0|S|0|S|0|S|0|S
01|00|0100000US|United States||31|Non-metallic mineral products|13||Water|09|1,500 - 1,999 miles|2022|0|S|0|S|0|S|0|S
01|00|0100000US|United States||31|Non-metallic mineral products|131||Inland water|001|Total|2022|38||3087||16.3||33.3|
01|00|0100000US|United States||31|Non-metallic mineral products|131||Inland water|02|Less than 50 miles|2022|18||1624||32.6||48.7|
01|00|0100000US|United States||31|Non-metallic mineral products|131||Inland water|04|100 - 249 miles|2022|0|S|0|S|0|S|0|S
01|00|0100000US|United States||31|Non-metallic mineral products|131||Inland water|05|250 - 499 miles|2022|10||0|S|44.5||0|S
01|00|0100000US|United States||31|Non-metallic mineral products|131||Inland water|06|500 - 749 miles|2022|0|S|0|S|0|S|0|S
01|00|0100000US|United States||31|Non-metallic mineral products|132||Great Lakes|001|Total|2022|0|S|0|S|0|S|0|S
01|00|0100000US|United States||31|Non-metallic mineral products|132||Great Lakes|04|100 - 249 miles|2022|0|S|0|S|0|S|0|S
01|00|0100000US|United States||31|Non-metallic mineral products|132||Great Lakes|05|250 - 499 miles|2022|0|S|0|S|0|S|0|S
01|00|0100000US|United States||31|Non-metallic mineral products|133||Deep sea|001|Total|2022|3||2||38.5||32.4|
01|00|0100000US|United States||31|Non-metallic mineral products|133||Deep sea|03|50 - 99 miles|2022|0|S|0|S|0|S|0|S
01|00|0100000US|United States||31|Non-metallic mineral products|133||Deep sea|04|100 - 249 miles|2022|2||1||39.9||41.6|
01|00|0100000US|United States||31|Non-metallic mineral products|133||Deep sea|07|750 - 999 miles|2022|0|S|0|S|0|S|0|S
01|00|0100000US|United States||31|Non-metallic mineral products|133||Deep sea|09|1,500 - 1,999 miles|2022|0|S|0|S|0|S|0|S
01|00|0100000US|United States||31|Non-metallic mineral products|14||Air (includes truck and air)|001|Total|2022|245||41||26.9||35.5|
01|00|0100000US|United States||31|Non-metallic mineral products|14||Air (includes truck and air)|04|100 - 249 miles|2022|0|S|0|S|0|S|0|S
01|00|0100000US|United States||31|Non-metallic mineral products|14||Air (includes truck and air)|05|250 - 499 miles|2022|19||0|S|32.3||0|S
01|00|0100000US|United States||31|Non-metallic mineral products|14||Air (includes truck and air)|06|500 - 749 miles|2022|28||1||33.7||37.3|
01|00|0100000US|United States||31|Non-metallic mineral products|14||Air (includes truck and air)|07|750 - 999 miles|2022|11||0|S|31.3||0|S
01|00|0100000US|United States||31|Non-metallic mineral products|14||Air (includes truck and air)|08|1,000 - 1,499 miles|2022|27||0|S|33.4||0|S
01|00|0100000US|United States||31|Non-metallic mineral products|14||Air (includes truck and air)|09|1,500 - 1,999 miles|2022|38||3||34.6||43.9|
01|00|0100000US|United States||31|Non-metallic mineral products|14||Air (includes truck and air)|10|2,000 miles or more|2022|115||0|S|48.3||0|S
01|00|0100000US|United States||31|Non-metallic mineral products|15||Pipeline|001|Total|2022|0|S|0|S|0|S|0|S
01|00|0100000US|United States||31|Non-metallic mineral products|15||Pipeline|02|Less than 50 miles|2022|0|S|0|S|0|S|0|S
01|00|0100000US|United States||31|Non-metallic mineral products|15||Pipeline|03|50 - 99 miles|2022|0|S|0|S|0|S|0|S
01|00|0100000US|United States||31|Non-metallic mineral products|15||Pipeline|04|100 - 249 miles|2022|0|S|0|S|0|S|0|S
01|00|0100000US|United States||31|Non-metallic mineral products|15||Pipeline|05|250 - 499 miles|2022|0|S|0|S|0|S|0|S
01|00|0100000US|United States||31|Non-metallic mineral products|20||Multiple modes|001|Total|2022|15105||91508||8||27.9|
01|00|0100000US|United States||31|Non-metallic mineral products|20||Multiple modes|02|Less than 50 miles|2022|3817||61826||21.7||41.2|
01|00|0100000US|United States||31|Non-metallic mineral products|20||Multiple modes|03|50 - 99 miles|2022|873||4490||20.7||39.9|
01|00|0100000US|United States||31|Non-metallic mineral products|20||Multiple modes|04|100 - 249 miles|2022|2403||11827||11.1||16.4|
01|00|0100000US|United States||31|Non-metallic mineral products|20||Multiple modes|05|250 - 499 miles|2022|1631||8351||16.4||30.6|
01|00|0100000US|United States||31|Non-metallic mineral products|20||Multiple modes|06|500 - 749 miles|2022|1151||2075||11.6||24.7|
01|00|0100000US|United States||31|Non-metallic mineral products|20||Multiple modes|07|750 - 999 miles|2022|1437||1064||15.8||36|
01|00|0100000US|United States||31|Non-metallic mineral products|20||Multiple modes|08|1,000 - 1,499 miles|2022|1368||922||13.4||24.1|
01|00|0100000US|United States||31|Non-metallic mineral products|20||Multiple modes|09|1,500 - 1,999 miles|2022|802||494||17.2||44.3|
01|00|0100000US|United States||31|Non-metallic mineral products|20||Multiple modes|10|2,000 miles or more|2022|1623||458||14.2||26.3|
01|00|0100000US|United States||31|Non-metallic mineral products|21||Parcel, U.S.P.S. or courier|001|Total|2022|7354||469||10.5||42|
01|00|0100000US|United States||31|Non-metallic mineral products|21||Parcel, U.S.P.S. or courier|02|Less than 50 miles|2022|678||37||18.4||24.2|
01|00|0100000US|United States||31|Non-metallic mineral products|21||Parcel, U.S.P.S. or courier|03|50 - 99 miles|2022|250||17||16.2||26.6|
01|00|0100000US|United States||31|Non-metallic mineral products|21||Parcel, U.S.P.S. or courier|04|100 - 249 miles|2022|741||46||16.1||25|
01|00|0100000US|United States||31|Non-metallic mineral products|21||Parcel, U.S.P.S. or courier|05|250 - 499 miles|2022|834||58||13.8||36|
01|00|0100000US|United States||31|Non-metallic mineral products|21||Parcel, U.S.P.S. or courier|06|500 - 749 miles|2022|856||66||13.2||46.5|
01|00|0100000US|United States||31|Non-metallic mineral products|21||Parcel, U.S.P.S. or courier|07|750 - 999 miles|2022|943||0|S|18||0|S
01|00|0100000US|United States||31|Non-metallic mineral products|21||Parcel, U.S.P.S. or courier|08|1,000 - 1,499 miles|2022|1022||0|S|17.9||0|S
01|00|0100000US|United States||31|Non-metallic mineral products|21||Parcel, U.S.P.S. or courier|09|1,500 - 1,999 miles|2022|727||35||19.2||43.1|
01|00|0100000US|United States||31|Non-metallic mineral products|21||Parcel, U.S.P.S. or courier|10|2,000 miles or more|2022|1303||60||18.8||47.3|
01|00|0100000US|United States||31|Non-metallic mineral products|22||Truck and rail|001|Total|2022|7080||85139||11.3||30|
01|00|0100000US|United States||31|Non-metallic mineral products|22||Truck and rail|02|Less than 50 miles|2022|2893||60520||22||40.9|
01|00|0100000US|United States||31|Non-metallic mineral products|22||Truck and rail|03|50 - 99 miles|2022|586||4186||31.1||43.8|
01|00|0100000US|United States||31|Non-metallic mineral products|22||Truck and rail|04|100 - 249 miles|2022|1592||10648||18.1||20.4|
01|00|0100000US|United States||31|Non-metallic mineral products|22||Truck and rail|05|250 - 499 miles|2022|762||5362||26.2||33|
01|00|0100000US|United States||31|Non-metallic mineral products|22||Truck and rail|06|500 - 749 miles|2022|282||2001||14.6||24.7|
01|00|0100000US|United States||31|Non-metallic mineral products|22||Truck and rail|07|750 - 999 miles|2022|490||986||32||35.4|
01|00|0100000US|United States||31|Non-metallic mineral products|22||Truck and rail|08|1,000 - 1,499 miles|2022|322||838||18.7||27.4|
01|00|0100000US|United States||31|Non-metallic mineral products|22||Truck and rail|09|1,500 - 1,999 miles|2022|70||456||47.8||43|
01|00|0100000US|United States||31|Non-metallic mineral products|22||Truck and rail|10|2,000 miles or more|2022|84||0|S|47.5||0|S
01|00|0100000US|United States||31|Non-metallic mineral products|23||Truck and water|001|Total|2022|485||4455||22.8||46.6|
01|00|0100000US|United States||31|Non-metallic mineral products|23||Truck and water|02|Less than 50 miles|2022|138||0|S|38.6||0|S
01|00|0100000US|United States||31|Non-metallic mineral products|23||Truck and water|03|50 - 99 miles|2022|5||0|S|15.5||0|S
01|00|0100000US|United States||31|Non-metallic mineral products|23||Truck and water|04|100 - 249 miles|2022|54||0|S|28.3||0|S
01|00|0100000US|United States||31|Non-metallic mineral products|23||Truck and water|05|250 - 499 miles|2022|0|S|0|S|0|S|0|S
01|00|0100000US|United States||31|Non-metallic mineral products|23||Truck and water|06|500 - 749 miles|2022|14||8||46.8||43.3|
01|00|0100000US|United States||31|Non-metallic mineral products|23||Truck and water|07|750 - 999 miles|2022|4||0|S|44.6||0|S
01|00|0100000US|United States||31|Non-metallic mineral products|23||Truck and water|08|1,000 - 1,499 miles|2022|0|S|7||0|S|21.1|
01|00|0100000US|United States||31|Non-metallic mineral products|23||Truck and water|09|1,500 - 1,999 miles|2022|0|S|2||0|S|45.2|
01|00|0100000US|United States||31|Non-metallic mineral products|23||Truck and water|10|2,000 miles or more|2022|222||92||40.3||30.5|
01|00|0100000US|United States||31|Non-metallic mineral products|24||Rail and water|001|Total|2022|16||185||22||32.6|
01|00|0100000US|United States||31|Non-metallic mineral products|24||Rail and water|02|Less than 50 miles|2022|0|S|0|S|0|S|0|S
01|00|0100000US|United States||31|Non-metallic mineral products|24||Rail and water|03|50 - 99 miles|2022|0|S|0|S|0|S|0|S
01|00|0100000US|United States||31|Non-metallic mineral products|24||Rail and water|04|100 - 249 miles|2022|0|S|0|S|0|S|0|S
01|00|0100000US|United States||31|Non-metallic mineral products|24||Rail and water|10|2,000 miles or more|2022|13||163||15.2||27.6|
01|00|0100000US|United States||31|Non-metallic mineral products|25|x|Other multiple modes|001|Total|2022|0|S|0|S|0|S|0|S
01|00|0100000US|United States||31|Non-metallic mineral products|25|x|Other multiple modes|02|Less than 50 miles|2022|0|S|0|S|0|S|0|S
01|00|0100000US|United States||31|Non-metallic mineral products|25|x|Other multiple modes|03|50 - 99 miles|2022|0|S|0|S|0|S|0|S
01|00|0100000US|United States||31|Non-metallic mineral products|25|x|Other multiple modes|04|100 - 249 miles|2022|16||0|S|4.9||0|S
01|00|0100000US|United States||31|Non-metallic mineral products|25|x|Other multiple modes|05|250 - 499 miles|2022|0|S|0|S|0|S|0|S
01|00|0100000US|United States||31|Non-metallic mineral products|25|x|Other multiple modes|08|1,000 - 1,499 miles|2022|0|S|0|S|0|S|0|S
01|00|0100000US|United States||31|Non-metallic mineral products|25|x|Other multiple modes|09|1,500 - 1,999 miles|2022|0|S|0|Z|0|S|42.6|
01|00|0100000US|United States||31|Non-metallic mineral products|25|x|Other multiple modes|10|2,000 miles or more|2022|0|S|0|S|0|S|0|S
01|00|0100000US|United States||31|Non-metallic mineral products|30|z|Unknown mode|001|Total|2022|1791||3164||22.6||28.5|
01|00|0100000US|United States||31|Non-metallic mineral products|30|z|Unknown mode|02|Less than 50 miles|2022|602||1697||14||33.3|
01|00|0100000US|United States||31|Non-metallic mineral products|30|z|Unknown mode|03|50 - 99 miles|2022|0|S|0|S|0|S|0|S
01|00|0100000US|United States||31|Non-metallic mineral products|30|z|Unknown mode|04|100 - 249 miles|2022|207||0|S|48.9||0|S
01|00|0100000US|United States||31|Non-metallic mineral products|30|z|Unknown mode|05|250 - 499 miles|2022|149||148||35||38.2|
01|00|0100000US|United States||31|Non-metallic mineral products|30|z|Unknown mode|06|500 - 749 miles|2022|225||196||38.2||41.7|
01|00|0100000US|United States||31|Non-metallic mineral products|30|z|Unknown mode|07|750 - 999 miles|2022|137||100||44.5||47.7|
01|00|0100000US|United States||31|Non-metallic mineral products|30|z|Unknown mode|08|1,000 - 1,499 miles|2022|68||35||30.7||38|
01|00|0100000US|United States||31|Non-metallic mineral products|30|z|Unknown mode|09|1,500 - 1,999 miles|2022|0|S|0|S|0|S|0|S
01|00|0100000US|United States||31|Non-metallic mineral products|30|z|Unknown mode|10|2,000 miles or more|2022|15||0|S|43.8||0|S
01|00|0100000US|United States||32|Base metal in primary or semi-finished forms and in finished basic shapes|00||All modes|001|Total|2022|615015||291657||3.3||5.3|
01|00|0100000US|United States||32|Base metal in primary or semi-finished forms and in finished basic shapes|00||All modes|02|Less than 50 miles|2022|162743||82740||5.4||6.3|
01|00|0100000US|United States||32|Base metal in primary or semi-finished forms and in finished basic shapes|00||All modes|03|50 - 99 miles|2022|64518||33790||7.9||7.7|
01|00|0100000US|United States||32|Base metal in primary or semi-finished forms and in finished basic shapes|00||All modes|04|100 - 249 miles|2022|129300||68965||3.9||5.4|
01|00|0100000US|United States||32|Base metal in primary or semi-finished forms and in finished basic shapes|00||All modes|05|250 - 499 miles|2022|113312||51753||5.8||7|
01|00|0100000US|United States||32|Base metal in primary or semi-finished forms and in finished basic shapes|00||All modes|06|500 - 749 miles|2022|59314||24994||5.3||7.7|
01|00|0100000US|United States||32|Base metal in primary or semi-finished forms and in finished basic shapes|00||All modes|07|750 - 999 miles|2022|34202||13319||9.6||8.6|
01|00|0100000US|United States||32|Base metal in primary or semi-finished forms and in finished basic shapes|00||All modes|08|1,000 - 1,499 miles|2022|28552||8609||9||9.6|
01|00|0100000US|United States||32|Base metal in primary or semi-finished forms and in finished basic shapes|00||All modes|09|1,500 - 1,999 miles|2022|15151||5091||8.1||9.9|
01|00|0100000US|United States||32|Base metal in primary or semi-finished forms and in finished basic shapes|00||All modes|10|2,000 miles or more|2022|7923||2397||12.6||30.6|
01|00|0100000US|United States||32|Base metal in primary or semi-finished forms and in finished basic shapes|10||Single modes|001|Total|2022|567511||263941||3.5||5.5|
01|00|0100000US|United States||32|Base metal in primary or semi-finished forms and in finished basic shapes|10||Single modes|02|Less than 50 miles|2022|154764||78053||5.2||6.5|
01|00|0100000US|United States||32|Base metal in primary or semi-finished forms and in finished basic shapes|10||Single modes|03|50 - 99 miles|2022|61267||31854||8||8|
01|00|0100000US|United States||32|Base metal in primary or semi-finished forms and in finished basic shapes|10||Single modes|04|100 - 249 miles|2022|121353||64376||3.4||4.8|
01|00|0100000US|United States||32|Base metal in primary or semi-finished forms and in finished basic shapes|10||Single modes|05|250 - 499 miles|2022|101109||43991||5.9||7.5|
01|00|0100000US|United States||32|Base metal in primary or semi-finished forms and in finished basic shapes|10||Single modes|06|500 - 749 miles|2022|53126||21545||5.8||9.1|
01|00|0100000US|United States||32|Base metal in primary or semi-finished forms and in finished basic shapes|10||Single modes|07|750 - 999 miles|2022|30530||10599||10.1||8.2|
01|00|0100000US|United States||32|Base metal in primary or semi-finished forms and in finished basic shapes|10||Single modes|08|1,000 - 1,499 miles|2022|25281||7034||9.2||11|
01|00|0100000US|United States||32|Base metal in primary or semi-finished forms and in finished basic shapes|10||Single modes|09|1,500 - 1,999 miles|2022|13408||4338||8.2||10|
01|00|0100000US|United States||32|Base metal in primary or semi-finished forms and in finished basic shapes|10||Single modes|10|2,000 miles or more|2022|6672||2151||14.8||34.1|
01|00|0100000US|United States||32|Base metal in primary or semi-finished forms and in finished basic shapes|11|n|Truck|001|Total|2022|526972||228752||3.3||4.7|
01|00|0100000US|United States||32|Base metal in primary or semi-finished forms and in finished basic shapes|11|n|Truck|02|Less than 50 miles|2022|147972||70879||5.4||5.3|
01|00|0100000US|United States||32|Base metal in primary or semi-finished forms and in finished basic shapes|11|n|Truck|03|50 - 99 miles|2022|60432||31085||8.1||8.1|
01|00|0100000US|United States||32|Base metal in primary or semi-finished forms and in finished basic shapes|11|n|Truck|04|100 - 249 miles|2022|112029||55343||3.6||4.4|
01|00|0100000US|United States||32|Base metal in primary or semi-finished forms and in finished basic shapes|11|n|Truck|05|250 - 499 miles|2022|93169||37970||5.6||7|
01|00|0100000US|United States||32|Base metal in primary or semi-finished forms and in finished basic shapes|11|n|Truck|06|500 - 749 miles|2022|47528||17243||6.1||9|
01|00|0100000US|United States||32|Base metal in primary or semi-finished forms and in finished basic shapes|11|n|Truck|07|750 - 999 miles|2022|26544||7732||11.4||10.2|
01|00|0100000US|United States||32|Base metal in primary or semi-finished forms and in finished basic shapes|11|n|Truck|08|1,000 - 1,499 miles|2022|23528||5619||9.2||8.3|
01|00|0100000US|United States||32|Base metal in primary or semi-finished forms and in finished basic shapes|11|n|Truck|09|1,500 - 1,999 miles|2022|10353||2151||9.3||10.7|
01|00|0100000US|United States||32|Base metal in primary or semi-finished forms and in finished basic shapes|11|n|Truck|10|2,000 miles or more|2022|5417||730||10.9||5.6|
01|00|0100000US|United States||32|Base metal in primary or semi-finished forms and in finished basic shapes|111||For-hire truck|001|Total|2022|376339||161713||4.7||6.1|
01|00|0100000US|United States||32|Base metal in primary or semi-finished forms and in finished basic shapes|111||For-hire truck|02|Less than 50 miles|2022|71915||39576||7.5||8.9|
01|00|0100000US|United States||32|Base metal in primary or semi-finished forms and in finished basic shapes|111||For-hire truck|03|50 - 99 miles|2022|36390||19358||9.8||10.2|
01|00|0100000US|United States||32|Base metal in primary or semi-finished forms and in finished basic shapes|111||For-hire truck|04|100 - 249 miles|2022|83090||40393||4.1||4.5|
01|00|0100000US|United States||32|Base metal in primary or semi-finished forms and in finished basic shapes|111||For-hire truck|05|250 - 499 miles|2022|82739||32979||5.8||7.3|
01|00|0100000US|United States||32|Base metal in primary or semi-finished forms and in finished basic shapes|111||For-hire truck|06|500 - 749 miles|2022|42781||14917||6.2||8.5|
01|00|0100000US|United States||32|Base metal in primary or semi-finished forms and in finished basic shapes|111||For-hire truck|07|750 - 999 miles|2022|24346||6931||11.9||9.9|
01|00|0100000US|United States||32|Base metal in primary or semi-finished forms and in finished basic shapes|111||For-hire truck|08|1,000 - 1,499 miles|2022|20555||4890||10.1||8.7|
01|00|0100000US|United States||32|Base metal in primary or semi-finished forms and in finished basic shapes|111||For-hire truck|09|1,500 - 1,999 miles|2022|9696||2001||9.9||12|
01|00|0100000US|United States||32|Base metal in primary or semi-finished forms and in finished basic shapes|111||For-hire truck|10|2,000 miles or more|2022|4827||668||7.2||5.8|
01|00|0100000US|United States||32|Base metal in primary or semi-finished forms and in finished basic shapes|112||Company-owned truck|001|Total|2022|113022||48930||5.7||10.2|
01|00|0100000US|United States||32|Base metal in primary or semi-finished forms and in finished basic shapes|112||Company-owned truck|02|Less than 50 miles|2022|62638||25516||8.1||9.8|
01|00|0100000US|United States||32|Base metal in primary or semi-finished forms and in finished basic shapes|112||Company-owned truck|03|50 - 99 miles|2022|19464||9421||10.2||17.9|
01|00|0100000US|United States||32|Base metal in primary or semi-finished forms and in finished basic shapes|112||Company-owned truck|04|100 - 249 miles|2022|21605||10610||10.3||10.8|
01|00|0100000US|United States||32|Base metal in primary or semi-finished forms and in finished basic shapes|112||Company-owned truck|05|250 - 499 miles|2022|5203||2220||11.5||19|
01|00|0100000US|United States||32|Base metal in primary or semi-finished forms and in finished basic shapes|112||Company-owned truck|06|500 - 749 miles|2022|1897||702||24.5||41.6|
01|00|0100000US|United States||32|Base metal in primary or semi-finished forms and in finished basic shapes|112||Company-owned truck|07|750 - 999 miles|2022|537||205||15.2||17.5|
01|00|0100000US|United States||32|Base metal in primary or semi-finished forms and in finished basic shapes|112||Company-owned truck|08|1,000 - 1,499 miles|2022|984||198||18.9||37.9|
01|00|0100000US|United States||32|Base metal in primary or semi-finished forms and in finished basic shapes|112||Company-owned truck|09|1,500 - 1,999 miles|2022|200||23||46.5||27.8|
01|00|0100000US|United States||32|Base metal in primary or semi-finished forms and in finished basic shapes|112||Company-owned truck|10|2,000 miles or more|2022|0|S|36||0|S|38.5|
01|00|0100000US|United States||32|Base metal in primary or semi-finished forms and in finished basic shapes|113|o|Customer pick-up|001|Total|2022|37611||18108||6.5||8.4|
01|00|0100000US|United States||32|Base metal in primary or semi-finished forms and in finished basic shapes|113|o|Customer pick-up|02|Less than 50 miles|2022|13419||5787||8.7||10.1|
01|00|0100000US|United States||32|Base metal in primary or semi-finished forms and in finished basic shapes|113|o|Customer pick-up|03|50 - 99 miles|2022|4578||2306||28.2||22.2|
01|00|0100000US|United States||32|Base metal in primary or semi-finished forms and in finished basic shapes|113|o|Customer pick-up|04|100 - 249 miles|2022|7335||4340||13.8||30|
01|00|0100000US|United States||32|Base metal in primary or semi-finished forms and in finished basic shapes|113|o|Customer pick-up|05|250 - 499 miles|2022|5227||2771||16.3||17.6|
01|00|0100000US|United States||32|Base metal in primary or semi-finished forms and in finished basic shapes|113|o|Customer pick-up|06|500 - 749 miles|2022|2851||1625||17.7||18.2|
01|00|0100000US|United States||32|Base metal in primary or semi-finished forms and in finished basic shapes|113|o|Customer pick-up|07|750 - 999 miles|2022|1661||596||37.3||39.3|
01|00|0100000US|United States||32|Base metal in primary or semi-finished forms and in finished basic shapes|113|o|Customer pick-up|08|1,000 - 1,499 miles|2022|1989||532||21.4||25.2|
01|00|0100000US|United States||32|Base metal in primary or semi-finished forms and in finished basic shapes|113|o|Customer pick-up|09|1,500 - 1,999 miles|2022|456||126||25.3||22.6|
01|00|0100000US|United States||32|Base metal in primary or semi-finished forms and in finished basic shapes|113|o|Customer pick-up|10|2,000 miles or more|2022|95||26||29.2||24.7|
01|00|0100000US|United States||32|Base metal in primary or semi-finished forms and in finished basic shapes|12||Rail|001|Total|2022|37084||31519||13.6||16.4|
01|00|0100000US|United States||32|Base metal in primary or semi-finished forms and in finished basic shapes|12||Rail|02|Less than 50 miles|2022|6071||6503||19.1||29.8|
01|00|0100000US|United States||32|Base metal in primary or semi-finished forms and in finished basic shapes|12||Rail|03|50 - 99 miles|2022|834||770||24.7||24.8|
01|00|0100000US|United States||32|Base metal in primary or semi-finished forms and in finished basic shapes|12||Rail|04|100 - 249 miles|2022|8179||6826||16.7||18.5|
01|00|0100000US|United States||32|Base metal in primary or semi-finished forms and in finished basic shapes|12||Rail|05|250 - 499 miles|2022|7637||5843||14.2||12.2|
01|00|0100000US|United States||32|Base metal in primary or semi-finished forms and in finished basic shapes|12||Rail|06|500 - 749 miles|2022|4860||3770||18||19.9|
01|00|0100000US|United States||32|Base metal in primary or semi-finished forms and in finished basic shapes|12||Rail|07|750 - 999 miles|2022|3933||2858||18.5||19.1|
01|00|0100000US|United States||32|Base metal in primary or semi-finished forms and in finished basic shapes|12||Rail|08|1,000 - 1,499 miles|2022|1701||1411||27.1||26.2|
01|00|0100000US|United States||32|Base metal in primary or semi-finished forms and in finished basic shapes|12||Rail|09|1,500 - 1,999 miles|2022|2840||2141||17.8||18|
01|00|0100000US|United States||32|Base metal in primary or semi-finished forms and in finished basic shapes|12||Rail|10|2,000 miles or more|2022|1030||1398||46||49.3|
01|00|0100000US|United States||32|Base metal in primary or semi-finished forms and in finished basic shapes|13||Water|001|Total|2022|2599||0|S|36.6||0|S
01|00|0100000US|United States||32|Base metal in primary or semi-finished forms and in finished basic shapes|13||Water|02|Less than 50 miles|2022|0|S|671||0|S|46.7|
01|00|0100000US|United States||32|Base metal in primary or semi-finished forms and in finished basic shapes|13||Water|03|50 - 99 miles|2022|1||0|S|37.1||0|S
01|00|0100000US|United States||32|Base metal in primary or semi-finished forms and in finished basic shapes|13||Water|04|100 - 249 miles|2022|0|S|0|S|0|S|0|S
01|00|0100000US|United States||32|Base metal in primary or semi-finished forms and in finished basic shapes|13||Water|05|250 - 499 miles|2022|142||167||27.6||37|
01|00|0100000US|United States||32|Base metal in primary or semi-finished forms and in finished basic shapes|13||Water|06|500 - 749 miles|2022|507||520||42.3||36.9|
01|00|0100000US|United States||32|Base metal in primary or semi-finished forms and in finished basic shapes|13||Water|07|750 - 999 miles|2022|0|S|0|S|0|S|0|S
01|00|0100000US|United States||32|Base metal in primary or semi-finished forms and in finished basic shapes|13||Water|09|1,500 - 1,999 miles|2022|133||39||25.4||36.5|
01|00|0100000US|United States||32|Base metal in primary or semi-finished forms and in finished basic shapes|13||Water|10|2,000 miles or more|2022|0|S|0|S|0|S|0|S
01|00|0100000US|United States||32|Base metal in primary or semi-finished forms and in finished basic shapes|131||Inland water|001|Total|2022|939||1010||30.7||27.4|
01|00|0100000US|United States||32|Base metal in primary or semi-finished forms and in finished basic shapes|131||Inland water|02|Less than 50 miles|2022|296||326||37.4||39.3|
01|00|0100000US|United States||32|Base metal in primary or semi-finished forms and in finished basic shapes|131||Inland water|03|50 - 99 miles|2022|0|S|0|S|0|S|0|S
01|00|0100000US|United States||32|Base metal in primary or semi-finished forms and in finished basic shapes|131||Inland water|04|100 - 249 miles|2022|0|S|0|S|0|S|0|S
01|00|0100000US|United States||32|Base metal in primary or semi-finished forms and in finished basic shapes|131||Inland water|05|250 - 499 miles|2022|133||167||11.9||22.2|
01|00|0100000US|United States||32|Base metal in primary or semi-finished forms and in finished basic shapes|131||Inland water|06|500 - 749 miles|2022|501||510||39.6||34.1|
01|00|0100000US|United States||32|Base metal in primary or semi-finished forms and in finished basic shapes|133||Deep sea|001|Total|2022|0|S|0|S|0|S|0|S
01|00|0100000US|United States||32|Base metal in primary or semi-finished forms and in finished basic shapes|133||Deep sea|02|Less than 50 miles|2022|0|S|0|S|0|S|0|S
01|00|0100000US|United States||32|Base metal in primary or semi-finished forms and in finished basic shapes|133||Deep sea|03|50 - 99 miles|2022|1||0|S|26.2||0|S
01|00|0100000US|United States||32|Base metal in primary or semi-finished forms and in finished basic shapes|133||Deep sea|04|100 - 249 miles|2022|0|S|0|S|0|S|0|S
01|00|0100000US|United States||32|Base metal in primary or semi-finished forms and in finished basic shapes|133||Deep sea|05|250 - 499 miles|2022|0|S|0|Z|0|S|35.2|
01|00|0100000US|United States||32|Base metal in primary or semi-finished forms and in finished basic shapes|133||Deep sea|06|500 - 749 miles|2022|0|S|0|S|0|S|0|S
01|00|0100000US|United States||32|Base metal in primary or semi-finished forms and in finished basic shapes|133||Deep sea|07|750 - 999 miles|2022|0|S|0|S|0|S|0|S
01|00|0100000US|United States||32|Base metal in primary or semi-finished forms and in finished basic shapes|133||Deep sea|09|1,500 - 1,999 miles|2022|133||39||25.4||36.5|
01|00|0100000US|United States||32|Base metal in primary or semi-finished forms and in finished basic shapes|133||Deep sea|10|2,000 miles or more|2022|0|S|0|S|0|S|0|S
01|00|0100000US|United States||32|Base metal in primary or semi-finished forms and in finished basic shapes|14||Air (includes truck and air)|001|Total|2022|856||69||25.3||32.2|
01|00|0100000US|United States||32|Base metal in primary or semi-finished forms and in finished basic shapes|14||Air (includes truck and air)|04|100 - 249 miles|2022|0|S|4||0|S|46.7|
01|00|0100000US|United States||32|Base metal in primary or semi-finished forms and in finished basic shapes|14||Air (includes truck and air)|05|250 - 499 miles|2022|161||11||21.8||34.8|
01|00|0100000US|United States||32|Base metal in primary or semi-finished forms and in finished basic shapes|14||Air (includes truck and air)|06|500 - 749 miles|2022|231||11||44.8||36.7|
01|00|0100000US|United States||32|Base metal in primary or semi-finished forms and in finished basic shapes|14||Air (includes truck and air)|07|750 - 999 miles|2022|51||0|S|41.4||0|S
01|00|0100000US|United States||32|Base metal in primary or semi-finished forms and in finished basic shapes|14||Air (includes truck and air)|08|1,000 - 1,499 miles|2022|53||0|S|47.3||0|S
01|00|0100000US|United States||32|Base metal in primary or semi-finished forms and in finished basic shapes|14||Air (includes truck and air)|09|1,500 - 1,999 miles|2022|0|S|0|S|0|S|0|S
01|00|0100000US|United States||32|Base metal in primary or semi-finished forms and in finished basic shapes|14||Air (includes truck and air)|10|2,000 miles or more|2022|205||0|S|33.8||0|S
01|00|0100000US|United States||32|Base metal in primary or semi-finished forms and in finished basic shapes|20||Multiple modes|001|Total|2022|35824||23647||8.8||7.8|
01|00|0100000US|United States||32|Base metal in primary or semi-finished forms and in finished basic shapes|20||Multiple modes|02|Less than 50 miles|2022|4047||3159||12.2||22.1|
01|00|0100000US|United States||32|Base metal in primary or semi-finished forms and in finished basic shapes|20||Multiple modes|03|50 - 99 miles|2022|1490||1029||24.1||24.7|
01|00|0100000US|United States||32|Base metal in primary or semi-finished forms and in finished basic shapes|20||Multiple modes|04|100 - 249 miles|2022|6027||4087||20.9||19.8|
01|00|0100000US|United States||32|Base metal in primary or semi-finished forms and in finished basic shapes|20||Multiple modes|05|250 - 499 miles|2022|10558||7176||16.7||15.3|
01|00|0100000US|United States||32|Base metal in primary or semi-finished forms and in finished basic shapes|20||Multiple modes|06|500 - 749 miles|2022|5024||3156||13.5||14.5|
01|00|0100000US|United States||32|Base metal in primary or semi-finished forms and in finished basic shapes|20||Multiple modes|07|750 - 999 miles|2022|3074||2585||17.8||28.6|
01|00|0100000US|United States||32|Base metal in primary or semi-finished forms and in finished basic shapes|20||Multiple modes|08|1,000 - 1,499 miles|2022|2835||1489||24.1||16.2|
01|00|0100000US|United States||32|Base metal in primary or semi-finished forms and in finished basic shapes|20||Multiple modes|09|1,500 - 1,999 miles|2022|1619||731||15.8||19|
01|00|0100000US|United States||32|Base metal in primary or semi-finished forms and in finished basic shapes|20||Multiple modes|10|2,000 miles or more|2022|1149||235||21.1||31|
01|00|0100000US|United States||32|Base metal in primary or semi-finished forms and in finished basic shapes|21||Parcel, U.S.P.S. or courier|001|Total|2022|5871||307||13.5||13|
01|00|0100000US|United States||32|Base metal in primary or semi-finished forms and in finished basic shapes|21||Parcel, U.S.P.S. or courier|02|Less than 50 miles|2022|759||41||28.9||24.1|
01|00|0100000US|United States||32|Base metal in primary or semi-finished forms and in finished basic shapes|21||Parcel, U.S.P.S. or courier|03|50 - 99 miles|2022|243||13||13.1||13.4|
01|00|0100000US|United States||32|Base metal in primary or semi-finished forms and in finished basic shapes|21||Parcel, U.S.P.S. or courier|04|100 - 249 miles|2022|786||39||16.5||19.6|
01|00|0100000US|United States||32|Base metal in primary or semi-finished forms and in finished basic shapes|21||Parcel, U.S.P.S. or courier|05|250 - 499 miles|2022|896||44||11.4||10.2|
01|00|0100000US|United States||32|Base metal in primary or semi-finished forms and in finished basic shapes|21||Parcel, U.S.P.S. or courier|06|500 - 749 miles|2022|616||31||15.2||13.9|
01|00|0100000US|United States||32|Base metal in primary or semi-finished forms and in finished basic shapes|21||Parcel, U.S.P.S. or courier|07|750 - 999 miles|2022|525||36||15.4||25.7|
01|00|0100000US|United States||32|Base metal in primary or semi-finished forms and in finished basic shapes|21||Parcel, U.S.P.S. or courier|08|1,000 - 1,499 miles|2022|0|S|51||0|S|40.3|
01|00|0100000US|United States||32|Base metal in primary or semi-finished forms and in finished basic shapes|21||Parcel, U.S.P.S. or courier|09|1,500 - 1,999 miles|2022|432||25||19.1||27.5|
01|00|0100000US|United States||32|Base metal in primary or semi-finished forms and in finished basic shapes|21||Parcel, U.S.P.S. or courier|10|2,000 miles or more|2022|509||27||23.2||40.2|
01|00|0100000US|United States||32|Base metal in primary or semi-finished forms and in finished basic shapes|22||Truck and rail|001|Total|2022|26017||20532||8.8||8|
01|00|0100000US|United States||32|Base metal in primary or semi-finished forms and in finished basic shapes|22||Truck and rail|02|Less than 50 miles|2022|2572||2419||15.6||23.9|
01|00|0100000US|United States||32|Base metal in primary or semi-finished forms and in finished basic shapes|22||Truck and rail|03|50 - 99 miles|2022|789||600||47.3||37|
01|00|0100000US|United States||32|Base metal in primary or semi-finished forms and in finished basic shapes|22||Truck and rail|04|100 - 249 miles|2022|4521||3566||24.7||20.8|
01|00|0100000US|United States||32|Base metal in primary or semi-finished forms and in finished basic shapes|22||Truck and rail|05|250 - 499 miles|2022|8252||6165||17.8||14.6|
01|00|0100000US|United States||32|Base metal in primary or semi-finished forms and in finished basic shapes|22||Truck and rail|06|500 - 749 miles|2022|4139||2956||15.5||14.5|
01|00|0100000US|United States||32|Base metal in primary or semi-finished forms and in finished basic shapes|22||Truck and rail|07|750 - 999 miles|2022|2478||2537||20.8||29|
01|00|0100000US|United States||32|Base metal in primary or semi-finished forms and in finished basic shapes|22||Truck and rail|08|1,000 - 1,499 miles|2022|1716||1431||14.8||16.4|
01|00|0100000US|United States||32|Base metal in primary or semi-finished forms and in finished basic shapes|22||Truck and rail|09|1,500 - 1,999 miles|2022|1081||680||21.2||20.5|
01|00|0100000US|United States||32|Base metal in primary or semi-finished forms and in finished basic shapes|22||Truck and rail|10|2,000 miles or more|2022|0|S|177||0|S|37.5|
01|00|0100000US|United States||32|Base metal in primary or semi-finished forms and in finished basic shapes|23||Truck and water|001|Total|2022|3192||2397||22.6||31.2|
01|00|0100000US|United States||32|Base metal in primary or semi-finished forms and in finished basic shapes|23||Truck and water|02|Less than 50 miles|2022|707||696||39.6||41.1|
01|00|0100000US|United States||32|Base metal in primary or semi-finished forms and in finished basic shapes|23||Truck and water|03|50 - 99 miles|2022|383||0|S|48.2||0|S
01|00|0100000US|United States||32|Base metal in primary or semi-finished forms and in finished basic shapes|23||Truck and water|04|100 - 249 miles|2022|562||386||43.5||43.6|
01|00|0100000US|United States||32|Base metal in primary or semi-finished forms and in finished basic shapes|23||Truck and water|05|250 - 499 miles|2022|1015||745||30||31.5|
01|00|0100000US|United States||32|Base metal in primary or semi-finished forms and in finished basic shapes|23||Truck and water|06|500 - 749 miles|2022|189||130||44.6||40.4|
01|00|0100000US|United States||32|Base metal in primary or semi-finished forms and in finished basic shapes|23||Truck and water|07|750 - 999 miles|2022|71||12||38.9||28.1|
01|00|0100000US|United States||32|Base metal in primary or semi-finished forms and in finished basic shapes|23||Truck and water|08|1,000 - 1,499 miles|2022|14||0|S|41.3||0|S
01|00|0100000US|United States||32|Base metal in primary or semi-finished forms and in finished basic shapes|23||Truck and water|09|1,500 - 1,999 miles|2022|80||0|S|35.7||0|S
01|00|0100000US|United States||32|Base metal in primary or semi-finished forms and in finished basic shapes|23||Truck and water|10|2,000 miles or more|2022|171||32||25.2||29|
01|00|0100000US|United States||32|Base metal in primary or semi-finished forms and in finished basic shapes|24||Rail and water|001|Total|2022|0|S|0|S|0|S|0|S
01|00|0100000US|United States||32|Base metal in primary or semi-finished forms and in finished basic shapes|24||Rail and water|02|Less than 50 miles|2022|0|S|0|S|0|S|0|S
01|00|0100000US|United States||32|Base metal in primary or semi-finished forms and in finished basic shapes|24||Rail and water|03|50 - 99 miles|2022|0|S|0|S|0|S|0|S
01|00|0100000US|United States||32|Base metal in primary or semi-finished forms and in finished basic shapes|24||Rail and water|04|100 - 249 miles|2022|158||96||41.7||43.8|
01|00|0100000US|United States||32|Base metal in primary or semi-finished forms and in finished basic shapes|24||Rail and water|05|250 - 499 miles|2022|0|S|0|S|0|S|0|S
01|00|0100000US|United States||32|Base metal in primary or semi-finished forms and in finished basic shapes|24||Rail and water|06|500 - 749 miles|2022|0|S|0|S|0|S|0|S
01|00|0100000US|United States||32|Base metal in primary or semi-finished forms and in finished basic shapes|24||Rail and water|09|1,500 - 1,999 miles|2022|25||15||44.7||47.7|
01|00|0100000US|United States||32|Base metal in primary or semi-finished forms and in finished basic shapes|24||Rail and water|10|2,000 miles or more|2022|0|S|0|S|0|S|0|S
01|00|0100000US|United States||32|Base metal in primary or semi-finished forms and in finished basic shapes|25|x|Other multiple modes|001|Total|2022|9||0|S|43.5||0|S
01|00|0100000US|United States||32|Base metal in primary or semi-finished forms and in finished basic shapes|25|x|Other multiple modes|02|Less than 50 miles|2022|9||2||41.2||49.7|
01|00|0100000US|United States||32|Base metal in primary or semi-finished forms and in finished basic shapes|25|x|Other multiple modes|09|1,500 - 1,999 miles|2022|0|S|0|S|0|S|0|S
01|00|0100000US|United States||32|Base metal in primary or semi-finished forms and in finished basic shapes|30|z|Unknown mode|001|Total|2022|11680||4068||21.2||32|
01|00|0100000US|United States||32|Base metal in primary or semi-finished forms and in finished basic shapes|30|z|Unknown mode|02|Less than 50 miles|2022|3932||1528||34.7||45.5|
01|00|0100000US|United States||32|Base metal in primary or semi-finished forms and in finished basic shapes|30|z|Unknown mode|03|50 - 99 miles|2022|1760||907||24||43.1|
01|00|0100000US|United States||32|Base metal in primary or semi-finished forms and in finished basic shapes|30|z|Unknown mode|04|100 - 249 miles|2022|1920||501||32.8||31.1|
01|00|0100000US|United States||32|Base metal in primary or semi-finished forms and in finished basic shapes|30|z|Unknown mode|05|250 - 499 miles|2022|1644||586||16||38.6|
01|00|0100000US|United States||32|Base metal in primary or semi-finished forms and in finished basic shapes|30|z|Unknown mode|06|500 - 749 miles|2022|1164||294||27.9||27.8|
01|00|0100000US|United States||32|Base metal in primary or semi-finished forms and in finished basic shapes|30|z|Unknown mode|07|750 - 999 miles|2022|598||134||13.4||14.8|
01|00|0100000US|United States||32|Base metal in primary or semi-finished forms and in finished basic shapes|30|z|Unknown mode|08|1,000 - 1,499 miles|2022|436||86||16.9||17.6|
01|00|0100000US|United States||32|Base metal in primary or semi-finished forms and in finished basic shapes|30|z|Unknown mode|09|1,500 - 1,999 miles|2022|124||23||36||26.9|
01|00|0100000US|United States||32|Base metal in primary or semi-finished forms and in finished basic shapes|30|z|Unknown mode|10|2,000 miles or more|2022|102||10||39.9||41.4|
01|00|0100000US|United States||33|Articles of base metal|00||All modes|001|Total|2022|461276||100469||3||6.1|
01|00|0100000US|United States||33|Articles of base metal|00||All modes|02|Less than 50 miles|2022|125711||30795||6.5||8.4|
01|00|0100000US|United States||33|Articles of base metal|00||All modes|03|50 - 99 miles|2022|37259||10281||5.8||13.4|
01|00|0100000US|United States||33|Articles of base metal|00||All modes|04|100 - 249 miles|2022|70012||17301||4.8||11.8|
01|00|0100000US|United States||33|Articles of base metal|00||All modes|05|250 - 499 miles|2022|77551||15756||5.5||9.6|
01|00|0100000US|United States||33|Articles of base metal|00||All modes|06|500 - 749 miles|2022|51611||10302||6.1||8.2|
01|00|0100000US|United States||33|Articles of base metal|00||All modes|07|750 - 999 miles|2022|33695||5643||3.9||4.8|
01|00|0100000US|United States||33|Articles of base metal|00||All modes|08|1,000 - 1,499 miles|2022|32478||5482||5.1||10.9|
01|00|0100000US|United States||33|Articles of base metal|00||All modes|09|1,500 - 1,999 miles|2022|19529||2902||6.8||11.6|
01|00|0100000US|United States||33|Articles of base metal|00||All modes|10|2,000 miles or more|2022|13431||2006||6.6||16.8|
01|00|0100000US|United States||33|Articles of base metal|10||Single modes|001|Total|2022|381162||87098||2.9||4.3|
01|00|0100000US|United States||33|Articles of base metal|10||Single modes|02|Less than 50 miles|2022|111752||25660||5.7||5|
01|00|0100000US|United States||33|Articles of base metal|10||Single modes|03|50 - 99 miles|2022|32076||9068||6.3||10.7|
01|00|0100000US|United States||33|Articles of base metal|10||Single modes|04|100 - 249 miles|2022|58361||15432||5.3||11.5|
01|00|0100000US|United States||33|Articles of base metal|10||Single modes|05|250 - 499 miles|2022|63958||14364||7||10.5|
01|00|0100000US|United States||33|Articles of base metal|10||Single modes|06|500 - 749 miles|2022|41163||9116||6.7||8.6|
01|00|0100000US|United States||33|Articles of base metal|10||Single modes|07|750 - 999 miles|2022|27328||5185||3.8||5.5|
01|00|0100000US|United States||33|Articles of base metal|10||Single modes|08|1,000 - 1,499 miles|2022|23510||4147||5.2||4.4|
01|00|0100000US|United States||33|Articles of base metal|10||Single modes|09|1,500 - 1,999 miles|2022|13810||2581||6.4||14.1|
01|00|0100000US|United States||33|Articles of base metal|10||Single modes|10|2,000 miles or more|2022|9203||1545||7.7||16.5|
01|00|0100000US|United States||33|Articles of base metal|11|n|Truck|001|Total|2022|373938||83775||3||4.4|
01|00|0100000US|United States||33|Articles of base metal|11|n|Truck|02|Less than 50 miles|2022|110867||24421||5.7||3.9|
01|00|0100000US|United States||33|Articles of base metal|11|n|Truck|03|50 - 99 miles|2022|31673||8155||6.2||7.8|
01|00|0100000US|United States||33|Articles of base metal|11|n|Truck|04|100 - 249 miles|2022|57271||15050||5.3||11.3|
01|00|0100000US|United States||33|Articles of base metal|11|n|Truck|05|250 - 499 miles|2022|62658||14168||7.1||10.7|
01|00|0100000US|United States||33|Articles of base metal|11|n|Truck|06|500 - 749 miles|2022|40038||8972||6.8||8.6|
01|00|0100000US|United States||33|Articles of base metal|11|n|Truck|07|750 - 999 miles|2022|26756||4977||3.8||5.9|
01|00|0100000US|United States||33|Articles of base metal|11|n|Truck|08|1,000 - 1,499 miles|2022|22907||4016||5.5||4.8|
01|00|0100000US|United States||33|Articles of base metal|11|n|Truck|09|1,500 - 1,999 miles|2022|13403||2534||6.9||14.4|
01|00|0100000US|United States||33|Articles of base metal|11|n|Truck|10|2,000 miles or more|2022|8365||1480||8.2||16.8|
01|00|0100000US|United States||33|Articles of base metal|111||For-hire truck|001|Total|2022|248819||55636||3.5||5.5|
01|00|0100000US|United States||33|Articles of base metal|111||For-hire truck|02|Less than 50 miles|2022|38491||9147||10.5||6.6|
01|00|0100000US|United States||33|Articles of base metal|111||For-hire truck|03|50 - 99 miles|2022|16985||4500||5.8||8.2|
01|00|0100000US|United States||33|Articles of base metal|111||For-hire truck|04|100 - 249 miles|2022|39774||9922||5.7||11.2|
01|00|0100000US|United States||33|Articles of base metal|111||For-hire truck|05|250 - 499 miles|2022|53813||12418||7.8||12.1|
01|00|0100000US|United States||33|Articles of base metal|111||For-hire truck|06|500 - 749 miles|2022|35591||7981||6.9||9.1|
01|00|0100000US|United States||33|Articles of base metal|111||For-hire truck|07|750 - 999 miles|2022|24048||4448||3.9||6.8|
01|00|0100000US|United States||33|Articles of base metal|111||For-hire truck|08|1,000 - 1,499 miles|2022|20116||3443||5.5||4.3|
01|00|0100000US|United States||33|Articles of base metal|111||For-hire truck|09|1,500 - 1,999 miles|2022|12299||2414||6.9||14.7|
01|00|0100000US|United States||33|Articles of base metal|111||For-hire truck|10|2,000 miles or more|2022|7701||1362||8.8||16.4|
01|00|0100000US|United States||33|Articles of base metal|112||Company-owned truck|001|Total|2022|92717||19396||4.8||6.3|
01|00|0100000US|United States||33|Articles of base metal|112||Company-owned truck|02|Less than 50 miles|2022|54945||10994||5.5||5.9|
01|00|0100000US|United States||33|Articles of base metal|112||Company-owned truck|03|50 - 99 miles|2022|12777||3048||12.2||13.6|
01|00|0100000US|United States||33|Articles of base metal|112||Company-owned truck|04|100 - 249 miles|2022|13302||3281||10.4||12.3|
01|00|0100000US|United States||33|Articles of base metal|112||Company-owned truck|05|250 - 499 miles|2022|5728||1076||8.3||12.2|
01|00|0100000US|United States||33|Articles of base metal|112||Company-owned truck|06|500 - 749 miles|2022|1990||322||11.2||11.6|
01|00|0100000US|United States||33|Articles of base metal|112||Company-owned truck|07|750 - 999 miles|2022|1301||172||14.4||23|
01|00|0100000US|United States||33|Articles of base metal|112||Company-owned truck|08|1,000 - 1,499 miles|2022|1498||331||14.2||45.2|
01|00|0100000US|United States||33|Articles of base metal|112||Company-owned truck|09|1,500 - 1,999 miles|2022|735||84||27.2||28.1|
01|00|0100000US|United States||33|Articles of base metal|112||Company-owned truck|10|2,000 miles or more|2022|441||88||23||47.3|
01|00|0100000US|United States||33|Articles of base metal|113|o|Customer pick-up|001|Total|2022|32403||8743||6.4||13.1|
01|00|0100000US|United States||33|Articles of base metal|113|o|Customer pick-up|02|Less than 50 miles|2022|17431||4280||7.9||14|
01|00|0100000US|United States||33|Articles of base metal|113|o|Customer pick-up|03|50 - 99 miles|2022|1912||607||17.9||33.1|
01|00|0100000US|United States||33|Articles of base metal|113|o|Customer pick-up|04|100 - 249 miles|2022|4195||1848||17.2||43.4|
01|00|0100000US|United States||33|Articles of base metal|113|o|Customer pick-up|05|250 - 499 miles|2022|3116||674||13.3||16.1|
01|00|0100000US|United States||33|Articles of base metal|113|o|Customer pick-up|06|500 - 749 miles|2022|2457||669||13.6||22.5|
01|00|0100000US|United States||33|Articles of base metal|113|o|Customer pick-up|07|750 - 999 miles|2022|1406||357||19||23.2|
01|00|0100000US|United States||33|Articles of base metal|113|o|Customer pick-up|08|1,000 - 1,499 miles|2022|1293||243||21.6||23|
01|00|0100000US|United States||33|Articles of base metal|113|o|Customer pick-up|09|1,500 - 1,999 miles|2022|370||37||48.3||26.9|
01|00|0100000US|United States||33|Articles of base metal|113|o|Customer pick-up|10|2,000 miles or more|2022|223||29||36.3||37.2|
01|00|0100000US|United States||33|Articles of base metal|12||Rail|001|Total|2022|3634||3172||17.2||42.2|
01|00|0100000US|United States||33|Articles of base metal|12||Rail|02|Less than 50 miles|2022|885||1238||23.6||40|
01|00|0100000US|United States||33|Articles of base metal|12||Rail|03|50 - 99 miles|2022|402||0|S|42.3||0|S
01|00|0100000US|United States||33|Articles of base metal|12||Rail|04|100 - 249 miles|2022|932||377||38.8||33.8|
01|00|0100000US|United States||33|Articles of base metal|12||Rail|05|250 - 499 miles|2022|451||135||36.3||26.6|
01|00|0100000US|United States||33|Articles of base metal|12||Rail|06|500 - 749 miles|2022|339||120||49.7||32|
01|00|0100000US|United States||33|Articles of base metal|12||Rail|07|750 - 999 miles|2022|267||194||41.1||28.8|
01|00|0100000US|United States||33|Articles of base metal|12||Rail|08|1,000 - 1,499 miles|2022|165||116||33.2||34.5|
01|00|0100000US|United States||33|Articles of base metal|12||Rail|09|1,500 - 1,999 miles|2022|105||37||40.6||45.1|
01|00|0100000US|United States||33|Articles of base metal|12||Rail|10|2,000 miles or more|2022|89||43||30.1||29.4|
01|00|0100000US|United States||33|Articles of base metal|13||Water|001|Total|2022|0|S|0|S|0|S|0|S
01|00|0100000US|United States||33|Articles of base metal|13||Water|02|Less than 50 miles|2022|0|Z|0|Z|36.3||41.6|
01|00|0100000US|United States||33|Articles of base metal|13||Water|03|50 - 99 miles|2022|0|S|0|S|0|S|0|S
01|00|0100000US|United States||33|Articles of base metal|13||Water|04|100 - 249 miles|2022|1||0|S|47||0|S
01|00|0100000US|United States||33|Articles of base metal|131||Inland water|001|Total|2022|0|Z|0|Z|36.3||41.6|
01|00|0100000US|United States||33|Articles of base metal|131||Inland water|02|Less than 50 miles|2022|0|Z|0|Z|36.3||41.6|
01|00|0100000US|United States||33|Articles of base metal|133||Deep sea|001|Total|2022|2||0|S|44.4||0|S
01|00|0100000US|United States||33|Articles of base metal|133||Deep sea|03|50 - 99 miles|2022|0|S|0|S|0|S|0|S
01|00|0100000US|United States||33|Articles of base metal|133||Deep sea|04|100 - 249 miles|2022|1||0|S|47||0|S
01|00|0100000US|United States||33|Articles of base metal|14||Air (includes truck and air)|001|Total|2022|3588||150||24.5||32.6|
01|00|0100000US|United States||33|Articles of base metal|14||Air (includes truck and air)|03|50 - 99 miles|2022|1||0|S|31.6||0|S
01|00|0100000US|United States||33|Articles of base metal|14||Air (includes truck and air)|04|100 - 249 miles|2022|157||4||41.1||23.6|
01|00|0100000US|United States||33|Articles of base metal|14||Air (includes truck and air)|05|250 - 499 miles|2022|0|S|0|S|0|S|0|S
01|00|0100000US|United States||33|Articles of base metal|14||Air (includes truck and air)|06|500 - 749 miles|2022|786||25||40.3||35.1|
01|00|0100000US|United States||33|Articles of base metal|14||Air (includes truck and air)|07|750 - 999 miles|2022|304||13||31.5||32.6|
01|00|0100000US|United States||33|Articles of base metal|14||Air (includes truck and air)|08|1,000 - 1,499 miles|2022|439||15||43.1||36.4|
01|00|0100000US|United States||33|Articles of base metal|14||Air (includes truck and air)|09|1,500 - 1,999 miles|2022|302||10||35.7||32.6|
01|00|0100000US|United States||33|Articles of base metal|14||Air (includes truck and air)|10|2,000 miles or more|2022|749||23||37||28.1|
01|00|0100000US|United States||33|Articles of base metal|15||Pipeline|001|Total|2022|0|S|0|S|0|S|0|S
01|00|0100000US|United States||33|Articles of base metal|15||Pipeline|02|Less than 50 miles|2022|0|S|0|S|0|S|0|S
01|00|0100000US|United States||33|Articles of base metal|20||Multiple modes|001|Total|2022|73275||12115||6.3||21.5|
01|00|0100000US|United States||33|Articles of base metal|20||Multiple modes|02|Less than 50 miles|2022|11341||4675||15||38.6|
01|00|0100000US|United States||33|Articles of base metal|20||Multiple modes|03|50 - 99 miles|2022|4703||1101||13.7||42.1|
01|00|0100000US|United States||33|Articles of base metal|20||Multiple modes|04|100 - 249 miles|2022|11001||1758||7.4||39.5|
01|00|0100000US|United States||33|Articles of base metal|20||Multiple modes|05|250 - 499 miles|2022|12296||1155||4.4||20.6|
01|00|0100000US|United States||33|Articles of base metal|20||Multiple modes|06|500 - 749 miles|2022|9779||1058||7.8||17.4|
01|00|0100000US|United States||33|Articles of base metal|20||Multiple modes|07|750 - 999 miles|2022|5979||395||6.3||19.1|
01|00|0100000US|United States||33|Articles of base metal|20||Multiple modes|08|1,000 - 1,499 miles|2022|8627||1272||13.4||40.5|
01|00|0100000US|United States||33|Articles of base metal|20||Multiple modes|09|1,500 - 1,999 miles|2022|5458||261||17.8||22.3|
01|00|0100000US|United States||33|Articles of base metal|20||Multiple modes|10|2,000 miles or more|2022|4091||439||11||44.3|
01|00|0100000US|United States||33|Articles of base metal|21||Parcel, U.S.P.S. or courier|001|Total|2022|60267||1854||7.2||11.4|
01|00|0100000US|United States||33|Articles of base metal|21||Parcel, U.S.P.S. or courier|02|Less than 50 miles|2022|7078||208||10.1||9.1|
01|00|0100000US|United States||33|Articles of base metal|21||Parcel, U.S.P.S. or courier|03|50 - 99 miles|2022|3973||125||16.1||14.6|
01|00|0100000US|United States||33|Articles of base metal|21||Parcel, U.S.P.S. or courier|04|100 - 249 miles|2022|9888||267||6.8||6|
01|00|0100000US|United States||33|Articles of base metal|21||Parcel, U.S.P.S. or courier|05|250 - 499 miles|2022|10595||317||5.8||7.3|
01|00|0100000US|United States||33|Articles of base metal|21||Parcel, U.S.P.S. or courier|06|500 - 749 miles|2022|8074||247||8||9.6|
01|00|0100000US|United States||33|Articles of base metal|21||Parcel, U.S.P.S. or courier|07|750 - 999 miles|2022|5469||179||7.5||14.8|
01|00|0100000US|United States||33|Articles of base metal|21||Parcel, U.S.P.S. or courier|08|1,000 - 1,499 miles|2022|6486||192||16.6||17.3|
01|00|0100000US|United States||33|Articles of base metal|21||Parcel, U.S.P.S. or courier|09|1,500 - 1,999 miles|2022|5058||151||15.8||25.1|
01|00|0100000US|United States||33|Articles of base metal|21||Parcel, U.S.P.S. or courier|10|2,000 miles or more|2022|3644||168||10.3||41.9|
01|00|0100000US|United States||33|Articles of base metal|22||Truck and rail|001|Total|2022|12085||10140||19||26.4|
01|00|0100000US|United States||33|Articles of base metal|22||Truck and rail|02|Less than 50 miles|2022|4201||4460||36.4||40.6|
01|00|0100000US|United States||33|Articles of base metal|22||Truck and rail|03|50 - 99 miles|2022|726||975||40.6||48.2|
01|00|0100000US|United States||33|Articles of base metal|22||Truck and rail|04|100 - 249 miles|2022|1077||1484||28.1||47|
01|00|0100000US|United States||33|Articles of base metal|22||Truck and rail|05|250 - 499 miles|2022|1620||831||36.2||30.3|
01|00|0100000US|United States||33|Articles of base metal|22||Truck and rail|06|500 - 749 miles|2022|1525||794||19.8||22.9|
01|00|0100000US|United States||33|Articles of base metal|22||Truck and rail|07|750 - 999 miles|2022|438||209||23.6||28.8|
01|00|0100000US|United States||33|Articles of base metal|22||Truck and rail|08|1,000 - 1,499 miles|2022|2098||1073||44.8||49.3|
01|00|0100000US|United States||33|Articles of base metal|22||Truck and rail|09|1,500 - 1,999 miles|2022|0|S|100||0|S|49.7|
01|00|0100000US|United States||33|Articles of base metal|22||Truck and rail|10|2,000 miles or more|2022|0|S|0|S|0|S|0|S
01|00|0100000US|United States||33|Articles of base metal|23||Truck and water|001|Total|2022|871||100||23.3||21.6|
01|00|0100000US|United States||33|Articles of base metal|23||Truck and water|02|Less than 50 miles|2022|62||0|S|42.5||0|S
01|00|0100000US|United States||33|Articles of base metal|23||Truck and water|03|50 - 99 miles|2022|4||0|S|49.1||0|S
01|00|0100000US|United States||33|Articles of base metal|23||Truck and water|04|100 - 249 miles|2022|34||0|S|38.7||0|S
01|00|0100000US|United States||33|Articles of base metal|23||Truck and water|05|250 - 499 miles|2022|0|S|0|S|0|S|0|S
01|00|0100000US|United States||33|Articles of base metal|23||Truck and water|06|500 - 749 miles|2022|0|S|0|S|0|S|0|S
01|00|0100000US|United States||33|Articles of base metal|23||Truck and water|07|750 - 999 miles|2022|0|S|0|S|0|S|0|S
01|00|0100000US|United States||33|Articles of base metal|23||Truck and water|08|1,000 - 1,499 miles|2022|43||6||38.8||37.9|
01|00|0100000US|United States||33|Articles of base metal|23||Truck and water|09|1,500 - 1,999 miles|2022|0|S|0|S|0|S|0|S
01|00|0100000US|United States||33|Articles of base metal|23||Truck and water|10|2,000 miles or more|2022|377||40||44.7||26.2|
01|00|0100000US|United States||33|Articles of base metal|24||Rail and water|001|Total|2022|0|S|0|S|0|S|0|S
01|00|0100000US|United States||33|Articles of base metal|24||Rail and water|04|100 - 249 miles|2022|0|S|0|S|0|S|0|S
01|00|0100000US|United States||33|Articles of base metal|24||Rail and water|05|250 - 499 miles|2022|0|S|0|S|0|S|0|S
01|00|0100000US|United States||33|Articles of base metal|24||Rail and water|06|500 - 749 miles|2022|0|S|0|S|0|S|0|S
01|00|0100000US|United States||33|Articles of base metal|24||Rail and water|10|2,000 miles or more|2022|0|S|0|S|0|S|0|S
01|00|0100000US|United States||33|Articles of base metal|25|x|Other multiple modes|001|Total|2022|0|S|0|S|0|S|0|S
01|00|0100000US|United States||33|Articles of base metal|25|x|Other multiple modes|05|250 - 499 miles|2022|0|S|0|S|0|S|0|S
01|00|0100000US|United States||33|Articles of base metal|25|x|Other multiple modes|06|500 - 749 miles|2022|0|S|0|S|0|S|0|S
01|00|0100000US|United States||33|Articles of base metal|25|x|Other multiple modes|07|750 - 999 miles|2022|0|S|0|S|0|S|0|S
01|00|0100000US|United States||33|Articles of base metal|25|x|Other multiple modes|10|2,000 miles or more|2022|0|S|0|S|0|S|0|S
01|00|0100000US|United States||33|Articles of base metal|30|z|Unknown mode|001|Total|2022|6839||1257||18.1||23.4|
01|00|0100000US|United States||33|Articles of base metal|30|z|Unknown mode|02|Less than 50 miles|2022|2617||460||26.8||20.7|
01|00|0100000US|United States||33|Articles of base metal|30|z|Unknown mode|03|50 - 99 miles|2022|480||113||33.3||22.9|
01|00|0100000US|United States||33|Articles of base metal|30|z|Unknown mode|04|100 - 249 miles|2022|650||111||30.4||38.1|
01|00|0100000US|United States||33|Articles of base metal|30|z|Unknown mode|05|250 - 499 miles|2022|1297||237||39.7||36.7|
01|00|0100000US|United States||33|Articles of base metal|30|z|Unknown mode|06|500 - 749 miles|2022|668||0|S|30.8||0|S
01|00|0100000US|United States||33|Articles of base metal|30|z|Unknown mode|07|750 - 999 miles|2022|0|S|0|S|0|S|0|S
01|00|0100000US|United States||33|Articles of base metal|30|z|Unknown mode|08|1,000 - 1,499 miles|2022|341||62||32.2||48.3|
01|00|0100000US|United States||33|Articles of base metal|30|z|Unknown mode|09|1,500 - 1,999 miles|2022|0|S|60||0|S|47|
01|00|0100000US|United States||33|Articles of base metal|30|z|Unknown mode|10|2,000 miles or more|2022|137||0|S|37.1||0|S
01|00|0100000US|United States||34|Machinery|00||All modes|001|Total|2022|954822||90140||2.4||4.8|
01|00|0100000US|United States||34|Machinery|00||All modes|02|Less than 50 miles|2022|240451||29002||5.6||14.6|
01|00|0100000US|United States||34|Machinery|00||All modes|03|50 - 99 miles|2022|65324||7184||5.2||12|
01|00|0100000US|United States||34|Machinery|00||All modes|04|100 - 249 miles|2022|129335||13346||5||13.6|
01|00|0100000US|United States||34|Machinery|00||All modes|05|250 - 499 miles|2022|151829||14501||3.1||7.4|
01|00|0100000US|United States||34|Machinery|00||All modes|06|500 - 749 miles|2022|111954||8411||4.6||7.2|
01|00|0100000US|United States||34|Machinery|00||All modes|07|750 - 999 miles|2022|83853||6216||4.8||5.2|
01|00|0100000US|United States||34|Machinery|00||All modes|08|1,000 - 1,499 miles|2022|90739||6230||5.2||5.3|
01|00|0100000US|United States||34|Machinery|00||All modes|09|1,500 - 1,999 miles|2022|49610||3317||9.3||9.3|
01|00|0100000US|United States||34|Machinery|00||All modes|10|2,000 miles or more|2022|31728||1932||5.6||13.5|
01|00|0100000US|United States||34|Machinery|10||Single modes|001|Total|2022|769923||81879||2.7||5.4|
01|00|0100000US|United States||34|Machinery|10||Single modes|02|Less than 50 miles|2022|210267||26924||6.5||13.9|
01|00|0100000US|United States||34|Machinery|10||Single modes|03|50 - 99 miles|2022|51091||6343||5.3||14.2|
01|00|0100000US|United States||34|Machinery|10||Single modes|04|100 - 249 miles|2022|101879||12117||5.4||15.3|
01|00|0100000US|United States||34|Machinery|10||Single modes|05|250 - 499 miles|2022|122487||13229||3.9||7.7|
01|00|0100000US|United States||34|Machinery|10||Single modes|06|500 - 749 miles|2022|88882||7529||5.2||6.1|
01|00|0100000US|United States||34|Machinery|10||Single modes|07|750 - 999 miles|2022|64300||5546||6||5.7|
01|00|0100000US|United States||34|Machinery|10||Single modes|08|1,000 - 1,499 miles|2022|69960||5488||5.5||5.1|
01|00|0100000US|United States||34|Machinery|10||Single modes|09|1,500 - 1,999 miles|2022|39378||3067||12||9.7|
01|00|0100000US|United States||34|Machinery|10||Single modes|10|2,000 miles or more|2022|21680||1635||6.3||12.5|
01|00|0100000US|United States||34|Machinery|11|n|Truck|001|Total|2022|755881||80340||2.7||5.5|
01|00|0100000US|United States||34|Machinery|11|n|Truck|02|Less than 50 miles|2022|207869||26542||6.6||14.2|
01|00|0100000US|United States||34|Machinery|11|n|Truck|03|50 - 99 miles|2022|50279||6286||5||14.4|
01|00|0100000US|United States||34|Machinery|11|n|Truck|04|100 - 249 miles|2022|101183||12055||5.4||15.4|
01|00|0100000US|United States||34|Machinery|11|n|Truck|05|250 - 499 miles|2022|121056||12664||3.9||5.7|
01|00|0100000US|United States||34|Machinery|11|n|Truck|06|500 - 749 miles|2022|87367||7419||5.2||6.2|
01|00|0100000US|United States||34|Machinery|11|n|Truck|07|750 - 999 miles|2022|62932||5419||5.7||5.9|
01|00|0100000US|United States||34|Machinery|11|n|Truck|08|1,000 - 1,499 miles|2022|68642||5384||5.6||5.2|
01|00|0100000US|United States||34|Machinery|11|n|Truck|09|1,500 - 1,999 miles|2022|37968||3006||12.8||10|
01|00|0100000US|United States||34|Machinery|11|n|Truck|10|2,000 miles or more|2022|18586||1566||5.8||12.9|
01|00|0100000US|United States||34|Machinery|111||For-hire truck|001|Total|2022|549318||52420||3.5||5.2|
01|00|0100000US|United States||34|Machinery|111||For-hire truck|02|Less than 50 miles|2022|78555||10961||8.6||18|
01|00|0100000US|United States||34|Machinery|111||For-hire truck|03|50 - 99 miles|2022|33487||3589||9.6||6.4|
01|00|0100000US|United States||34|Machinery|111||For-hire truck|04|100 - 249 miles|2022|80240||7503||6.2||5.9|
01|00|0100000US|United States||34|Machinery|111||For-hire truck|05|250 - 499 miles|2022|102003||9616||3.2||6.6|
01|00|0100000US|United States||34|Machinery|111||For-hire truck|06|500 - 749 miles|2022|79818||6539||5.7||6.5|
01|00|0100000US|United States||34|Machinery|111||For-hire truck|07|750 - 999 miles|2022|58038||4873||6||7|
01|00|0100000US|United States||34|Machinery|111||For-hire truck|08|1,000 - 1,499 miles|2022|64411||5081||5.5||5.8|
01|00|0100000US|United States||34|Machinery|111||For-hire truck|09|1,500 - 1,999 miles|2022|35273||2761||14.3||11.6|
01|00|0100000US|United States||34|Machinery|111||For-hire truck|10|2,000 miles or more|2022|17492||1498||6.3||13.6|
01|00|0100000US|United States||34|Machinery|112||Company-owned truck|001|Total|2022|123343||18382||4.9||14|
01|00|0100000US|United States||34|Machinery|112||Company-owned truck|02|Less than 50 miles|2022|79349||9714||7||12.7|
01|00|0100000US|United States||34|Machinery|112||Company-owned truck|03|50 - 99 miles|2022|13303||2248||7.7||35|
01|00|0100000US|United States||34|Machinery|112||Company-owned truck|04|100 - 249 miles|2022|13081||0|S|8||0|S
01|00|0100000US|United States||34|Machinery|112||Company-owned truck|05|250 - 499 miles|2022|10353||2050||12.6||26.3|
01|00|0100000US|United States||34|Machinery|112||Company-owned truck|06|500 - 749 miles|2022|3453||415||31.5||25.5|
01|00|0100000US|United States||34|Machinery|112||Company-owned truck|07|750 - 999 miles|2022|1504||140||30.7||31.1|
01|00|0100000US|United States||34|Machinery|112||Company-owned truck|08|1,000 - 1,499 miles|2022|1392||66||38.8||29|
01|00|0100000US|United States||34|Machinery|112||Company-owned truck|09|1,500 - 1,999 miles|2022|456||26||22.5||25.6|
01|00|0100000US|United States||34|Machinery|112||Company-owned truck|10|2,000 miles or more|2022|452||20||43.2||40.2|
01|00|0100000US|United States||34|Machinery|113|o|Customer pick-up|001|Total|2022|83220||9538||5||12.9|
01|00|0100000US|United States||34|Machinery|113|o|Customer pick-up|02|Less than 50 miles|2022|49964||5867||9.6||21.4|
01|00|0100000US|United States||34|Machinery|113|o|Customer pick-up|03|50 - 99 miles|2022|3489||448||13.3||31.1|
01|00|0100000US|United States||34|Machinery|113|o|Customer pick-up|04|100 - 249 miles|2022|7862||848||17||26.5|
01|00|0100000US|United States||34|Machinery|113|o|Customer pick-up|05|250 - 499 miles|2022|8699||998||14.6||22|
01|00|0100000US|United States||34|Machinery|113|o|Customer pick-up|06|500 - 749 miles|2022|4096||466||11.5||8.4|
01|00|0100000US|United States||34|Machinery|113|o|Customer pick-up|07|750 - 999 miles|2022|3390||406||24.2||33.5|
01|00|0100000US|United States||34|Machinery|113|o|Customer pick-up|08|1,000 - 1,499 miles|2022|2839||238||35.6||33|
01|00|0100000US|United States||34|Machinery|113|o|Customer pick-up|09|1,500 - 1,999 miles|2022|0|S|0|S|0|S|0|S
01|00|0100000US|United States||34|Machinery|113|o|Customer pick-up|10|2,000 miles or more|2022|641||48||45.4||46.1|
01|00|0100000US|United States||34|Machinery|12||Rail|001|Total|2022|6974||1444||16.7||31.8|
01|00|0100000US|United States||34|Machinery|12||Rail|02|Less than 50 miles|2022|2397||382||25.2||32.5|
01|00|0100000US|United States||34|Machinery|12||Rail|03|50 - 99 miles|2022|0|S|0|S|0|S|0|S
01|00|0100000US|United States||34|Machinery|12||Rail|04|100 - 249 miles|2022|509||58||19.4||27.1|
01|00|0100000US|United States||34|Machinery|12||Rail|05|250 - 499 miles|2022|362||0|S|45.6||0|S
01|00|0100000US|United States||34|Machinery|12||Rail|06|500 - 749 miles|2022|870||102||16.5||21.5|
01|00|0100000US|United States||34|Machinery|12||Rail|07|750 - 999 miles|2022|530||114||14.6||27.4|
01|00|0100000US|United States||34|Machinery|12||Rail|08|1,000 - 1,499 miles|2022|594||98||41.6||25.3|
01|00|0100000US|United States||34|Machinery|12||Rail|09|1,500 - 1,999 miles|2022|0|S|0|S|0|S|0|S
01|00|0100000US|United States||34|Machinery|12||Rail|10|2,000 miles or more|2022|224||25||34.2||30.2|
01|00|0100000US|United States||34|Machinery|13||Water|001|Total|2022|0|S|0|S|0|S|0|S
01|00|0100000US|United States||34|Machinery|13||Water|02|Less than 50 miles|2022|0|S|0|Z|0|S|48.7|
01|00|0100000US|United States||34|Machinery|13||Water|03|50 - 99 miles|2022|0|S|0|S|0|S|0|S
01|00|0100000US|United States||34|Machinery|13||Water|05|250 - 499 miles|2022|0|S|0|S|0|S|0|S
01|00|0100000US|United States||34|Machinery|13||Water|07|750 - 999 miles|2022|0|S|0|S|0|S|0|S
01|00|0100000US|United States||34|Machinery|13||Water|10|2,000 miles or more|2022|0|S|0|S|0|S|0|S
01|00|0100000US|United States||34|Machinery|131||Inland water|001|Total|2022|3||0|Z|44.1||41.8|
01|00|0100000US|United States||34|Machinery|131||Inland water|02|Less than 50 miles|2022|0|S|0|Z|0|S|48.7|
01|00|0100000US|United States||34|Machinery|131||Inland water|03|50 - 99 miles|2022|0|S|0|S|0|S|0|S
01|00|0100000US|United States||34|Machinery|133||Deep sea|001|Total|2022|0|S|0|S|0|S|0|S
01|00|0100000US|United States||34|Machinery|133||Deep sea|03|50 - 99 miles|2022|0|S|0|S|0|S|0|S
01|00|0100000US|United States||34|Machinery|133||Deep sea|05|250 - 499 miles|2022|0|S|0|S|0|S|0|S
01|00|0100000US|United States||34|Machinery|133||Deep sea|07|750 - 999 miles|2022|0|S|0|S|0|S|0|S
01|00|0100000US|United States||34|Machinery|133||Deep sea|10|2,000 miles or more|2022|0|S|0|S|0|S|0|S
01|00|0100000US|United States||34|Machinery|14||Air (includes truck and air)|001|Total|2022|7035||90||16.3||14.3|
01|00|0100000US|United States||34|Machinery|14||Air (includes truck and air)|02|Less than 50 miles|2022|0|Z|0|Z|47.8||40.4|
01|00|0100000US|United States||34|Machinery|14||Air (includes truck and air)|03|50 - 99 miles|2022|2||0|S|39.4||0|S
01|00|0100000US|United States||34|Machinery|14||Air (includes truck and air)|04|100 - 249 miles|2022|0|S|0|S|0|S|0|S
01|00|0100000US|United States||34|Machinery|14||Air (includes truck and air)|05|250 - 499 miles|2022|1068||14||18.3||18.9|
01|00|0100000US|United States||34|Machinery|14||Air (includes truck and air)|06|500 - 749 miles|2022|644||8||16.4||18.2|
01|00|0100000US|United States||34|Machinery|14||Air (includes truck and air)|07|750 - 999 miles|2022|0|S|0|S|0|S|0|S
01|00|0100000US|United States||34|Machinery|14||Air (includes truck and air)|08|1,000 - 1,499 miles|2022|724||6||20.3||12.1|
01|00|0100000US|United States||34|Machinery|14||Air (includes truck and air)|09|1,500 - 1,999 miles|2022|731||6||26.2||16.4|
01|00|0100000US|United States||34|Machinery|14||Air (includes truck and air)|10|2,000 miles or more|2022|2843||40||31.1||25.2|
01|00|0100000US|United States||34|Machinery|15||Pipeline|001|Total|2022|0|S|0|S|0|S|0|S
01|00|0100000US|United States||34|Machinery|15||Pipeline|02|Less than 50 miles|2022|0|S|0|S|0|S|0|S
01|00|0100000US|United States||34|Machinery|20||Multiple modes|001|Total|2022|171368||7051||4.5||10.2|
01|00|0100000US|United States||34|Machinery|20||Multiple modes|02|Less than 50 miles|2022|26396||1568||8.5||42.7|
01|00|0100000US|United States||34|Machinery|20||Multiple modes|03|50 - 99 miles|2022|13635||804||9.7||34.8|
01|00|0100000US|United States||34|Machinery|20||Multiple modes|04|100 - 249 miles|2022|26377||1157||6.7||22.7|
01|00|0100000US|United States||34|Machinery|20||Multiple modes|05|250 - 499 miles|2022|26450||1083||5.1||30.9|
01|00|0100000US|United States||34|Machinery|20||Multiple modes|06|500 - 749 miles|2022|20866||646||5.2||18.5|
01|00|0100000US|United States||34|Machinery|20||Multiple modes|07|750 - 999 miles|2022|18709||616||11.7||13.7|
01|00|0100000US|United States||34|Machinery|20||Multiple modes|08|1,000 - 1,499 miles|2022|19528||664||11.7||21|
01|00|0100000US|United States||34|Machinery|20||Multiple modes|09|1,500 - 1,999 miles|2022|9716||227||5.5||10.9|
01|00|0100000US|United States||34|Machinery|20||Multiple modes|10|2,000 miles or more|2022|9691||285||8||27.6|
01|00|0100000US|United States||34|Machinery|21||Parcel, U.S.P.S. or courier|001|Total|2022|150287||2551||3.8||4.9|
01|00|0100000US|United States||34|Machinery|21||Parcel, U.S.P.S. or courier|02|Less than 50 miles|2022|23751||432||7.4||8.6|
01|00|0100000US|United States||34|Machinery|21||Parcel, U.S.P.S. or courier|03|50 - 99 miles|2022|11874||207||10.1||12.1|
01|00|0100000US|United States||34|Machinery|21||Parcel, U.S.P.S. or courier|04|100 - 249 miles|2022|24927||417||7||6.6|
01|00|0100000US|United States||34|Machinery|21||Parcel, U.S.P.S. or courier|05|250 - 499 miles|2022|24027||460||4.9||6.5|
01|00|0100000US|United States||34|Machinery|21||Parcel, U.S.P.S. or courier|06|500 - 749 miles|2022|19289||307||5.7||7.9|
01|00|0100000US|United States||34|Machinery|21||Parcel, U.S.P.S. or courier|07|750 - 999 miles|2022|13882||213||6||7.5|
01|00|0100000US|United States||34|Machinery|21||Parcel, U.S.P.S. or courier|08|1,000 - 1,499 miles|2022|15230||219||7.2||7.8|
01|00|0100000US|United States||34|Machinery|21||Parcel, U.S.P.S. or courier|09|1,500 - 1,999 miles|2022|8908||154||4.8||11.8|
01|00|0100000US|United States||34|Machinery|21||Parcel, U.S.P.S. or courier|10|2,000 miles or more|2022|8398||142||9.4||14.4|
01|00|0100000US|United States||34|Machinery|22||Truck and rail|001|Total|2022|17147||4217||16.8||16.2|
01|00|0100000US|United States||34|Machinery|22||Truck and rail|02|Less than 50 miles|2022|2387||0|S|34.6||0|S
01|00|0100000US|United States||34|Machinery|22||Truck and rail|03|50 - 99 miles|2022|0|S|594||0|S|43.9|
01|00|0100000US|United States||34|Machinery|22||Truck and rail|04|100 - 249 miles|2022|1210||730||19.7||37.4|
01|00|0100000US|United States||34|Machinery|22||Truck and rail|05|250 - 499 miles|2022|2246||0|S|22.7||0|S
01|00|0100000US|United States||34|Machinery|22||Truck and rail|06|500 - 749 miles|2022|1405||323||27.1||33.6|
01|00|0100000US|United States||34|Machinery|22||Truck and rail|07|750 - 999 miles|2022|0|S|352||0|S|19.7|
01|00|0100000US|United States||34|Machinery|22||Truck and rail|08|1,000 - 1,499 miles|2022|3831||428||37.9||31.9|
01|00|0100000US|United States||34|Machinery|22||Truck and rail|09|1,500 - 1,999 miles|2022|487||53||29.9||22.6|
01|00|0100000US|United States||34|Machinery|22||Truck and rail|10|2,000 miles or more|2022|313||0|S|44.2||0|S
01|00|0100000US|United States||34|Machinery|23||Truck and water|001|Total|2022|3920||281||30.8||28.9|
01|00|0100000US|United States||34|Machinery|23||Truck and water|02|Less than 50 miles|2022|0|S|0|S|0|S|0|S
01|00|0100000US|United States||34|Machinery|23||Truck and water|03|50 - 99 miles|2022|107||3||45.8||49.9|
01|00|0100000US|United States||34|Machinery|23||Truck and water|04|100 - 249 miles|2022|240||11||45.6||37.7|
01|00|0100000US|United States||34|Machinery|23||Truck and water|05|250 - 499 miles|2022|174||0|S|48.6||0|S
01|00|0100000US|United States||34|Machinery|23||Truck and water|06|500 - 749 miles|2022|0|S|0|S|0|S|0|S
01|00|0100000US|United States||34|Machinery|23||Truck and water|07|750 - 999 miles|2022|0|S|0|S|0|S|0|S
01|00|0100000US|United States||34|Machinery|23||Truck and water|08|1,000 - 1,499 miles|2022|0|S|0|S|0|S|0|S
01|00|0100000US|United States||34|Machinery|23||Truck and water|09|1,500 - 1,999 miles|2022|0|S|0|S|0|S|0|S
01|00|0100000US|United States||34|Machinery|23||Truck and water|10|2,000 miles or more|2022|981||0|S|24.5||0|S
01|00|0100000US|United States||34|Machinery|24||Rail and water|001|Total|2022|0|S|0|S|0|S|0|S
01|00|0100000US|United States||34|Machinery|24||Rail and water|02|Less than 50 miles|2022|0|S|0|S|0|S|0|S
01|00|0100000US|United States||34|Machinery|24||Rail and water|06|500 - 749 miles|2022|0|S|0|S|0|S|0|S
01|00|0100000US|United States||34|Machinery|25|x|Other multiple modes|001|Total|2022|0|S|0|S|0|S|0|S
01|00|0100000US|United States||34|Machinery|25|x|Other multiple modes|02|Less than 50 miles|2022|0|S|0|S|0|S|0|S
01|00|0100000US|United States||34|Machinery|25|x|Other multiple modes|05|250 - 499 miles|2022|0|S|0|S|0|S|0|S
01|00|0100000US|United States||34|Machinery|25|x|Other multiple modes|06|500 - 749 miles|2022|0|S|0|S|0|S|0|S
01|00|0100000US|United States||34|Machinery|30|z|Unknown mode|001|Total|2022|13532||1211||10.2||14.2|
01|00|0100000US|United States||34|Machinery|30|z|Unknown mode|02|Less than 50 miles|2022|3787||510||16.9||32.8|
01|00|0100000US|United States||34|Machinery|30|z|Unknown mode|03|50 - 99 miles|2022|599||38||27.1||23.4|
01|00|0100000US|United States||34|Machinery|30|z|Unknown mode|04|100 - 249 miles|2022|1080||71||21||24.6|
01|00|0100000US|United States||34|Machinery|30|z|Unknown mode|05|250 - 499 miles|2022|2892||189||22.9||27.4|
01|00|0100000US|United States||34|Machinery|30|z|Unknown mode|06|500 - 749 miles|2022|0|S|0|S|0|S|0|S
01|00|0100000US|United States||34|Machinery|30|z|Unknown mode|07|750 - 999 miles|2022|843||54||18||29.6|
01|00|0100000US|United States||34|Machinery|30|z|Unknown mode|08|1,000 - 1,499 miles|2022|1251||78||19.8||24.7|
01|00|0100000US|United States||34|Machinery|30|z|Unknown mode|09|1,500 - 1,999 miles|2022|516||23||29.7||34.9|
01|00|0100000US|United States||34|Machinery|30|z|Unknown mode|10|2,000 miles or more|2022|357||13||47.5||36.1|
01|00|0100000US|United States||35|Electronic and other electrical equipment and components, and office equipment|00||All modes|001|Total|2022|1614494||98859||2.6||7.2|
01|00|0100000US|United States||35|Electronic and other electrical equipment and components, and office equipment|00||All modes|02|Less than 50 miles|2022|403418||35337||5.3||12|
01|00|0100000US|United States||35|Electronic and other electrical equipment and components, and office equipment|00||All modes|03|50 - 99 miles|2022|80125||5145||6.4||11.1|
01|00|0100000US|United States||35|Electronic and other electrical equipment and components, and office equipment|00||All modes|04|100 - 249 miles|2022|193863||10815||10.3||9.7|
01|00|0100000US|United States||35|Electronic and other electrical equipment and components, and office equipment|00||All modes|05|250 - 499 miles|2022|208382||11507||4.9||9.7|
01|00|0100000US|United States||35|Electronic and other electrical equipment and components, and office equipment|00||All modes|06|500 - 749 miles|2022|166855||8883||4.5||11.9|
01|00|0100000US|United States||35|Electronic and other electrical equipment and components, and office equipment|00||All modes|07|750 - 999 miles|2022|139905||6880||5.2||12.6|
01|00|0100000US|United States||35|Electronic and other electrical equipment and components, and office equipment|00||All modes|08|1,000 - 1,499 miles|2022|154491||9431||7.4||16.3|
01|00|0100000US|United States||35|Electronic and other electrical equipment and components, and office equipment|00||All modes|09|1,500 - 1,999 miles|2022|125879||6299||6.4||16.3|
01|00|0100000US|United States||35|Electronic and other electrical equipment and components, and office equipment|00||All modes|10|2,000 miles or more|2022|141576||4563||7.2||17.4|
01|00|0100000US|United States||35|Electronic and other electrical equipment and components, and office equipment|10||Single modes|001|Total|2022|1063324||84764||2.9||7.4|
01|00|0100000US|United States||35|Electronic and other electrical equipment and components, and office equipment|10||Single modes|02|Less than 50 miles|2022|330647||33037||6.4||12.6|
01|00|0100000US|United States||35|Electronic and other electrical equipment and components, and office equipment|10||Single modes|03|50 - 99 miles|2022|56331||4424||9.1||12.1|
01|00|0100000US|United States||35|Electronic and other electrical equipment and components, and office equipment|10||Single modes|04|100 - 249 miles|2022|138929||8892||13.6||8.6|
01|00|0100000US|United States||35|Electronic and other electrical equipment and components, and office equipment|10||Single modes|05|250 - 499 miles|2022|129760||9598||5.7||9|
01|00|0100000US|United States||35|Electronic and other electrical equipment and components, and office equipment|10||Single modes|06|500 - 749 miles|2022|101411||7686||7.1||12.6|
01|00|0100000US|United States||35|Electronic and other electrical equipment and components, and office equipment|10||Single modes|07|750 - 999 miles|2022|74092||5528||6.1||15|
01|00|0100000US|United States||35|Electronic and other electrical equipment and components, and office equipment|10||Single modes|08|1,000 - 1,499 miles|2022|83430||7248||13.5||23.2|
01|00|0100000US|United States||35|Electronic and other electrical equipment and components, and office equipment|10||Single modes|09|1,500 - 1,999 miles|2022|74200||4720||10.6||19.5|
01|00|0100000US|United States||35|Electronic and other electrical equipment and components, and office equipment|10||Single modes|10|2,000 miles or more|2022|74524||3632||11.2||22.2|
01|00|0100000US|United States||35|Electronic and other electrical equipment and components, and office equipment|11|n|Truck|001|Total|2022|1020510||83071||3.3||7.3|
01|00|0100000US|United States||35|Electronic and other electrical equipment and components, and office equipment|11|n|Truck|02|Less than 50 miles|2022|327988||32792||6.2||12.5|
01|00|0100000US|United States||35|Electronic and other electrical equipment and components, and office equipment|11|n|Truck|03|50 - 99 miles|2022|56065||4408||9.1||12.1|
01|00|0100000US|United States||35|Electronic and other electrical equipment and components, and office equipment|11|n|Truck|04|100 - 249 miles|2022|138218||8821||13.8||8.5|
01|00|0100000US|United States||35|Electronic and other electrical equipment and components, and office equipment|11|n|Truck|05|250 - 499 miles|2022|121710||9336||6.1||9.3|
01|00|0100000US|United States||35|Electronic and other electrical equipment and components, and office equipment|11|n|Truck|06|500 - 749 miles|2022|96441||7367||7.4||12.9|
01|00|0100000US|United States||35|Electronic and other electrical equipment and components, and office equipment|11|n|Truck|07|750 - 999 miles|2022|69049||5435||6.5||15.3|
01|00|0100000US|United States||35|Electronic and other electrical equipment and components, and office equipment|11|n|Truck|08|1,000 - 1,499 miles|2022|75507||6888||14.8||24|
01|00|0100000US|United States||35|Electronic and other electrical equipment and components, and office equipment|11|n|Truck|09|1,500 - 1,999 miles|2022|68292||4565||10.7||20.5|
01|00|0100000US|United States||35|Electronic and other electrical equipment and components, and office equipment|11|n|Truck|10|2,000 miles or more|2022|67241||3460||13.1||23.8|
01|00|0100000US|United States||35|Electronic and other electrical equipment and components, and office equipment|111||For-hire truck|001|Total|2022|742954||58919||4.1||9.4|
01|00|0100000US|United States||35|Electronic and other electrical equipment and components, and office equipment|111||For-hire truck|02|Less than 50 miles|2022|157455||16587||12.9||22|
01|00|0100000US|United States||35|Electronic and other electrical equipment and components, and office equipment|111||For-hire truck|03|50 - 99 miles|2022|29515||2275||9.1||13.1|
01|00|0100000US|United States||35|Electronic and other electrical equipment and components, and office equipment|111||For-hire truck|04|100 - 249 miles|2022|105411||6186||17.1||4.9|
01|00|0100000US|United States||35|Electronic and other electrical equipment and components, and office equipment|111||For-hire truck|05|250 - 499 miles|2022|105215||8316||5.3||9.8|
01|00|0100000US|United States||35|Electronic and other electrical equipment and components, and office equipment|111||For-hire truck|06|500 - 749 miles|2022|87468||6607||8.4||15.5|
01|00|0100000US|United States||35|Electronic and other electrical equipment and components, and office equipment|111||For-hire truck|07|750 - 999 miles|2022|63043||4882||6.7||14.6|
01|00|0100000US|United States||35|Electronic and other electrical equipment and components, and office equipment|111||For-hire truck|08|1,000 - 1,499 miles|2022|70195||6610||14.1||24.5|
01|00|0100000US|United States||35|Electronic and other electrical equipment and components, and office equipment|111||For-hire truck|09|1,500 - 1,999 miles|2022|63505||4272||11.9||21.4|
01|00|0100000US|United States||35|Electronic and other electrical equipment and components, and office equipment|111||For-hire truck|10|2,000 miles or more|2022|61147||3183||13.5||25.9|
01|00|0100000US|United States||35|Electronic and other electrical equipment and components, and office equipment|112||Company-owned truck|001|Total|2022|202141||17413||5.3||10.7|
01|00|0100000US|United States||35|Electronic and other electrical equipment and components, and office equipment|112||Company-owned truck|02|Less than 50 miles|2022|129387||11971||5.8||16.6|
01|00|0100000US|United States||35|Electronic and other electrical equipment and components, and office equipment|112||Company-owned truck|03|50 - 99 miles|2022|22840||1917||18.5||16.7|
01|00|0100000US|United States||35|Electronic and other electrical equipment and components, and office equipment|112||Company-owned truck|04|100 - 249 miles|2022|26895||2254||11.3||25.9|
01|00|0100000US|United States||35|Electronic and other electrical equipment and components, and office equipment|112||Company-owned truck|05|250 - 499 miles|2022|11957||660||21.6||30.3|
01|00|0100000US|United States||35|Electronic and other electrical equipment and components, and office equipment|112||Company-owned truck|06|500 - 749 miles|2022|3517||224||17.2||38.1|
01|00|0100000US|United States||35|Electronic and other electrical equipment and components, and office equipment|112||Company-owned truck|07|750 - 999 miles|2022|3253||185||22.9||28.2|
01|00|0100000US|United States||35|Electronic and other electrical equipment and components, and office equipment|112||Company-owned truck|08|1,000 - 1,499 miles|2022|1670||83||17.8||25.3|
01|00|0100000US|United States||35|Electronic and other electrical equipment and components, and office equipment|112||Company-owned truck|09|1,500 - 1,999 miles|2022|1173||0|S|30.3||0|S
01|00|0100000US|United States||35|Electronic and other electrical equipment and components, and office equipment|112||Company-owned truck|10|2,000 miles or more|2022|1449||48||25.9||43.6|
01|00|0100000US|United States||35|Electronic and other electrical equipment and components, and office equipment|113|o|Customer pick-up|001|Total|2022|75415||6739||13.9||14.1|
01|00|0100000US|United States||35|Electronic and other electrical equipment and components, and office equipment|113|o|Customer pick-up|02|Less than 50 miles|2022|41146||4234||11||13.3|
01|00|0100000US|United States||35|Electronic and other electrical equipment and components, and office equipment|113|o|Customer pick-up|03|50 - 99 miles|2022|3710||216||16.7||19|
01|00|0100000US|United States||35|Electronic and other electrical equipment and components, and office equipment|113|o|Customer pick-up|04|100 - 249 miles|2022|5912||380||19.5||22.6|
01|00|0100000US|United States||35|Electronic and other electrical equipment and components, and office equipment|113|o|Customer pick-up|05|250 - 499 miles|2022|4538||359||23.4||28.7|
01|00|0100000US|United States||35|Electronic and other electrical equipment and components, and office equipment|113|o|Customer pick-up|06|500 - 749 miles|2022|5455||536||17.5||26.2|
01|00|0100000US|United States||35|Electronic and other electrical equipment and components, and office equipment|113|o|Customer pick-up|07|750 - 999 miles|2022|2753||0|S|23.9||0|S
01|00|0100000US|United States||35|Electronic and other electrical equipment and components, and office equipment|113|o|Customer pick-up|08|1,000 - 1,499 miles|2022|3642||195||40.1||33.9|
01|00|0100000US|United States||35|Electronic and other electrical equipment and components, and office equipment|113|o|Customer pick-up|09|1,500 - 1,999 miles|2022|3614||223||42.7||28.2|
01|00|0100000US|United States||35|Electronic and other electrical equipment and components, and office equipment|113|o|Customer pick-up|10|2,000 miles or more|2022|0|S|0|S|0|S|0|S
01|00|0100000US|United States||35|Electronic and other electrical equipment and components, and office equipment|12||Rail|001|Total|2022|2506||1278||21.4||39|
01|00|0100000US|United States||35|Electronic and other electrical equipment and components, and office equipment|12||Rail|02|Less than 50 miles|2022|125||0|S|35.5||0|S
01|00|0100000US|United States||35|Electronic and other electrical equipment and components, and office equipment|12||Rail|03|50 - 99 miles|2022|0|S|11||0|S|42.9|
01|00|0100000US|United States||35|Electronic and other electrical equipment and components, and office equipment|12||Rail|04|100 - 249 miles|2022|0|S|0|S|0|S|0|S
01|00|0100000US|United States||35|Electronic and other electrical equipment and components, and office equipment|12||Rail|05|250 - 499 miles|2022|246||213||37.1||46.3|
01|00|0100000US|United States||35|Electronic and other electrical equipment and components, and office equipment|12||Rail|06|500 - 749 miles|2022|541||0|S|44.4||0|S
01|00|0100000US|United States||35|Electronic and other electrical equipment and components, and office equipment|12||Rail|07|750 - 999 miles|2022|0|S|71||0|S|40.2|
01|00|0100000US|United States||35|Electronic and other electrical equipment and components, and office equipment|12||Rail|08|1,000 - 1,499 miles|2022|297||0|S|36||0|S
01|00|0100000US|United States||35|Electronic and other electrical equipment and components, and office equipment|12||Rail|09|1,500 - 1,999 miles|2022|406||0|S|27.2||0|S
01|00|0100000US|United States||35|Electronic and other electrical equipment and components, and office equipment|12||Rail|10|2,000 miles or more|2022|62||0|S|38.7||0|S
01|00|0100000US|United States||35|Electronic and other electrical equipment and components, and office equipment|13||Water|001|Total|2022|0|S|0|S|0|S|0|S
01|00|0100000US|United States||35|Electronic and other electrical equipment and components, and office equipment|13||Water|02|Less than 50 miles|2022|0|S|0|S|0|S|0|S
01|00|0100000US|United States||35|Electronic and other electrical equipment and components, and office equipment|13||Water|03|50 - 99 miles|2022|0|S|0|S|0|S|0|S
01|00|0100000US|United States||35|Electronic and other electrical equipment and components, and office equipment|13||Water|04|100 - 249 miles|2022|0|S|0|S|0|S|0|S
01|00|0100000US|United States||35|Electronic and other electrical equipment and components, and office equipment|13||Water|05|250 - 499 miles|2022|16||1||30.6||29.6|
01|00|0100000US|United States||35|Electronic and other electrical equipment and components, and office equipment|13||Water|06|500 - 749 miles|2022|0|S|0|S|0|S|0|S
01|00|0100000US|United States||35|Electronic and other electrical equipment and components, and office equipment|13||Water|07|750 - 999 miles|2022|0|S|0|S|0|S|0|S
01|00|0100000US|United States||35|Electronic and other electrical equipment and components, and office equipment|13||Water|08|1,000 - 1,499 miles|2022|0|S|0|S|0|S|0|S
01|00|0100000US|United States||35|Electronic and other electrical equipment and components, and office equipment|13||Water|09|1,500 - 1,999 miles|2022|0|S|0|S|0|S|0|S
01|00|0100000US|United States||35|Electronic and other electrical equipment and components, and office equipment|131||Inland water|001|Total|2022|0|S|0|S|0|S|0|S
01|00|0100000US|United States||35|Electronic and other electrical equipment and components, and office equipment|131||Inland water|02|Less than 50 miles|2022|0|S|0|S|0|S|0|S
01|00|0100000US|United States||35|Electronic and other electrical equipment and components, and office equipment|133||Deep sea|001|Total|2022|0|S|0|S|0|S|0|S
01|00|0100000US|United States||35|Electronic and other electrical equipment and components, and office equipment|133||Deep sea|02|Less than 50 miles|2022|0|S|0|S|0|S|0|S
01|00|0100000US|United States||35|Electronic and other electrical equipment and components, and office equipment|133||Deep sea|03|50 - 99 miles|2022|0|S|0|S|0|S|0|S
01|00|0100000US|United States||35|Electronic and other electrical equipment and components, and office equipment|133||Deep sea|04|100 - 249 miles|2022|0|S|0|S|0|S|0|S
01|00|0100000US|United States||35|Electronic and other electrical equipment and components, and office equipment|133||Deep sea|05|250 - 499 miles|2022|16||1||30.6||29.6|
01|00|0100000US|United States||35|Electronic and other electrical equipment and components, and office equipment|133||Deep sea|06|500 - 749 miles|2022|0|S|0|S|0|S|0|S
01|00|0100000US|United States||35|Electronic and other electrical equipment and components, and office equipment|133||Deep sea|07|750 - 999 miles|2022|0|S|0|S|0|S|0|S
01|00|0100000US|United States||35|Electronic and other electrical equipment and components, and office equipment|133||Deep sea|08|1,000 - 1,499 miles|2022|0|S|0|S|0|S|0|S
01|00|0100000US|United States||35|Electronic and other electrical equipment and components, and office equipment|133||Deep sea|09|1,500 - 1,999 miles|2022|0|S|0|S|0|S|0|S
01|00|0100000US|United States||35|Electronic and other electrical equipment and components, and office equipment|14||Air (includes truck and air)|001|Total|2022|40221||412||16.1||32.8|
01|00|0100000US|United States||35|Electronic and other electrical equipment and components, and office equipment|14||Air (includes truck and air)|02|Less than 50 miles|2022|0|S|0|S|0|S|0|S
01|00|0100000US|United States||35|Electronic and other electrical equipment and components, and office equipment|14||Air (includes truck and air)|03|50 - 99 miles|2022|0|S|0|S|0|S|0|S
01|00|0100000US|United States||35|Electronic and other electrical equipment and components, and office equipment|14||Air (includes truck and air)|04|100 - 249 miles|2022|507||0|S|34.3||0|S
01|00|0100000US|United States||35|Electronic and other electrical equipment and components, and office equipment|14||Air (includes truck and air)|05|250 - 499 miles|2022|7783||0|S|47||0|S
01|00|0100000US|United States||35|Electronic and other electrical equipment and components, and office equipment|14||Air (includes truck and air)|06|500 - 749 miles|2022|4428||26||15.2||23.6|
01|00|0100000US|United States||35|Electronic and other electrical equipment and components, and office equipment|14||Air (includes truck and air)|07|750 - 999 miles|2022|4499||21||18.2||21|
01|00|0100000US|United States||35|Electronic and other electrical equipment and components, and office equipment|14||Air (includes truck and air)|08|1,000 - 1,499 miles|2022|7624||0|S|23.5||0|S
01|00|0100000US|United States||35|Electronic and other electrical equipment and components, and office equipment|14||Air (includes truck and air)|09|1,500 - 1,999 miles|2022|5497||0|S|29.3||0|S
01|00|0100000US|United States||35|Electronic and other electrical equipment and components, and office equipment|14||Air (includes truck and air)|10|2,000 miles or more|2022|7209||83||13.4||32.1|
01|00|0100000US|United States||35|Electronic and other electrical equipment and components, and office equipment|15||Pipeline|001|Total|2022|34||0|Z|6.2||45.7|
01|00|0100000US|United States||35|Electronic and other electrical equipment and components, and office equipment|15||Pipeline|04|100 - 249 miles|2022|0|S|0|S|0|S|0|S
01|00|0100000US|United States||35|Electronic and other electrical equipment and components, and office equipment|15||Pipeline|05|250 - 499 miles|2022|0|S|0|S|0|S|0|S
01|00|0100000US|United States||35|Electronic and other electrical equipment and components, and office equipment|15||Pipeline|06|500 - 749 miles|2022|0|S|0|S|0|S|0|S
01|00|0100000US|United States||35|Electronic and other electrical equipment and components, and office equipment|15||Pipeline|07|750 - 999 miles|2022|0|S|0|S|0|S|0|S
01|00|0100000US|United States||35|Electronic and other electrical equipment and components, and office equipment|15||Pipeline|08|1,000 - 1,499 miles|2022|0|S|0|S|0|S|0|S
01|00|0100000US|United States||35|Electronic and other electrical equipment and components, and office equipment|15||Pipeline|09|1,500 - 1,999 miles|2022|0|S|0|S|0|S|0|S
01|00|0100000US|United States||35|Electronic and other electrical equipment and components, and office equipment|15||Pipeline|10|2,000 miles or more|2022|0|S|0|S|0|S|0|S
01|00|0100000US|United States||35|Electronic and other electrical equipment and components, and office equipment|20||Multiple modes|001|Total|2022|520733||12252||3.8||14.1|
01|00|0100000US|United States||35|Electronic and other electrical equipment and components, and office equipment|20||Multiple modes|02|Less than 50 miles|2022|62395||1827||8.3||28|
01|00|0100000US|United States||35|Electronic and other electrical equipment and components, and office equipment|20||Multiple modes|03|50 - 99 miles|2022|23269||645||5.6||36|
01|00|0100000US|United States||35|Electronic and other electrical equipment and components, and office equipment|20||Multiple modes|04|100 - 249 miles|2022|53189||1885||9.3||21.8|
01|00|0100000US|United States||35|Electronic and other electrical equipment and components, and office equipment|20||Multiple modes|05|250 - 499 miles|2022|74398||1662||5.7||16.1|
01|00|0100000US|United States||35|Electronic and other electrical equipment and components, and office equipment|20||Multiple modes|06|500 - 749 miles|2022|61895||1035||4.1||11.5|
01|00|0100000US|United States||35|Electronic and other electrical equipment and components, and office equipment|20||Multiple modes|07|750 - 999 miles|2022|63405||1299||6.8||20|
01|00|0100000US|United States||35|Electronic and other electrical equipment and components, and office equipment|20||Multiple modes|08|1,000 - 1,499 miles|2022|67746||1542||2.9||19.3|
01|00|0100000US|United States||35|Electronic and other electrical equipment and components, and office equipment|20||Multiple modes|09|1,500 - 1,999 miles|2022|49343||1496||7.1||30.5|
01|00|0100000US|United States||35|Electronic and other electrical equipment and components, and office equipment|20||Multiple modes|10|2,000 miles or more|2022|65093||862||10.6||17.1|
01|00|0100000US|United States||35|Electronic and other electrical equipment and components, and office equipment|21||Parcel, U.S.P.S. or courier|001|Total|2022|498892||5597||4.1||4.8|
01|00|0100000US|United States||35|Electronic and other electrical equipment and components, and office equipment|21||Parcel, U.S.P.S. or courier|02|Less than 50 miles|2022|59540||748||9.1||9.9|
01|00|0100000US|United States||35|Electronic and other electrical equipment and components, and office equipment|21||Parcel, U.S.P.S. or courier|03|50 - 99 miles|2022|23003||338||5.7||13.2|
01|00|0100000US|United States||35|Electronic and other electrical equipment and components, and office equipment|21||Parcel, U.S.P.S. or courier|04|100 - 249 miles|2022|51666||813||9.6||15.6|
01|00|0100000US|United States||35|Electronic and other electrical equipment and components, and office equipment|21||Parcel, U.S.P.S. or courier|05|250 - 499 miles|2022|72785||879||5.9||4.4|
01|00|0100000US|United States||35|Electronic and other electrical equipment and components, and office equipment|21||Parcel, U.S.P.S. or courier|06|500 - 749 miles|2022|60404||714||3.9||5.8|
01|00|0100000US|United States||35|Electronic and other electrical equipment and components, and office equipment|21||Parcel, U.S.P.S. or courier|07|750 - 999 miles|2022|61735||542||7.1||6.5|
01|00|0100000US|United States||35|Electronic and other electrical equipment and components, and office equipment|21||Parcel, U.S.P.S. or courier|08|1,000 - 1,499 miles|2022|63997||606||3.4||5.8|
01|00|0100000US|United States||35|Electronic and other electrical equipment and components, and office equipment|21||Parcel, U.S.P.S. or courier|09|1,500 - 1,999 miles|2022|45320||414||7||4.5|
01|00|0100000US|United States||35|Electronic and other electrical equipment and components, and office equipment|21||Parcel, U.S.P.S. or courier|10|2,000 miles or more|2022|60442||544||11.5||8.6|
01|00|0100000US|United States||35|Electronic and other electrical equipment and components, and office equipment|22||Truck and rail|001|Total|2022|16220||6384||25.9||25.7|
01|00|0100000US|United States||35|Electronic and other electrical equipment and components, and office equipment|22||Truck and rail|02|Less than 50 miles|2022|2572||1015||39.4||43.2|
01|00|0100000US|United States||35|Electronic and other electrical equipment and components, and office equipment|22||Truck and rail|03|50 - 99 miles|2022|0|S|0|S|0|S|0|S
01|00|0100000US|United States||35|Electronic and other electrical equipment and components, and office equipment|22||Truck and rail|04|100 - 249 miles|2022|0|S|1051||0|S|39.6|
01|00|0100000US|United States||35|Electronic and other electrical equipment and components, and office equipment|22||Truck and rail|05|250 - 499 miles|2022|1234||752||26.6||32.5|
01|00|0100000US|United States||35|Electronic and other electrical equipment and components, and office equipment|22||Truck and rail|06|500 - 749 miles|2022|1130||310||18.8||34.6|
01|00|0100000US|United States||35|Electronic and other electrical equipment and components, and office equipment|22||Truck and rail|07|750 - 999 miles|2022|1170||746||20.8||34.1|
01|00|0100000US|United States||35|Electronic and other electrical equipment and components, and office equipment|22||Truck and rail|08|1,000 - 1,499 miles|2022|3030||908||27.7||34.3|
01|00|0100000US|United States||35|Electronic and other electrical equipment and components, and office equipment|22||Truck and rail|09|1,500 - 1,999 miles|2022|3896||1075||35.8||42.4|
01|00|0100000US|United States||35|Electronic and other electrical equipment and components, and office equipment|22||Truck and rail|10|2,000 miles or more|2022|1729||0|S|48.1||0|S
01|00|0100000US|United States||35|Electronic and other electrical equipment and components, and office equipment|23||Truck and water|001|Total|2022|5570||265||48.9||28.1|
01|00|0100000US|United States||35|Electronic and other electrical equipment and components, and office equipment|23||Truck and water|02|Less than 50 miles|2022|283||0|S|36.6||0|S
01|00|0100000US|United States||35|Electronic and other electrical equipment and components, and office equipment|23||Truck and water|03|50 - 99 miles|2022|205||12||42.6||42.9|
01|00|0100000US|United States||35|Electronic and other electrical equipment and components, and office equipment|23||Truck and water|04|100 - 249 miles|2022|120||0|S|25.2||0|S
01|00|0100000US|United States||35|Electronic and other electrical equipment and components, and office equipment|23||Truck and water|05|250 - 499 miles|2022|379||0|S|48.3||0|S
01|00|0100000US|United States||35|Electronic and other electrical equipment and components, and office equipment|23||Truck and water|06|500 - 749 miles|2022|0|S|0|S|0|S|0|S
01|00|0100000US|United States||35|Electronic and other electrical equipment and components, and office equipment|23||Truck and water|07|750 - 999 miles|2022|0|S|0|S|0|S|0|S
01|00|0100000US|United States||35|Electronic and other electrical equipment and components, and office equipment|23||Truck and water|08|1,000 - 1,499 miles|2022|0|S|28||0|S|42.1|
01|00|0100000US|United States||35|Electronic and other electrical equipment and components, and office equipment|23||Truck and water|09|1,500 - 1,999 miles|2022|121||7||43.4||25.1|
01|00|0100000US|United States||35|Electronic and other electrical equipment and components, and office equipment|23||Truck and water|10|2,000 miles or more|2022|0|S|86||0|S|36.3|
01|00|0100000US|United States||35|Electronic and other electrical equipment and components, and office equipment|24||Rail and water|001|Total|2022|8||0|S|37.9||0|S
01|00|0100000US|United States||35|Electronic and other electrical equipment and components, and office equipment|24||Rail and water|02|Less than 50 miles|2022|0|S|0|S|0|S|0|S
01|00|0100000US|United States||35|Electronic and other electrical equipment and components, and office equipment|24||Rail and water|04|100 - 249 miles|2022|0|S|0|S|0|S|0|S
01|00|0100000US|United States||35|Electronic and other electrical equipment and components, and office equipment|24||Rail and water|05|250 - 499 miles|2022|0|S|0|S|0|S|0|S
01|00|0100000US|United States||35|Electronic and other electrical equipment and components, and office equipment|24||Rail and water|06|500 - 749 miles|2022|6||0|S|36.8||0|S
01|00|0100000US|United States||35|Electronic and other electrical equipment and components, and office equipment|24||Rail and water|07|750 - 999 miles|2022|0|S|0|S|0|S|0|S
01|00|0100000US|United States||35|Electronic and other electrical equipment and components, and office equipment|24||Rail and water|08|1,000 - 1,499 miles|2022|0|Z|0|S|46.3||0|S
01|00|0100000US|United States||35|Electronic and other electrical equipment and components, and office equipment|24||Rail and water|09|1,500 - 1,999 miles|2022|0|S|0|S|0|S|0|S
01|00|0100000US|United States||35|Electronic and other electrical equipment and components, and office equipment|25|x|Other multiple modes|001|Total|2022|44||0|S|46.7||0|S
01|00|0100000US|United States||35|Electronic and other electrical equipment and components, and office equipment|25|x|Other multiple modes|03|50 - 99 miles|2022|0|S|0|S|0|S|0|S
01|00|0100000US|United States||35|Electronic and other electrical equipment and components, and office equipment|25|x|Other multiple modes|04|100 - 249 miles|2022|0|S|0|S|0|S|0|S
01|00|0100000US|United States||35|Electronic and other electrical equipment and components, and office equipment|25|x|Other multiple modes|06|500 - 749 miles|2022|0|S|0|S|0|S|0|S
01|00|0100000US|United States||35|Electronic and other electrical equipment and components, and office equipment|25|x|Other multiple modes|07|750 - 999 miles|2022|0|S|0|S|0|S|0|S
01|00|0100000US|United States||35|Electronic and other electrical equipment and components, and office equipment|25|x|Other multiple modes|08|1,000 - 1,499 miles|2022|0|S|0|S|0|S|0|S
01|00|0100000US|United States||35|Electronic and other electrical equipment and components, and office equipment|25|x|Other multiple modes|09|1,500 - 1,999 miles|2022|0|S|0|S|0|S|0|S
01|00|0100000US|United States||35|Electronic and other electrical equipment and components, and office equipment|25|x|Other multiple modes|10|2,000 miles or more|2022|0|S|0|S|0|S|0|S
01|00|0100000US|United States||35|Electronic and other electrical equipment and components, and office equipment|30|z|Unknown mode|001|Total|2022|30437||1843||29.7||41.6|
01|00|0100000US|United States||35|Electronic and other electrical equipment and components, and office equipment|30|z|Unknown mode|02|Less than 50 miles|2022|10375||0|S|44.6||0|S
01|00|0100000US|United States||35|Electronic and other electrical equipment and components, and office equipment|30|z|Unknown mode|03|50 - 99 miles|2022|524||0|S|27.3||0|S
01|00|0100000US|United States||35|Electronic and other electrical equipment and components, and office equipment|30|z|Unknown mode|04|100 - 249 miles|2022|0|S|38||0|S|27.6|
01|00|0100000US|United States||35|Electronic and other electrical equipment and components, and office equipment|30|z|Unknown mode|05|250 - 499 miles|2022|4224||247||49.3||43.2|
01|00|0100000US|United States||35|Electronic and other electrical equipment and components, and office equipment|30|z|Unknown mode|06|500 - 749 miles|2022|3549||162||39.9||26.8|
01|00|0100000US|United States||35|Electronic and other electrical equipment and components, and office equipment|30|z|Unknown mode|07|750 - 999 miles|2022|0|S|54||0|S|49.3|
01|00|0100000US|United States||35|Electronic and other electrical equipment and components, and office equipment|30|z|Unknown mode|08|1,000 - 1,499 miles|2022|0|S|0|S|0|S|0|S
01|00|0100000US|United States||35|Electronic and other electrical equipment and components, and office equipment|30|z|Unknown mode|09|1,500 - 1,999 miles|2022|0|S|0|S|0|S|0|S
01|00|0100000US|United States||35|Electronic and other electrical equipment and components, and office equipment|30|z|Unknown mode|10|2,000 miles or more|2022|1959||69||30.4||37.4|
01|00|0100000US|United States||36|Motorized and other vehicles (includes parts)|00||All modes|001|Total|2022|1466316||199331||8.4||8.5|
01|00|0100000US|United States||36|Motorized and other vehicles (includes parts)|00||All modes|02|Less than 50 miles|2022|331773||68062||18.9||21.2|
01|00|0100000US|United States||36|Motorized and other vehicles (includes parts)|00||All modes|03|50 - 99 miles|2022|98836||16151||8.7||12.8|
01|00|0100000US|United States||36|Motorized and other vehicles (includes parts)|00||All modes|04|100 - 249 miles|2022|197949||35968||6.3||13.1|
01|00|0100000US|United States||36|Motorized and other vehicles (includes parts)|00||All modes|05|250 - 499 miles|2022|248038||27220||8||8.2|
01|00|0100000US|United States||36|Motorized and other vehicles (includes parts)|00||All modes|06|500 - 749 miles|2022|182027||17954||12.4||10.3|
01|00|0100000US|United States||36|Motorized and other vehicles (includes parts)|00||All modes|07|750 - 999 miles|2022|122624||9760||12.6||8.6|
01|00|0100000US|United States||36|Motorized and other vehicles (includes parts)|00||All modes|08|1,000 - 1,499 miles|2022|120667||10271||11.9||10.3|
01|00|0100000US|United States||36|Motorized and other vehicles (includes parts)|00||All modes|09|1,500 - 1,999 miles|2022|124195||9903||14.1||14.4|
01|00|0100000US|United States||36|Motorized and other vehicles (includes parts)|00||All modes|10|2,000 miles or more|2022|40208||4042||15.1||18|
01|00|0100000US|United States||36|Motorized and other vehicles (includes parts)|10||Single modes|001|Total|2022|1093159||169941||11.1||9.9|
01|00|0100000US|United States||36|Motorized and other vehicles (includes parts)|10||Single modes|02|Less than 50 miles|2022|295148||64724||21.3||22.2|
01|00|0100000US|United States||36|Motorized and other vehicles (includes parts)|10||Single modes|03|50 - 99 miles|2022|83003||15294||10.3||13.5|
01|00|0100000US|United States||36|Motorized and other vehicles (includes parts)|10||Single modes|04|100 - 249 miles|2022|164463||30789||7.6||10.6|
01|00|0100000US|United States||36|Motorized and other vehicles (includes parts)|10||Single modes|05|250 - 499 miles|2022|205489||24210||9.9||9.2|
01|00|0100000US|United States||36|Motorized and other vehicles (includes parts)|10||Single modes|06|500 - 749 miles|2022|129026||13462||15.6||12.1|
01|00|0100000US|United States||36|Motorized and other vehicles (includes parts)|10||Single modes|07|750 - 999 miles|2022|70548||6964||13.8||10.2|
01|00|0100000US|United States||36|Motorized and other vehicles (includes parts)|10||Single modes|08|1,000 - 1,499 miles|2022|74202||7163||15.3||10.7|
01|00|0100000US|United States||36|Motorized and other vehicles (includes parts)|10||Single modes|09|1,500 - 1,999 miles|2022|47401||4876||18||17|
01|00|0100000US|United States||36|Motorized and other vehicles (includes parts)|10||Single modes|10|2,000 miles or more|2022|23878||2459||23.6||23.5|
01|00|0100000US|United States||36|Motorized and other vehicles (includes parts)|11|n|Truck|001|Total|2022|1040027||163813||11||10.4|
01|00|0100000US|United States||36|Motorized and other vehicles (includes parts)|11|n|Truck|02|Less than 50 miles|2022|289948||63309||21.5||22.6|
01|00|0100000US|United States||36|Motorized and other vehicles (includes parts)|11|n|Truck|03|50 - 99 miles|2022|82841||14644||10.4||14.4|
01|00|0100000US|United States||36|Motorized and other vehicles (includes parts)|11|n|Truck|04|100 - 249 miles|2022|157001||29996||6.3||11|
01|00|0100000US|United States||36|Motorized and other vehicles (includes parts)|11|n|Truck|05|250 - 499 miles|2022|199876||23684||10.1||9.7|
01|00|0100000US|United States||36|Motorized and other vehicles (includes parts)|11|n|Truck|06|500 - 749 miles|2022|119616||12682||15.4||12.5|
01|00|0100000US|United States||36|Motorized and other vehicles (includes parts)|11|n|Truck|07|750 - 999 miles|2022|62653||6325||11.5||10.8|
01|00|0100000US|United States||36|Motorized and other vehicles (includes parts)|11|n|Truck|08|1,000 - 1,499 miles|2022|66630||6655||12.8||10.2|
01|00|0100000US|United States||36|Motorized and other vehicles (includes parts)|11|n|Truck|09|1,500 - 1,999 miles|2022|40413||4320||16.3||16.1|
01|00|0100000US|United States||36|Motorized and other vehicles (includes parts)|11|n|Truck|10|2,000 miles or more|2022|21050||2199||23.3||24.1|
01|00|0100000US|United States||36|Motorized and other vehicles (includes parts)|111||For-hire truck|001|Total|2022|695388||111585||9.2||11.6|
01|00|0100000US|United States||36|Motorized and other vehicles (includes parts)|111||For-hire truck|02|Less than 50 miles|2022|92652||35645||9.5||37.6|
01|00|0100000US|United States||36|Motorized and other vehicles (includes parts)|111||For-hire truck|03|50 - 99 miles|2022|51435||8215||11.9||14.5|
01|00|0100000US|United States||36|Motorized and other vehicles (includes parts)|111||For-hire truck|04|100 - 249 miles|2022|118650||22900||7.4||16.3|
01|00|0100000US|United States||36|Motorized and other vehicles (includes parts)|111||For-hire truck|05|250 - 499 miles|2022|164516||19034||10.5||9.5|
01|00|0100000US|United States||36|Motorized and other vehicles (includes parts)|111||For-hire truck|06|500 - 749 miles|2022|102364||9974||14.6||9.2|
01|00|0100000US|United States||36|Motorized and other vehicles (includes parts)|111||For-hire truck|07|750 - 999 miles|2022|55672||4969||11.1||8.2|
01|00|0100000US|United States||36|Motorized and other vehicles (includes parts)|111||For-hire truck|08|1,000 - 1,499 miles|2022|58756||5577||14.5||10.8|
01|00|0100000US|United States||36|Motorized and other vehicles (includes parts)|111||For-hire truck|09|1,500 - 1,999 miles|2022|36511||3764||17.4||18.2|
01|00|0100000US|United States||36|Motorized and other vehicles (includes parts)|111||For-hire truck|10|2,000 miles or more|2022|14831||1506||20.9||17.8|
01|00|0100000US|United States||36|Motorized and other vehicles (includes parts)|112||Company-owned truck|001|Total|2022|227116||32283||36.4||35.2|
01|00|0100000US|United States||36|Motorized and other vehicles (includes parts)|112||Company-owned truck|02|Less than 50 miles|2022|147174||19234||39.1||35.6|
01|00|0100000US|United States||36|Motorized and other vehicles (includes parts)|112||Company-owned truck|03|50 - 99 miles|2022|21667||4014||15.3||29.6|
01|00|0100000US|United States||36|Motorized and other vehicles (includes parts)|112||Company-owned truck|04|100 - 249 miles|2022|21614||4290||17.1||32.8|
01|00|0100000US|United States||36|Motorized and other vehicles (includes parts)|112||Company-owned truck|05|250 - 499 miles|2022|15641||2111||44.5||42.7|
01|00|0100000US|United States||36|Motorized and other vehicles (includes parts)|112||Company-owned truck|06|500 - 749 miles|2022|0|S|0|S|0|S|0|S
01|00|0100000US|United States||36|Motorized and other vehicles (includes parts)|112||Company-owned truck|07|750 - 999 miles|2022|0|S|0|S|0|S|0|S
01|00|0100000US|United States||36|Motorized and other vehicles (includes parts)|112||Company-owned truck|08|1,000 - 1,499 miles|2022|2635||464||35.1||37.5|
01|00|0100000US|United States||36|Motorized and other vehicles (includes parts)|112||Company-owned truck|09|1,500 - 1,999 miles|2022|0|S|0|S|0|S|0|S
01|00|0100000US|United States||36|Motorized and other vehicles (includes parts)|112||Company-owned truck|10|2,000 miles or more|2022|0|S|0|S|0|S|0|S
01|00|0100000US|United States||36|Motorized and other vehicles (includes parts)|113|o|Customer pick-up|001|Total|2022|117522||19946||7||13.8|
01|00|0100000US|United States||36|Motorized and other vehicles (includes parts)|113|o|Customer pick-up|02|Less than 50 miles|2022|50122||8430||12.1||16.2|
01|00|0100000US|United States||36|Motorized and other vehicles (includes parts)|113|o|Customer pick-up|03|50 - 99 miles|2022|9739||2416||15.3||27.6|
01|00|0100000US|United States||36|Motorized and other vehicles (includes parts)|113|o|Customer pick-up|04|100 - 249 miles|2022|16736||2806||7.7||11.6|
01|00|0100000US|United States||36|Motorized and other vehicles (includes parts)|113|o|Customer pick-up|05|250 - 499 miles|2022|19719||2538||10.2||24.1|
01|00|0100000US|United States||36|Motorized and other vehicles (includes parts)|113|o|Customer pick-up|06|500 - 749 miles|2022|9532||1730||30.4||34.1|
01|00|0100000US|United States||36|Motorized and other vehicles (includes parts)|113|o|Customer pick-up|07|750 - 999 miles|2022|4189||1036||21.2||40.4|
01|00|0100000US|United States||36|Motorized and other vehicles (includes parts)|113|o|Customer pick-up|08|1,000 - 1,499 miles|2022|5238||615||22.1||21.7|
01|00|0100000US|United States||36|Motorized and other vehicles (includes parts)|113|o|Customer pick-up|09|1,500 - 1,999 miles|2022|1635||334||13.7||29.6|
01|00|0100000US|United States||36|Motorized and other vehicles (includes parts)|113|o|Customer pick-up|10|2,000 miles or more|2022|611||41||30.8||27.5|
01|00|0100000US|United States||36|Motorized and other vehicles (includes parts)|12||Rail|001|Total|2022|47764||5756||28.1||16.8|
01|00|0100000US|United States||36|Motorized and other vehicles (includes parts)|12||Rail|02|Less than 50 miles|2022|4958||1400||46||35.1|
01|00|0100000US|United States||36|Motorized and other vehicles (includes parts)|12||Rail|03|50 - 99 miles|2022|0|S|0|S|0|S|0|S
01|00|0100000US|United States||36|Motorized and other vehicles (includes parts)|12||Rail|04|100 - 249 miles|2022|0|S|777||0|S|39.1|
01|00|0100000US|United States||36|Motorized and other vehicles (includes parts)|12||Rail|05|250 - 499 miles|2022|5002||488||38.5||28.1|
01|00|0100000US|United States||36|Motorized and other vehicles (includes parts)|12||Rail|06|500 - 749 miles|2022|8605||720||28.4||24.5|
01|00|0100000US|United States||36|Motorized and other vehicles (includes parts)|12||Rail|07|750 - 999 miles|2022|0|S|610||0|S|38.7|
01|00|0100000US|United States||36|Motorized and other vehicles (includes parts)|12||Rail|08|1,000 - 1,499 miles|2022|0|S|460||0|S|38.9|
01|00|0100000US|United States||36|Motorized and other vehicles (includes parts)|12||Rail|09|1,500 - 1,999 miles|2022|6502||502||37.1||42.8|
01|00|0100000US|United States||36|Motorized and other vehicles (includes parts)|12||Rail|10|2,000 miles or more|2022|1222||151||43.6||42.5|
01|00|0100000US|United States||36|Motorized and other vehicles (includes parts)|13||Water|001|Total|2022|0|S|0|S|0|S|0|S
01|00|0100000US|United States||36|Motorized and other vehicles (includes parts)|13||Water|02|Less than 50 miles|2022|0|S|0|S|0|S|0|S
01|00|0100000US|United States||36|Motorized and other vehicles (includes parts)|13||Water|03|50 - 99 miles|2022|24||1||11.4||8.4|
01|00|0100000US|United States||36|Motorized and other vehicles (includes parts)|13||Water|04|100 - 249 miles|2022|12||1||20.8||24.3|
01|00|0100000US|United States||36|Motorized and other vehicles (includes parts)|13||Water|05|250 - 499 miles|2022|55||2||32.3||38.5|
01|00|0100000US|United States||36|Motorized and other vehicles (includes parts)|13||Water|06|500 - 749 miles|2022|0|S|0|S|0|S|0|S
01|00|0100000US|United States||36|Motorized and other vehicles (includes parts)|13||Water|07|750 - 999 miles|2022|41||3||33.3||37.5|
01|00|0100000US|United States||36|Motorized and other vehicles (includes parts)|13||Water|09|1,500 - 1,999 miles|2022|0|S|0|S|0|S|0|S
01|00|0100000US|United States||36|Motorized and other vehicles (includes parts)|13||Water|10|2,000 miles or more|2022|0|S|0|S|0|S|0|S
01|00|0100000US|United States||36|Motorized and other vehicles (includes parts)|131||Inland water|001|Total|2022|0|S|0|S|0|S|0|S
01|00|0100000US|United States||36|Motorized and other vehicles (includes parts)|131||Inland water|03|50 - 99 miles|2022|0|S|0|S|0|S|0|S
01|00|0100000US|United States||36|Motorized and other vehicles (includes parts)|133||Deep sea|001|Total|2022|0|S|0|S|0|S|0|S
01|00|0100000US|United States||36|Motorized and other vehicles (includes parts)|133||Deep sea|02|Less than 50 miles|2022|0|S|0|S|0|S|0|S
01|00|0100000US|United States||36|Motorized and other vehicles (includes parts)|133||Deep sea|03|50 - 99 miles|2022|22||1||11.3||8.6|
01|00|0100000US|United States||36|Motorized and other vehicles (includes parts)|133||Deep sea|04|100 - 249 miles|2022|12||1||20.8||24.3|
01|00|0100000US|United States||36|Motorized and other vehicles (includes parts)|133||Deep sea|05|250 - 499 miles|2022|55||2||32.3||38.5|
01|00|0100000US|United States||36|Motorized and other vehicles (includes parts)|133||Deep sea|06|500 - 749 miles|2022|0|S|0|S|0|S|0|S
01|00|0100000US|United States||36|Motorized and other vehicles (includes parts)|133||Deep sea|07|750 - 999 miles|2022|41||3||33.3||37.5|
01|00|0100000US|United States||36|Motorized and other vehicles (includes parts)|133||Deep sea|09|1,500 - 1,999 miles|2022|0|S|0|S|0|S|0|S
01|00|0100000US|United States||36|Motorized and other vehicles (includes parts)|133||Deep sea|10|2,000 miles or more|2022|0|S|0|S|0|S|0|S
01|00|0100000US|United States||36|Motorized and other vehicles (includes parts)|14||Air (includes truck and air)|001|Total|2022|4661||322||29.7||37.5|
01|00|0100000US|United States||36|Motorized and other vehicles (includes parts)|14||Air (includes truck and air)|02|Less than 50 miles|2022|0|Z|0|S|11.5||0|S
01|00|0100000US|United States||36|Motorized and other vehicles (includes parts)|14||Air (includes truck and air)|03|50 - 99 miles|2022|4||0|Z|36.8||41.8|
01|00|0100000US|United States||36|Motorized and other vehicles (includes parts)|14||Air (includes truck and air)|04|100 - 249 miles|2022|135||0|S|33.5||0|S
01|00|0100000US|United States||36|Motorized and other vehicles (includes parts)|14||Air (includes truck and air)|05|250 - 499 miles|2022|544||29||16.3||30.2|
01|00|0100000US|United States||36|Motorized and other vehicles (includes parts)|14||Air (includes truck and air)|06|500 - 749 miles|2022|489||0|S|18.4||0|S
01|00|0100000US|United States||36|Motorized and other vehicles (includes parts)|14||Air (includes truck and air)|07|750 - 999 miles|2022|463||0|S|22.9||0|S
01|00|0100000US|United States||36|Motorized and other vehicles (includes parts)|14||Air (includes truck and air)|08|1,000 - 1,499 miles|2022|0|S|0|S|0|S|0|S
01|00|0100000US|United States||36|Motorized and other vehicles (includes parts)|14||Air (includes truck and air)|09|1,500 - 1,999 miles|2022|485||54||23.2||30.5|
01|00|0100000US|United States||36|Motorized and other vehicles (includes parts)|14||Air (includes truck and air)|10|2,000 miles or more|2022|1604||0|S|47.9||0|S
01|00|0100000US|United States||36|Motorized and other vehicles (includes parts)|15||Pipeline|001|Total|2022|0|S|0|S|0|S|0|S
01|00|0100000US|United States||36|Motorized and other vehicles (includes parts)|15||Pipeline|02|Less than 50 miles|2022|0|S|0|S|0|S|0|S
01|00|0100000US|United States||36|Motorized and other vehicles (includes parts)|15||Pipeline|04|100 - 249 miles|2022|0|S|0|S|0|S|0|S
01|00|0100000US|United States||36|Motorized and other vehicles (includes parts)|15||Pipeline|05|250 - 499 miles|2022|0|S|0|S|0|S|0|S
01|00|0100000US|United States||36|Motorized and other vehicles (includes parts)|20||Multiple modes|001|Total|2022|357044||26053||14.1||18.7|
01|00|0100000US|United States||36|Motorized and other vehicles (includes parts)|20||Multiple modes|02|Less than 50 miles|2022|31824||1398||18||14.4|
01|00|0100000US|United States||36|Motorized and other vehicles (includes parts)|20||Multiple modes|03|50 - 99 miles|2022|15018||749||7.8||12.5|
01|00|0100000US|United States||36|Motorized and other vehicles (includes parts)|20||Multiple modes|04|100 - 249 miles|2022|31150||4506||10.9||43|
01|00|0100000US|United States||36|Motorized and other vehicles (includes parts)|20||Multiple modes|05|250 - 499 miles|2022|40064||2856||12.3||23.3|
01|00|0100000US|United States||36|Motorized and other vehicles (includes parts)|20||Multiple modes|06|500 - 749 miles|2022|51768||4345||18.2||24.7|
01|00|0100000US|United States||36|Motorized and other vehicles (includes parts)|20||Multiple modes|07|750 - 999 miles|2022|50691||2666||29.8||33.1|
01|00|0100000US|United States||36|Motorized and other vehicles (includes parts)|20||Multiple modes|08|1,000 - 1,499 miles|2022|45546||3018||23.1||28|
01|00|0100000US|United States||36|Motorized and other vehicles (includes parts)|20||Multiple modes|09|1,500 - 1,999 miles|2022|75086||4945||18.5||19.4|
01|00|0100000US|United States||36|Motorized and other vehicles (includes parts)|20||Multiple modes|10|2,000 miles or more|2022|15897||1569||9.4||31.8|
01|00|0100000US|United States||36|Motorized and other vehicles (includes parts)|21||Parcel, U.S.P.S. or courier|001|Total|2022|133729||3947||6.1||5.6|
01|00|0100000US|United States||36|Motorized and other vehicles (includes parts)|21||Parcel, U.S.P.S. or courier|02|Less than 50 miles|2022|19509||544||11.8||14|
01|00|0100000US|United States||36|Motorized and other vehicles (includes parts)|21||Parcel, U.S.P.S. or courier|03|50 - 99 miles|2022|11161||279||10.5||9.3|
01|00|0100000US|United States||36|Motorized and other vehicles (includes parts)|21||Parcel, U.S.P.S. or courier|04|100 - 249 miles|2022|24393||666||10.7||7.3|
01|00|0100000US|United States||36|Motorized and other vehicles (includes parts)|21||Parcel, U.S.P.S. or courier|05|250 - 499 miles|2022|21023||660||5.7||7.1|
01|00|0100000US|United States||36|Motorized and other vehicles (includes parts)|21||Parcel, U.S.P.S. or courier|06|500 - 749 miles|2022|16213||456||9.5||7.2|
01|00|0100000US|United States||36|Motorized and other vehicles (includes parts)|21||Parcel, U.S.P.S. or courier|07|750 - 999 miles|2022|12340||394||10.1||7.9|
01|00|0100000US|United States||36|Motorized and other vehicles (includes parts)|21||Parcel, U.S.P.S. or courier|08|1,000 - 1,499 miles|2022|12881||371||5.4||5.5|
01|00|0100000US|United States||36|Motorized and other vehicles (includes parts)|21||Parcel, U.S.P.S. or courier|09|1,500 - 1,999 miles|2022|7932||273||10.3||12.9|
01|00|0100000US|United States||36|Motorized and other vehicles (includes parts)|21||Parcel, U.S.P.S. or courier|10|2,000 miles or more|2022|8277||304||13.3||25|
01|00|0100000US|United States||36|Motorized and other vehicles (includes parts)|22||Truck and rail|001|Total|2022|210303||21219||24.5||22.1|
01|00|0100000US|United States||36|Motorized and other vehicles (includes parts)|22||Truck and rail|02|Less than 50 miles|2022|9651||707||48.2||26.2|
01|00|0100000US|United States||36|Motorized and other vehicles (includes parts)|22||Truck and rail|03|50 - 99 miles|2022|2890||419||34.1||27.8|
01|00|0100000US|United States||36|Motorized and other vehicles (includes parts)|22||Truck and rail|04|100 - 249 miles|2022|6086||0|S|43.6||0|S
01|00|0100000US|United States||36|Motorized and other vehicles (includes parts)|22||Truck and rail|05|250 - 499 miles|2022|17963||2121||26.8||29.3|
01|00|0100000US|United States||36|Motorized and other vehicles (includes parts)|22||Truck and rail|06|500 - 749 miles|2022|34896||3849||26.7||27.3|
01|00|0100000US|United States||36|Motorized and other vehicles (includes parts)|22||Truck and rail|07|750 - 999 miles|2022|37338||2221||41.7||39.5|
01|00|0100000US|United States||36|Motorized and other vehicles (includes parts)|22||Truck and rail|08|1,000 - 1,499 miles|2022|31488||2579||34.3||32.3|
01|00|0100000US|United States||36|Motorized and other vehicles (includes parts)|22||Truck and rail|09|1,500 - 1,999 miles|2022|64395||4510||21.3||21.2|
01|00|0100000US|United States||36|Motorized and other vehicles (includes parts)|22||Truck and rail|10|2,000 miles or more|2022|5596||1011||22.9||48.5|
01|00|0100000US|United States||36|Motorized and other vehicles (includes parts)|23||Truck and water|001|Total|2022|0|S|765||0|S|45.3|
01|00|0100000US|United States||36|Motorized and other vehicles (includes parts)|23||Truck and water|02|Less than 50 miles|2022|0|S|0|S|0|S|0|S
01|00|0100000US|United States||36|Motorized and other vehicles (includes parts)|23||Truck and water|03|50 - 99 miles|2022|0|S|0|S|0|S|0|S
01|00|0100000US|United States||36|Motorized and other vehicles (includes parts)|23||Truck and water|04|100 - 249 miles|2022|666||36||41.8||41.2|
01|00|0100000US|United States||36|Motorized and other vehicles (includes parts)|23||Truck and water|05|250 - 499 miles|2022|1076||75||43.6||41.2|
01|00|0100000US|United States||36|Motorized and other vehicles (includes parts)|23||Truck and water|06|500 - 749 miles|2022|646||40||42.5||44.8|
01|00|0100000US|United States||36|Motorized and other vehicles (includes parts)|23||Truck and water|07|750 - 999 miles|2022|1013||51||35.9||45.5|
01|00|0100000US|United States||36|Motorized and other vehicles (includes parts)|23||Truck and water|08|1,000 - 1,499 miles|2022|1177||68||46.1||31.1|
01|00|0100000US|United States||36|Motorized and other vehicles (includes parts)|23||Truck and water|09|1,500 - 1,999 miles|2022|0|S|0|S|0|S|0|S
01|00|0100000US|United States||36|Motorized and other vehicles (includes parts)|23||Truck and water|10|2,000 miles or more|2022|585||0|S|46.9||0|S
01|00|0100000US|United States||36|Motorized and other vehicles (includes parts)|24||Rail and water|001|Total|2022|0|S|0|S|0|S|0|S
01|00|0100000US|United States||36|Motorized and other vehicles (includes parts)|24||Rail and water|02|Less than 50 miles|2022|0|S|0|S|0|S|0|S
01|00|0100000US|United States||36|Motorized and other vehicles (includes parts)|24||Rail and water|05|250 - 499 miles|2022|2||0|S|24.2||0|S
01|00|0100000US|United States||36|Motorized and other vehicles (includes parts)|24||Rail and water|06|500 - 749 miles|2022|0|S|0|S|0|S|0|S
01|00|0100000US|United States||36|Motorized and other vehicles (includes parts)|24||Rail and water|07|750 - 999 miles|2022|0|S|0|S|0|S|0|S
01|00|0100000US|United States||36|Motorized and other vehicles (includes parts)|24||Rail and water|09|1,500 - 1,999 miles|2022|0|S|0|S|0|S|0|S
01|00|0100000US|United States||36|Motorized and other vehicles (includes parts)|24||Rail and water|10|2,000 miles or more|2022|0|S|0|S|0|S|0|S
01|00|0100000US|United States||36|Motorized and other vehicles (includes parts)|25|x|Other multiple modes|001|Total|2022|1473||121||45.4||43.3|
01|00|0100000US|United States||36|Motorized and other vehicles (includes parts)|25|x|Other multiple modes|03|50 - 99 miles|2022|0|S|0|S|0|S|0|S
01|00|0100000US|United States||36|Motorized and other vehicles (includes parts)|25|x|Other multiple modes|04|100 - 249 miles|2022|0|S|0|S|0|S|0|S
01|00|0100000US|United States||36|Motorized and other vehicles (includes parts)|25|x|Other multiple modes|05|250 - 499 miles|2022|0|S|0|S|0|S|0|S
01|00|0100000US|United States||36|Motorized and other vehicles (includes parts)|25|x|Other multiple modes|06|500 - 749 miles|2022|0|S|0|S|0|S|0|S
01|00|0100000US|United States||36|Motorized and other vehicles (includes parts)|25|x|Other multiple modes|09|1,500 - 1,999 miles|2022|0|S|0|S|0|S|0|S
01|00|0100000US|United States||36|Motorized and other vehicles (includes parts)|25|x|Other multiple modes|10|2,000 miles or more|2022|1440||119||45.2||42.6|
01|00|0100000US|United States||36|Motorized and other vehicles (includes parts)|30|z|Unknown mode|001|Total|2022|16113||3336||16.8||22.3|
01|00|0100000US|United States||36|Motorized and other vehicles (includes parts)|30|z|Unknown mode|02|Less than 50 miles|2022|4801||1940||21||17.6|
01|00|0100000US|United States||36|Motorized and other vehicles (includes parts)|30|z|Unknown mode|03|50 - 99 miles|2022|815||108||36.1||39|
01|00|0100000US|United States||36|Motorized and other vehicles (includes parts)|30|z|Unknown mode|04|100 - 249 miles|2022|2336||673||34||47.9|
01|00|0100000US|United States||36|Motorized and other vehicles (includes parts)|30|z|Unknown mode|05|250 - 499 miles|2022|2485||154||26.2||22.7|
01|00|0100000US|United States||36|Motorized and other vehicles (includes parts)|30|z|Unknown mode|06|500 - 749 miles|2022|1232||147||25.6||28.9|
01|00|0100000US|United States||36|Motorized and other vehicles (includes parts)|30|z|Unknown mode|07|750 - 999 miles|2022|1384||130||42.7||45.2|
01|00|0100000US|United States||36|Motorized and other vehicles (includes parts)|30|z|Unknown mode|08|1,000 - 1,499 miles|2022|919||90||15||29.8|
01|00|0100000US|United States||36|Motorized and other vehicles (includes parts)|30|z|Unknown mode|09|1,500 - 1,999 miles|2022|1708||82||44||29.6|
01|00|0100000US|United States||36|Motorized and other vehicles (includes parts)|30|z|Unknown mode|10|2,000 miles or more|2022|433||14||47||38.3|
01|00|0100000US|United States||37|Transportation equipment, not elsewhere classified|00||All modes|001|Total|2022|297085||10032||10.3||9.4|
01|00|0100000US|United States||37|Transportation equipment, not elsewhere classified|00||All modes|02|Less than 50 miles|2022|75734||1954||18.9||19.2|
01|00|0100000US|United States||37|Transportation equipment, not elsewhere classified|00||All modes|03|50 - 99 miles|2022|9941||247||27.7||28.4|
01|00|0100000US|United States||37|Transportation equipment, not elsewhere classified|00||All modes|04|100 - 249 miles|2022|26358||825||23.7||18|
01|00|0100000US|United States||37|Transportation equipment, not elsewhere classified|00||All modes|05|250 - 499 miles|2022|36086||1469||30||16.2|
01|00|0100000US|United States||37|Transportation equipment, not elsewhere classified|00||All modes|06|500 - 749 miles|2022|25656||1131||15.6||19.8|
01|00|0100000US|United States||37|Transportation equipment, not elsewhere classified|00||All modes|07|750 - 999 miles|2022|28765||2468||15.1||7.6|
01|00|0100000US|United States||37|Transportation equipment, not elsewhere classified|00||All modes|08|1,000 - 1,499 miles|2022|35197||686||10||26.5|
01|00|0100000US|United States||37|Transportation equipment, not elsewhere classified|00||All modes|09|1,500 - 1,999 miles|2022|41937||302||14.7||30.1|
01|00|0100000US|United States||37|Transportation equipment, not elsewhere classified|00||All modes|10|2,000 miles or more|2022|17411||950||10||6.5|
01|00|0100000US|United States||37|Transportation equipment, not elsewhere classified|10||Single modes|001|Total|2022|193997||9101||12.9||9.5|
01|00|0100000US|United States||37|Transportation equipment, not elsewhere classified|10||Single modes|02|Less than 50 miles|2022|57784||1865||24.5||20.3|
01|00|0100000US|United States||37|Transportation equipment, not elsewhere classified|10||Single modes|03|50 - 99 miles|2022|6789||212||33.1||25.7|
01|00|0100000US|United States||37|Transportation equipment, not elsewhere classified|10||Single modes|04|100 - 249 miles|2022|20081||723||30.6||21|
01|00|0100000US|United States||37|Transportation equipment, not elsewhere classified|10||Single modes|05|250 - 499 miles|2022|24259||1198||43||17.3|
01|00|0100000US|United States||37|Transportation equipment, not elsewhere classified|10||Single modes|06|500 - 749 miles|2022|13415||946||15.9||23|
01|00|0100000US|United States||37|Transportation equipment, not elsewhere classified|10||Single modes|07|750 - 999 miles|2022|15310||2380||22.6||7.4|
01|00|0100000US|United States||37|Transportation equipment, not elsewhere classified|10||Single modes|08|1,000 - 1,499 miles|2022|15311||641||18||28.2|
01|00|0100000US|United States||37|Transportation equipment, not elsewhere classified|10||Single modes|09|1,500 - 1,999 miles|2022|29805||196||20.2||30.6|
01|00|0100000US|United States||37|Transportation equipment, not elsewhere classified|10||Single modes|10|2,000 miles or more|2022|11244||940||11.8||6.6|
01|00|0100000US|United States||37|Transportation equipment, not elsewhere classified|11|n|Truck|001|Total|2022|145168||4680||17.7||15.5|
01|00|0100000US|United States||37|Transportation equipment, not elsewhere classified|11|n|Truck|02|Less than 50 miles|2022|42094||1184||34||18.1|
01|00|0100000US|United States||37|Transportation equipment, not elsewhere classified|11|n|Truck|03|50 - 99 miles|2022|6789||212||33.1||25.7|
01|00|0100000US|United States||37|Transportation equipment, not elsewhere classified|11|n|Truck|04|100 - 249 miles|2022|19606||624||31.6||19.3|
01|00|0100000US|United States||37|Transportation equipment, not elsewhere classified|11|n|Truck|05|250 - 499 miles|2022|22705||820||46.6||15.4|
01|00|0100000US|United States||37|Transportation equipment, not elsewhere classified|11|n|Truck|06|500 - 749 miles|2022|12030||839||18.4||24.8|
01|00|0100000US|United States||37|Transportation equipment, not elsewhere classified|11|n|Truck|07|750 - 999 miles|2022|11520||456||30.7||19.3|
01|00|0100000US|United States||37|Transportation equipment, not elsewhere classified|11|n|Truck|08|1,000 - 1,499 miles|2022|10811||363||22||23.5|
01|00|0100000US|United States||37|Transportation equipment, not elsewhere classified|11|n|Truck|09|1,500 - 1,999 miles|2022|14734||129||40.8||32.1|
01|00|0100000US|United States||37|Transportation equipment, not elsewhere classified|11|n|Truck|10|2,000 miles or more|2022|4878||54||26.3||32.9|
01|00|0100000US|United States||37|Transportation equipment, not elsewhere classified|111||For-hire truck|001|Total|2022|107224||3806||22.1||17.9|
01|00|0100000US|United States||37|Transportation equipment, not elsewhere classified|111||For-hire truck|02|Less than 50 miles|2022|16996||885||28.6||20.4|
01|00|0100000US|United States||37|Transportation equipment, not elsewhere classified|111||For-hire truck|03|50 - 99 miles|2022|5985||152||36.2||29.5|
01|00|0100000US|United States||37|Transportation equipment, not elsewhere classified|111||For-hire truck|04|100 - 249 miles|2022|16440||480||38.8||21|
01|00|0100000US|United States||37|Transportation equipment, not elsewhere classified|111||For-hire truck|05|250 - 499 miles|2022|0|S|703||0|S|16.7|
01|00|0100000US|United States||37|Transportation equipment, not elsewhere classified|111||For-hire truck|06|500 - 749 miles|2022|8919||693||17.6||26.8|
01|00|0100000US|United States||37|Transportation equipment, not elsewhere classified|111||For-hire truck|07|750 - 999 miles|2022|10224||390||32.8||21.9|
01|00|0100000US|United States||37|Transportation equipment, not elsewhere classified|111||For-hire truck|08|1,000 - 1,499 miles|2022|9829||334||24.2||24.5|
01|00|0100000US|United States||37|Transportation equipment, not elsewhere classified|111||For-hire truck|09|1,500 - 1,999 miles|2022|13704||115||43.8||34.2|
01|00|0100000US|United States||37|Transportation equipment, not elsewhere classified|111||For-hire truck|10|2,000 miles or more|2022|4828||53||26.6||33.5|
01|00|0100000US|United States||37|Transportation equipment, not elsewhere classified|112||Company-owned truck|001|Total|2022|32546||634||34.9||39.2|
01|00|0100000US|United States||37|Transportation equipment, not elsewhere classified|112||Company-owned truck|02|Less than 50 miles|2022|0|S|225||0|S|33.7|
01|00|0100000US|United States||37|Transportation equipment, not elsewhere classified|112||Company-owned truck|03|50 - 99 miles|2022|698||42||25.7||47.7|
01|00|0100000US|United States||37|Transportation equipment, not elsewhere classified|112||Company-owned truck|04|100 - 249 miles|2022|0|S|0|S|0|S|0|S
01|00|0100000US|United States||37|Transportation equipment, not elsewhere classified|112||Company-owned truck|05|250 - 499 miles|2022|0|S|0|S|0|S|0|S
01|00|0100000US|United States||37|Transportation equipment, not elsewhere classified|112||Company-owned truck|06|500 - 749 miles|2022|0|S|0|S|0|S|0|S
01|00|0100000US|United States||37|Transportation equipment, not elsewhere classified|112||Company-owned truck|07|750 - 999 miles|2022|0|S|0|S|0|S|0|S
01|00|0100000US|United States||37|Transportation equipment, not elsewhere classified|112||Company-owned truck|08|1,000 - 1,499 miles|2022|0|S|0|S|0|S|0|S
01|00|0100000US|United States||37|Transportation equipment, not elsewhere classified|112||Company-owned truck|09|1,500 - 1,999 miles|2022|0|S|0|S|0|S|0|S
01|00|0100000US|United States||37|Transportation equipment, not elsewhere classified|112||Company-owned truck|10|2,000 miles or more|2022|0|S|0|Z|0|S|47.6|
01|00|0100000US|United States||37|Transportation equipment, not elsewhere classified|113|o|Customer pick-up|001|Total|2022|5398||241||40.5||24.8|
01|00|0100000US|United States||37|Transportation equipment, not elsewhere classified|113|o|Customer pick-up|02|Less than 50 miles|2022|0|S|73||0|S|49.7|
01|00|0100000US|United States||37|Transportation equipment, not elsewhere classified|113|o|Customer pick-up|03|50 - 99 miles|2022|106||18||36.8||41.6|
01|00|0100000US|United States||37|Transportation equipment, not elsewhere classified|113|o|Customer pick-up|04|100 - 249 miles|2022|423||54||29.2||32.7|
01|00|0100000US|United States||37|Transportation equipment, not elsewhere classified|113|o|Customer pick-up|05|250 - 499 miles|2022|199||30||33.6||45|
01|00|0100000US|United States||37|Transportation equipment, not elsewhere classified|113|o|Customer pick-up|06|500 - 749 miles|2022|170||0|S|42.1||0|S
01|00|0100000US|United States||37|Transportation equipment, not elsewhere classified|113|o|Customer pick-up|07|750 - 999 miles|2022|0|S|0|S|0|S|0|S
01|00|0100000US|United States||37|Transportation equipment, not elsewhere classified|113|o|Customer pick-up|08|1,000 - 1,499 miles|2022|337||6||21.3||39.5|
01|00|0100000US|United States||37|Transportation equipment, not elsewhere classified|113|o|Customer pick-up|09|1,500 - 1,999 miles|2022|52||1||33||38.8|
01|00|0100000US|United States||37|Transportation equipment, not elsewhere classified|113|o|Customer pick-up|10|2,000 miles or more|2022|37||0|S|29.2||0|S
01|00|0100000US|United States||37|Transportation equipment, not elsewhere classified|12||Rail|001|Total|2022|3150||1787||32||28|
01|00|0100000US|United States||37|Transportation equipment, not elsewhere classified|12||Rail|02|Less than 50 miles|2022|0|S|672||0|S|36.5|
01|00|0100000US|United States||37|Transportation equipment, not elsewhere classified|12||Rail|04|100 - 249 miles|2022|0|S|0|S|0|S|0|S
01|00|0100000US|United States||37|Transportation equipment, not elsewhere classified|12||Rail|05|250 - 499 miles|2022|418||373||20.9||45|
01|00|0100000US|United States||37|Transportation equipment, not elsewhere classified|12||Rail|06|500 - 749 miles|2022|274||107||30.9||30|
01|00|0100000US|United States||37|Transportation equipment, not elsewhere classified|12||Rail|07|750 - 999 miles|2022|0|S|0|S|0|S|0|S
01|00|0100000US|United States||37|Transportation equipment, not elsewhere classified|12||Rail|08|1,000 - 1,499 miles|2022|0|S|0|S|0|S|0|S
01|00|0100000US|United States||37|Transportation equipment, not elsewhere classified|12||Rail|09|1,500 - 1,999 miles|2022|0|S|0|S|0|S|0|S
01|00|0100000US|United States||37|Transportation equipment, not elsewhere classified|14||Air (includes truck and air)|001|Total|2022|45680||2634||5.8||5.8|
01|00|0100000US|United States||37|Transportation equipment, not elsewhere classified|14||Air (includes truck and air)|02|Less than 50 miles|2022|0|S|0|S|0|S|0|S
01|00|0100000US|United States||37|Transportation equipment, not elsewhere classified|14||Air (includes truck and air)|04|100 - 249 miles|2022|26||0|S|22.7||0|S
01|00|0100000US|United States||37|Transportation equipment, not elsewhere classified|14||Air (includes truck and air)|05|250 - 499 miles|2022|1136||0|S|33.2||0|S
01|00|0100000US|United States||37|Transportation equipment, not elsewhere classified|14||Air (includes truck and air)|06|500 - 749 miles|2022|1111||1||25.6||37.1|
01|00|0100000US|United States||37|Transportation equipment, not elsewhere classified|14||Air (includes truck and air)|07|750 - 999 miles|2022|3227||1723||6.9||5.3|
01|00|0100000US|United States||37|Transportation equipment, not elsewhere classified|14||Air (includes truck and air)|08|1,000 - 1,499 miles|2022|3865||2||40.6||23|
01|00|0100000US|United States||37|Transportation equipment, not elsewhere classified|14||Air (includes truck and air)|09|1,500 - 1,999 miles|2022|14948||8||6.7||10.1|
01|00|0100000US|United States||37|Transportation equipment, not elsewhere classified|14||Air (includes truck and air)|10|2,000 miles or more|2022|6366||886||6.2||6.7|
01|00|0100000US|United States||37|Transportation equipment, not elsewhere classified|20||Multiple modes|001|Total|2022|98019||785||9.2||20|
01|00|0100000US|United States||37|Transportation equipment, not elsewhere classified|20||Multiple modes|02|Less than 50 miles|2022|16238||67||37||34.3|
01|00|0100000US|United States||37|Transportation equipment, not elsewhere classified|20||Multiple modes|03|50 - 99 miles|2022|0|S|0|S|0|S|0|S
01|00|0100000US|United States||37|Transportation equipment, not elsewhere classified|20||Multiple modes|04|100 - 249 miles|2022|6051||25||20.4||38|
01|00|0100000US|United States||37|Transportation equipment, not elsewhere classified|20||Multiple modes|05|250 - 499 miles|2022|11361||263||12.9||33.3|
01|00|0100000US|United States||37|Transportation equipment, not elsewhere classified|20||Multiple modes|06|500 - 749 miles|2022|11787||174||26.6||48.9|
01|00|0100000US|United States||37|Transportation equipment, not elsewhere classified|20||Multiple modes|07|750 - 999 miles|2022|12930||0|S|9.6||0|S
01|00|0100000US|United States||37|Transportation equipment, not elsewhere classified|20||Multiple modes|08|1,000 - 1,499 miles|2022|18896||30||21||22.8|
01|00|0100000US|United States||37|Transportation equipment, not elsewhere classified|20||Multiple modes|09|1,500 - 1,999 miles|2022|11914||0|S|22.2||0|S
01|00|0100000US|United States||37|Transportation equipment, not elsewhere classified|20||Multiple modes|10|2,000 miles or more|2022|5722||10||13.6||21.2|
01|00|0100000US|United States||37|Transportation equipment, not elsewhere classified|21||Parcel, U.S.P.S. or courier|001|Total|2022|87922||186||11.5||23.8|
01|00|0100000US|United States||37|Transportation equipment, not elsewhere classified|21||Parcel, U.S.P.S. or courier|02|Less than 50 miles|2022|7789||17||15.2||39.6|
01|00|0100000US|United States||37|Transportation equipment, not elsewhere classified|21||Parcel, U.S.P.S. or courier|03|50 - 99 miles|2022|0|S|6||0|S|31.3|
01|00|0100000US|United States||37|Transportation equipment, not elsewhere classified|21||Parcel, U.S.P.S. or courier|04|100 - 249 miles|2022|5934||22||20.6||35.9|
01|00|0100000US|United States||37|Transportation equipment, not elsewhere classified|21||Parcel, U.S.P.S. or courier|05|250 - 499 miles|2022|10900||23||13||33.8|
01|00|0100000US|United States||37|Transportation equipment, not elsewhere classified|21||Parcel, U.S.P.S. or courier|06|500 - 749 miles|2022|11036||21||25.9||36.2|
01|00|0100000US|United States||37|Transportation equipment, not elsewhere classified|21||Parcel, U.S.P.S. or courier|07|750 - 999 miles|2022|12688||25||9.6||25.8|
01|00|0100000US|United States||37|Transportation equipment, not elsewhere classified|21||Parcel, U.S.P.S. or courier|08|1,000 - 1,499 miles|2022|18894||30||21||22.3|
01|00|0100000US|United States||37|Transportation equipment, not elsewhere classified|21||Parcel, U.S.P.S. or courier|09|1,500 - 1,999 miles|2022|11870||0|S|22.4||0|S
01|00|0100000US|United States||37|Transportation equipment, not elsewhere classified|21||Parcel, U.S.P.S. or courier|10|2,000 miles or more|2022|5704||10||13.6||21.9|
01|00|0100000US|United States||37|Transportation equipment, not elsewhere classified|22||Truck and rail|001|Total|2022|0|S|558||0|S|25|
01|00|0100000US|United States||37|Transportation equipment, not elsewhere classified|22||Truck and rail|02|Less than 50 miles|2022|0|S|38||0|S|36.3|
01|00|0100000US|United States||37|Transportation equipment, not elsewhere classified|22||Truck and rail|03|50 - 99 miles|2022|0|S|0|S|0|S|0|S
01|00|0100000US|United States||37|Transportation equipment, not elsewhere classified|22||Truck and rail|04|100 - 249 miles|2022|3||0|S|44.2||0|S
01|00|0100000US|United States||37|Transportation equipment, not elsewhere classified|22||Truck and rail|05|250 - 499 miles|2022|451||235||17.7||28.4|
01|00|0100000US|United States||37|Transportation equipment, not elsewhere classified|22||Truck and rail|06|500 - 749 miles|2022|197||0|S|25.3||0|S
01|00|0100000US|United States||37|Transportation equipment, not elsewhere classified|22||Truck and rail|07|750 - 999 miles|2022|68||0|S|42.5||0|S
01|00|0100000US|United States||37|Transportation equipment, not elsewhere classified|22||Truck and rail|08|1,000 - 1,499 miles|2022|0|S|0|S|0|S|0|S
01|00|0100000US|United States||37|Transportation equipment, not elsewhere classified|22||Truck and rail|09|1,500 - 1,999 miles|2022|0|S|0|S|0|S|0|S
01|00|0100000US|United States||37|Transportation equipment, not elsewhere classified|23||Truck and water|001|Total|2022|0|S|0|S|0|S|0|S
01|00|0100000US|United States||37|Transportation equipment, not elsewhere classified|23||Truck and water|02|Less than 50 miles|2022|41||0|S|28.6||0|S
01|00|0100000US|United States||37|Transportation equipment, not elsewhere classified|23||Truck and water|03|50 - 99 miles|2022|0|S|0|S|0|S|0|S
01|00|0100000US|United States||37|Transportation equipment, not elsewhere classified|23||Truck and water|04|100 - 249 miles|2022|0|S|0|S|0|S|0|S
01|00|0100000US|United States||37|Transportation equipment, not elsewhere classified|23||Truck and water|05|250 - 499 miles|2022|0|S|0|S|0|S|0|S
01|00|0100000US|United States||37|Transportation equipment, not elsewhere classified|23||Truck and water|06|500 - 749 miles|2022|0|S|0|S|0|S|0|S
01|00|0100000US|United States||37|Transportation equipment, not elsewhere classified|23||Truck and water|07|750 - 999 miles|2022|0|S|0|S|0|S|0|S
01|00|0100000US|United States||37|Transportation equipment, not elsewhere classified|23||Truck and water|09|1,500 - 1,999 miles|2022|0|S|0|S|0|S|0|S
01|00|0100000US|United States||37|Transportation equipment, not elsewhere classified|23||Truck and water|10|2,000 miles or more|2022|0|S|0|S|0|S|0|S
01|00|0100000US|United States||37|Transportation equipment, not elsewhere classified|25|x|Other multiple modes|001|Total|2022|0|S|0|S|0|S|0|S
01|00|0100000US|United States||37|Transportation equipment, not elsewhere classified|25|x|Other multiple modes|02|Less than 50 miles|2022|0|S|0|S|0|S|0|S
01|00|0100000US|United States||37|Transportation equipment, not elsewhere classified|25|x|Other multiple modes|07|750 - 999 miles|2022|0|S|0|S|0|S|0|S
01|00|0100000US|United States||37|Transportation equipment, not elsewhere classified|30|z|Unknown mode|001|Total|2022|5068||0|S|44.1||0|S
01|00|0100000US|United States||37|Transportation equipment, not elsewhere classified|30|z|Unknown mode|02|Less than 50 miles|2022|0|S|21||0|S|36|
01|00|0100000US|United States||37|Transportation equipment, not elsewhere classified|30|z|Unknown mode|03|50 - 99 miles|2022|33||1||38.1||41.3|
01|00|0100000US|United States||37|Transportation equipment, not elsewhere classified|30|z|Unknown mode|04|100 - 249 miles|2022|225||0|S|45.2||0|S
01|00|0100000US|United States||37|Transportation equipment, not elsewhere classified|30|z|Unknown mode|05|250 - 499 miles|2022|466||8||32.9||30.9|
01|00|0100000US|United States||37|Transportation equipment, not elsewhere classified|30|z|Unknown mode|06|500 - 749 miles|2022|0|S|11||0|S|34.8|
01|00|0100000US|United States||37|Transportation equipment, not elsewhere classified|30|z|Unknown mode|07|750 - 999 miles|2022|0|S|8||0|S|45.1|
01|00|0100000US|United States||37|Transportation equipment, not elsewhere classified|30|z|Unknown mode|08|1,000 - 1,499 miles|2022|990||16||49.9||31.8|
01|00|0100000US|United States||37|Transportation equipment, not elsewhere classified|30|z|Unknown mode|09|1,500 - 1,999 miles|2022|0|S|0|S|0|S|0|S
01|00|0100000US|United States||37|Transportation equipment, not elsewhere classified|30|z|Unknown mode|10|2,000 miles or more|2022|445||0|Z|47.2||31|
01|00|0100000US|United States||38|Precision instruments and apparatus|00||All modes|001|Total|2022|452506||13219||4.3||8.2|
01|00|0100000US|United States||38|Precision instruments and apparatus|00||All modes|02|Less than 50 miles|2022|69396||2460||9||20.5|
01|00|0100000US|United States||38|Precision instruments and apparatus|00||All modes|03|50 - 99 miles|2022|20894||1124||8.7||42.3|
01|00|0100000US|United States||38|Precision instruments and apparatus|00||All modes|04|100 - 249 miles|2022|58466||2234||18.2||21.3|
01|00|0100000US|United States||38|Precision instruments and apparatus|00||All modes|05|250 - 499 miles|2022|62504||2172||6.3||14.1|
01|00|0100000US|United States||38|Precision instruments and apparatus|00||All modes|06|500 - 749 miles|2022|56422||1491||4.9||10.9|
01|00|0100000US|United States||38|Precision instruments and apparatus|00||All modes|07|750 - 999 miles|2022|41728||805||4.4||13.8|
01|00|0100000US|United States||38|Precision instruments and apparatus|00||All modes|08|1,000 - 1,499 miles|2022|54500||1288||8.5||17.4|
01|00|0100000US|United States||38|Precision instruments and apparatus|00||All modes|09|1,500 - 1,999 miles|2022|46568||1023||15.4||40.4|
01|00|0100000US|United States||38|Precision instruments and apparatus|00||All modes|10|2,000 miles or more|2022|42029||623||18.1||26.2|
01|00|0100000US|United States||38|Precision instruments and apparatus|10||Single modes|001|Total|2022|215054||9071||5.8||8.6|
01|00|0100000US|United States||38|Precision instruments and apparatus|10||Single modes|02|Less than 50 miles|2022|48095||1926||11.1||21.6|
01|00|0100000US|United States||38|Precision instruments and apparatus|10||Single modes|03|50 - 99 miles|2022|10259||0|S|14.2||0|S
01|00|0100000US|United States||38|Precision instruments and apparatus|10||Single modes|04|100 - 249 miles|2022|26019||1281||12.3||17.3|
01|00|0100000US|United States||38|Precision instruments and apparatus|10||Single modes|05|250 - 499 miles|2022|29359||1434||10.7||20|
01|00|0100000US|United States||38|Precision instruments and apparatus|10||Single modes|06|500 - 749 miles|2022|26392||919||12.5||12.2|
01|00|0100000US|United States||38|Precision instruments and apparatus|10||Single modes|07|750 - 999 miles|2022|15972||541||10.7||20.3|
01|00|0100000US|United States||38|Precision instruments and apparatus|10||Single modes|08|1,000 - 1,499 miles|2022|21358||907||7.7||26|
01|00|0100000US|United States||38|Precision instruments and apparatus|10||Single modes|09|1,500 - 1,999 miles|2022|22109||783||27.7||47.4|
01|00|0100000US|United States||38|Precision instruments and apparatus|10||Single modes|10|2,000 miles or more|2022|15491||369||22.8||33.9|
01|00|0100000US|United States||38|Precision instruments and apparatus|11|n|Truck|001|Total|2022|193498||8391||7.2||8.9|
01|00|0100000US|United States||38|Precision instruments and apparatus|11|n|Truck|02|Less than 50 miles|2022|48085||1926||11.1||21.6|
01|00|0100000US|United States||38|Precision instruments and apparatus|11|n|Truck|03|50 - 99 miles|2022|10259||0|S|14.2||0|S
01|00|0100000US|United States||38|Precision instruments and apparatus|11|n|Truck|04|100 - 249 miles|2022|25658||1274||12.9||17.6|
01|00|0100000US|United States||38|Precision instruments and apparatus|11|n|Truck|05|250 - 499 miles|2022|25332||1390||13.5||20.1|
01|00|0100000US|United States||38|Precision instruments and apparatus|11|n|Truck|06|500 - 749 miles|2022|21945||861||12.7||12.3|
01|00|0100000US|United States||38|Precision instruments and apparatus|11|n|Truck|07|750 - 999 miles|2022|14188||449||12.1||15.7|
01|00|0100000US|United States||38|Precision instruments and apparatus|11|n|Truck|08|1,000 - 1,499 miles|2022|17955||853||7.7||27.8|
01|00|0100000US|United States||38|Precision instruments and apparatus|11|n|Truck|09|1,500 - 1,999 miles|2022|18537||385||33.5||12.2|
01|00|0100000US|United States||38|Precision instruments and apparatus|11|n|Truck|10|2,000 miles or more|2022|11540||342||23.2||36.1|
01|00|0100000US|United States||38|Precision instruments and apparatus|111||For-hire truck|001|Total|2022|141517||5369||10.7||12|
01|00|0100000US|United States||38|Precision instruments and apparatus|111||For-hire truck|02|Less than 50 miles|2022|19261||483||17.2||19.8|
01|00|0100000US|United States||38|Precision instruments and apparatus|111||For-hire truck|03|50 - 99 miles|2022|5927||0|S|12.8||0|S
01|00|0100000US|United States||38|Precision instruments and apparatus|111||For-hire truck|04|100 - 249 miles|2022|17037||710||18.9||21|
01|00|0100000US|United States||38|Precision instruments and apparatus|111||For-hire truck|05|250 - 499 miles|2022|19639||955||12.3||15.5|
01|00|0100000US|United States||38|Precision instruments and apparatus|111||For-hire truck|06|500 - 749 miles|2022|19987||767||14.9||14.4|
01|00|0100000US|United States||38|Precision instruments and apparatus|111||For-hire truck|07|750 - 999 miles|2022|13772||387||12.8||14.8|
01|00|0100000US|United States||38|Precision instruments and apparatus|111||For-hire truck|08|1,000 - 1,499 miles|2022|16718||772||8.3||28.4|
01|00|0100000US|United States||38|Precision instruments and apparatus|111||For-hire truck|09|1,500 - 1,999 miles|2022|17928||356||34.7||13|
01|00|0100000US|United States||38|Precision instruments and apparatus|111||For-hire truck|10|2,000 miles or more|2022|11248||326||23.8||35.2|
01|00|0100000US|United States||38|Precision instruments and apparatus|112||Company-owned truck|001|Total|2022|42851||2449||17.5||26.8|
01|00|0100000US|United States||38|Precision instruments and apparatus|112||Company-owned truck|02|Less than 50 miles|2022|24864||1244||16.7||28.1|
01|00|0100000US|United States||38|Precision instruments and apparatus|112||Company-owned truck|03|50 - 99 miles|2022|3906||247||29.3||38.9|
01|00|0100000US|United States||38|Precision instruments and apparatus|112||Company-owned truck|04|100 - 249 miles|2022|8018||544||31.7||33.1|
01|00|0100000US|United States||38|Precision instruments and apparatus|112||Company-owned truck|05|250 - 499 miles|2022|0|S|0|S|0|S|0|S
01|00|0100000US|United States||38|Precision instruments and apparatus|112||Company-owned truck|06|500 - 749 miles|2022|0|S|0|S|0|S|0|S
01|00|0100000US|United States||38|Precision instruments and apparatus|112||Company-owned truck|07|750 - 999 miles|2022|0|S|5||0|S|38.6|
01|00|0100000US|United States||38|Precision instruments and apparatus|112||Company-owned truck|08|1,000 - 1,499 miles|2022|354||11||42||46.5|
01|00|0100000US|United States||38|Precision instruments and apparatus|112||Company-owned truck|09|1,500 - 1,999 miles|2022|134||2||39.8||40.3|
01|00|0100000US|United States||38|Precision instruments and apparatus|112||Company-owned truck|10|2,000 miles or more|2022|0|S|0|S|0|S|0|S
01|00|0100000US|United States||38|Precision instruments and apparatus|113|o|Customer pick-up|001|Total|2022|9130||573||19.1||39.9|
01|00|0100000US|United States||38|Precision instruments and apparatus|113|o|Customer pick-up|02|Less than 50 miles|2022|3960||0|S|26||0|S
01|00|0100000US|United States||38|Precision instruments and apparatus|113|o|Customer pick-up|03|50 - 99 miles|2022|426||0|S|47.3||0|S
01|00|0100000US|United States||38|Precision instruments and apparatus|113|o|Customer pick-up|04|100 - 249 miles|2022|603||21||37.1||45.9|
01|00|0100000US|United States||38|Precision instruments and apparatus|113|o|Customer pick-up|05|250 - 499 miles|2022|881||0|S|37.6||0|S
01|00|0100000US|United States||38|Precision instruments and apparatus|113|o|Customer pick-up|06|500 - 749 miles|2022|1531||0|S|43.5||0|S
01|00|0100000US|United States||38|Precision instruments and apparatus|113|o|Customer pick-up|07|750 - 999 miles|2022|233||0|S|32.8||0|S
01|00|0100000US|United States||38|Precision instruments and apparatus|113|o|Customer pick-up|08|1,000 - 1,499 miles|2022|0|S|0|S|0|S|0|S
01|00|0100000US|United States||38|Precision instruments and apparatus|113|o|Customer pick-up|09|1,500 - 1,999 miles|2022|475||0|S|32.2||0|S
01|00|0100000US|United States||38|Precision instruments and apparatus|113|o|Customer pick-up|10|2,000 miles or more|2022|138||0|S|43.5||0|S
01|00|0100000US|United States||38|Precision instruments and apparatus|12||Rail|001|Total|2022|0|S|0|S|0|S|0|S
01|00|0100000US|United States||38|Precision instruments and apparatus|12||Rail|02|Less than 50 miles|2022|0|S|0|S|0|S|0|S
01|00|0100000US|United States||38|Precision instruments and apparatus|12||Rail|05|250 - 499 miles|2022|0|S|5||0|S|36.9|
01|00|0100000US|United States||38|Precision instruments and apparatus|12||Rail|06|500 - 749 miles|2022|0|S|0|S|0|S|0|S
01|00|0100000US|United States||38|Precision instruments and apparatus|12||Rail|07|750 - 999 miles|2022|0|S|0|S|0|S|0|S
01|00|0100000US|United States||38|Precision instruments and apparatus|12||Rail|08|1,000 - 1,499 miles|2022|0|S|0|S|0|S|0|S
01|00|0100000US|United States||38|Precision instruments and apparatus|12||Rail|09|1,500 - 1,999 miles|2022|0|S|0|S|0|S|0|S
01|00|0100000US|United States||38|Precision instruments and apparatus|12||Rail|10|2,000 miles or more|2022|0|S|0|S|0|S|0|S
01|00|0100000US|United States||38|Precision instruments and apparatus|13||Water|001|Total|2022|0|S|3||0|S|44.4|
01|00|0100000US|United States||38|Precision instruments and apparatus|13||Water|02|Less than 50 miles|2022|0|Z|0|S|47||0|S
01|00|0100000US|United States||38|Precision instruments and apparatus|13||Water|05|250 - 499 miles|2022|0|S|0|S|0|S|0|S
01|00|0100000US|United States||38|Precision instruments and apparatus|13||Water|06|500 - 749 miles|2022|46||1||11.8||13.4|
01|00|0100000US|United States||38|Precision instruments and apparatus|13||Water|09|1,500 - 1,999 miles|2022|0|S|0|S|0|S|0|S
01|00|0100000US|United States||38|Precision instruments and apparatus|13||Water|10|2,000 miles or more|2022|0|S|1||0|S|22.3|
01|00|0100000US|United States||38|Precision instruments and apparatus|131||Inland water|001|Total|2022|0|S|0|S|0|S|0|S
01|00|0100000US|United States||38|Precision instruments and apparatus|131||Inland water|02|Less than 50 miles|2022|0|S|0|S|0|S|0|S
01|00|0100000US|United States||38|Precision instruments and apparatus|131||Inland water|10|2,000 miles or more|2022|0|S|0|S|0|S|0|S
01|00|0100000US|United States||38|Precision instruments and apparatus|133||Deep sea|001|Total|2022|0|S|0|S|0|S|0|S
01|00|0100000US|United States||38|Precision instruments and apparatus|133||Deep sea|02|Less than 50 miles|2022|0|S|0|S|0|S|0|S
01|00|0100000US|United States||38|Precision instruments and apparatus|133||Deep sea|05|250 - 499 miles|2022|0|S|0|S|0|S|0|S
01|00|0100000US|United States||38|Precision instruments and apparatus|133||Deep sea|06|500 - 749 miles|2022|46||1||11.8||13.4|
01|00|0100000US|United States||38|Precision instruments and apparatus|133||Deep sea|09|1,500 - 1,999 miles|2022|0|S|0|S|0|S|0|S
01|00|0100000US|United States||38|Precision instruments and apparatus|133||Deep sea|10|2,000 miles or more|2022|0|S|0|S|0|S|0|S
01|00|0100000US|United States||38|Precision instruments and apparatus|14||Air (includes truck and air)|001|Total|2022|19779||237||22.1||23.6|
01|00|0100000US|United States||38|Precision instruments and apparatus|14||Air (includes truck and air)|03|50 - 99 miles|2022|0|S|0|S|0|S|0|S
01|00|0100000US|United States||38|Precision instruments and apparatus|14||Air (includes truck and air)|04|100 - 249 miles|2022|361||0|S|45.1||0|S
01|00|0100000US|United States||38|Precision instruments and apparatus|14||Air (includes truck and air)|05|250 - 499 miles|2022|3961||38||40.4||34.4|
01|00|0100000US|United States||38|Precision instruments and apparatus|14||Air (includes truck and air)|06|500 - 749 miles|2022|4388||54||35.2||42.4|
01|00|0100000US|United States||38|Precision instruments and apparatus|14||Air (includes truck and air)|07|750 - 999 miles|2022|1688||32||33.2||38.6|
01|00|0100000US|United States||38|Precision instruments and apparatus|14||Air (includes truck and air)|08|1,000 - 1,499 miles|2022|3397||50||28||49.8|
01|00|0100000US|United States||38|Precision instruments and apparatus|14||Air (includes truck and air)|09|1,500 - 1,999 miles|2022|2052||31||18.8||34.4|
01|00|0100000US|United States||38|Precision instruments and apparatus|14||Air (includes truck and air)|10|2,000 miles or more|2022|3931||26||29.9||20.8|
01|00|0100000US|United States||38|Precision instruments and apparatus|20||Multiple modes|001|Total|2022|231536||3883||8||24.4|
01|00|0100000US|United States||38|Precision instruments and apparatus|20||Multiple modes|02|Less than 50 miles|2022|18474||342||14.9||40.4|
01|00|0100000US|United States||38|Precision instruments and apparatus|20||Multiple modes|03|50 - 99 miles|2022|10562||211||17.4||42.8|
01|00|0100000US|United States||38|Precision instruments and apparatus|20||Multiple modes|04|100 - 249 miles|2022|32096||944||28||46.1|
01|00|0100000US|United States||38|Precision instruments and apparatus|20||Multiple modes|05|250 - 499 miles|2022|32762||729||7.9||21.2|
01|00|0100000US|United States||38|Precision instruments and apparatus|20||Multiple modes|06|500 - 749 miles|2022|29637||563||6.3||34.3|
01|00|0100000US|United States||38|Precision instruments and apparatus|20||Multiple modes|07|750 - 999 miles|2022|25193||253||7.3||14.2|
01|00|0100000US|United States||38|Precision instruments and apparatus|20||Multiple modes|08|1,000 - 1,499 miles|2022|32666||370||11.9||26.1|
01|00|0100000US|United States||38|Precision instruments and apparatus|20||Multiple modes|09|1,500 - 1,999 miles|2022|23952||222||7.3||23.4|
01|00|0100000US|United States||38|Precision instruments and apparatus|20||Multiple modes|10|2,000 miles or more|2022|26193||248||17.5||22.1|
01|00|0100000US|United States||38|Precision instruments and apparatus|21||Parcel, U.S.P.S. or courier|001|Total|2022|227936||3231||8.2||30.6|
01|00|0100000US|United States||38|Precision instruments and apparatus|21||Parcel, U.S.P.S. or courier|02|Less than 50 miles|2022|18304||334||14.4||41|
01|00|0100000US|United States||38|Precision instruments and apparatus|21||Parcel, U.S.P.S. or courier|03|50 - 99 miles|2022|10526||210||17.5||43.1|
01|00|0100000US|United States||38|Precision instruments and apparatus|21||Parcel, U.S.P.S. or courier|04|100 - 249 miles|2022|30981||0|S|29.4||0|S
01|00|0100000US|United States||38|Precision instruments and apparatus|21||Parcel, U.S.P.S. or courier|05|250 - 499 miles|2022|32035||519||8.2||28.4|
01|00|0100000US|United States||38|Precision instruments and apparatus|21||Parcel, U.S.P.S. or courier|06|500 - 749 miles|2022|28929||368||6.1||23.1|
01|00|0100000US|United States||38|Precision instruments and apparatus|21||Parcel, U.S.P.S. or courier|07|750 - 999 miles|2022|25053||236||7.2||14.8|
01|00|0100000US|United States||38|Precision instruments and apparatus|21||Parcel, U.S.P.S. or courier|08|1,000 - 1,499 miles|2022|32611||330||11.9||27.8|
01|00|0100000US|United States||38|Precision instruments and apparatus|21||Parcel, U.S.P.S. or courier|09|1,500 - 1,999 miles|2022|23813||213||7.2||23.4|
01|00|0100000US|United States||38|Precision instruments and apparatus|21||Parcel, U.S.P.S. or courier|10|2,000 miles or more|2022|25686||231||18||23.3|
01|00|0100000US|United States||38|Precision instruments and apparatus|22||Truck and rail|001|Total|2022|993||533||43.8||49.2|
01|00|0100000US|United States||38|Precision instruments and apparatus|22||Truck and rail|02|Less than 50 miles|2022|0|S|0|S|0|S|0|S
01|00|0100000US|United States||38|Precision instruments and apparatus|22||Truck and rail|04|100 - 249 miles|2022|0|S|0|S|0|S|0|S
01|00|0100000US|United States||38|Precision instruments and apparatus|22||Truck and rail|05|250 - 499 miles|2022|335||0|S|48.7||0|S
01|00|0100000US|United States||38|Precision instruments and apparatus|22||Truck and rail|06|500 - 749 miles|2022|0|S|0|S|0|S|0|S
01|00|0100000US|United States||38|Precision instruments and apparatus|22||Truck and rail|07|750 - 999 miles|2022|50||0|S|46.5||0|S
01|00|0100000US|United States||38|Precision instruments and apparatus|22||Truck and rail|08|1,000 - 1,499 miles|2022|37||0|S|37.3||0|S
01|00|0100000US|United States||38|Precision instruments and apparatus|22||Truck and rail|09|1,500 - 1,999 miles|2022|30||0|S|46.1||0|S
01|00|0100000US|United States||38|Precision instruments and apparatus|23||Truck and water|001|Total|2022|2607||0|S|37||0|S
01|00|0100000US|United States||38|Precision instruments and apparatus|23||Truck and water|02|Less than 50 miles|2022|0|S|0|S|0|S|0|S
01|00|0100000US|United States||38|Precision instruments and apparatus|23||Truck and water|03|50 - 99 miles|2022|0|S|0|S|0|S|0|S
01|00|0100000US|United States||38|Precision instruments and apparatus|23||Truck and water|04|100 - 249 miles|2022|0|S|0|S|0|S|0|S
01|00|0100000US|United States||38|Precision instruments and apparatus|23||Truck and water|05|250 - 499 miles|2022|0|S|0|S|0|S|0|S
01|00|0100000US|United States||38|Precision instruments and apparatus|23||Truck and water|06|500 - 749 miles|2022|0|S|5||0|S|24.3|
01|00|0100000US|United States||38|Precision instruments and apparatus|23||Truck and water|07|750 - 999 miles|2022|0|S|0|S|0|S|0|S
01|00|0100000US|United States||38|Precision instruments and apparatus|23||Truck and water|08|1,000 - 1,499 miles|2022|19||1||42.1||28|
01|00|0100000US|United States||38|Precision instruments and apparatus|23||Truck and water|09|1,500 - 1,999 miles|2022|0|S|5||0|S|47.7|
01|00|0100000US|United States||38|Precision instruments and apparatus|23||Truck and water|10|2,000 miles or more|2022|508||17||32.1||38.1|
01|00|0100000US|United States||38|Precision instruments and apparatus|25|x|Other multiple modes|001|Total|2022|0|S|0|S|0|S|0|S
01|00|0100000US|United States||38|Precision instruments and apparatus|25|x|Other multiple modes|05|250 - 499 miles|2022|0|S|0|S|0|S|0|S
01|00|0100000US|United States||38|Precision instruments and apparatus|30|z|Unknown mode|001|Total|2022|5916||265||24.8||47.4|
01|00|0100000US|United States||38|Precision instruments and apparatus|30|z|Unknown mode|02|Less than 50 miles|2022|2827||0|S|43.4||0|S
01|00|0100000US|United States||38|Precision instruments and apparatus|30|z|Unknown mode|03|50 - 99 miles|2022|73||1||22.6||49.3|
01|00|0100000US|United States||38|Precision instruments and apparatus|30|z|Unknown mode|04|100 - 249 miles|2022|351||10||26.6||41.9|
01|00|0100000US|United States||38|Precision instruments and apparatus|30|z|Unknown mode|05|250 - 499 miles|2022|382||9||30.8||22.9|
01|00|0100000US|United States||38|Precision instruments and apparatus|30|z|Unknown mode|06|500 - 749 miles|2022|393||8||30.8||27.7|
01|00|0100000US|United States||38|Precision instruments and apparatus|30|z|Unknown mode|07|750 - 999 miles|2022|563||10||41.2||45.6|
01|00|0100000US|United States||38|Precision instruments and apparatus|30|z|Unknown mode|08|1,000 - 1,499 miles|2022|476||12||20.6||41.4|
01|00|0100000US|United States||38|Precision instruments and apparatus|30|z|Unknown mode|09|1,500 - 1,999 miles|2022|0|S|0|S|0|S|0|S
01|00|0100000US|United States||38|Precision instruments and apparatus|30|z|Unknown mode|10|2,000 miles or more|2022|345||5||34.3||34.8|
01|00|0100000US|United States||39|Furniture, mattresses and mattress supports, lamps, lighting fittings, and illuminated signs|00||All modes|001|Total|2022|219079||30718||6.3||6.6|
01|00|0100000US|United States||39|Furniture, mattresses and mattress supports, lamps, lighting fittings, and illuminated signs|00||All modes|02|Less than 50 miles|2022|52935||7136||14.9||20.2|
01|00|0100000US|United States||39|Furniture, mattresses and mattress supports, lamps, lighting fittings, and illuminated signs|00||All modes|03|50 - 99 miles|2022|13430||2317||7.1||4.7|
01|00|0100000US|United States||39|Furniture, mattresses and mattress supports, lamps, lighting fittings, and illuminated signs|00||All modes|04|100 - 249 miles|2022|31025||5369||7.3||12.1|
01|00|0100000US|United States||39|Furniture, mattresses and mattress supports, lamps, lighting fittings, and illuminated signs|00||All modes|05|250 - 499 miles|2022|32806||4988||4.4||10.6|
01|00|0100000US|United States||39|Furniture, mattresses and mattress supports, lamps, lighting fittings, and illuminated signs|00||All modes|06|500 - 749 miles|2022|23687||3362||3||7.5|
01|00|0100000US|United States||39|Furniture, mattresses and mattress supports, lamps, lighting fittings, and illuminated signs|00||All modes|07|750 - 999 miles|2022|17670||2189||4.4||8.3|
01|00|0100000US|United States||39|Furniture, mattresses and mattress supports, lamps, lighting fittings, and illuminated signs|00||All modes|08|1,000 - 1,499 miles|2022|17599||1974||8.3||7.5|
01|00|0100000US|United States||39|Furniture, mattresses and mattress supports, lamps, lighting fittings, and illuminated signs|00||All modes|09|1,500 - 1,999 miles|2022|18646||1992||25.4||10.6|
01|00|0100000US|United States||39|Furniture, mattresses and mattress supports, lamps, lighting fittings, and illuminated signs|00||All modes|10|2,000 miles or more|2022|11282||1391||8.9||12.5|
01|00|0100000US|United States||39|Furniture, mattresses and mattress supports, lamps, lighting fittings, and illuminated signs|10||Single modes|001|Total|2022|184564||26509||7||7.5|
01|00|0100000US|United States||39|Furniture, mattresses and mattress supports, lamps, lighting fittings, and illuminated signs|10||Single modes|02|Less than 50 miles|2022|50013||6724||14.7||20.3|
01|00|0100000US|United States||39|Furniture, mattresses and mattress supports, lamps, lighting fittings, and illuminated signs|10||Single modes|03|50 - 99 miles|2022|11610||2168||7.1||5.4|
01|00|0100000US|United States||39|Furniture, mattresses and mattress supports, lamps, lighting fittings, and illuminated signs|10||Single modes|04|100 - 249 miles|2022|26925||4850||8.7||12.9|
01|00|0100000US|United States||39|Furniture, mattresses and mattress supports, lamps, lighting fittings, and illuminated signs|10||Single modes|05|250 - 499 miles|2022|27034||4209||5||10|
01|00|0100000US|United States||39|Furniture, mattresses and mattress supports, lamps, lighting fittings, and illuminated signs|10||Single modes|06|500 - 749 miles|2022|19444||2867||4.2||8.2|
01|00|0100000US|United States||39|Furniture, mattresses and mattress supports, lamps, lighting fittings, and illuminated signs|10||Single modes|07|750 - 999 miles|2022|14001||1770||5.1||9.3|
01|00|0100000US|United States||39|Furniture, mattresses and mattress supports, lamps, lighting fittings, and illuminated signs|10||Single modes|08|1,000 - 1,499 miles|2022|13760||1505||10.3||8.1|
01|00|0100000US|United States||39|Furniture, mattresses and mattress supports, lamps, lighting fittings, and illuminated signs|10||Single modes|09|1,500 - 1,999 miles|2022|14758||1515||29.3||13.9|
01|00|0100000US|United States||39|Furniture, mattresses and mattress supports, lamps, lighting fittings, and illuminated signs|10||Single modes|10|2,000 miles or more|2022|7018||902||7.7||13.5|
01|00|0100000US|United States||39|Furniture, mattresses and mattress supports, lamps, lighting fittings, and illuminated signs|11|n|Truck|001|Total|2022|184036||26285||7||7.6|
01|00|0100000US|United States||39|Furniture, mattresses and mattress supports, lamps, lighting fittings, and illuminated signs|11|n|Truck|02|Less than 50 miles|2022|49882||6681||14.8||20.6|
01|00|0100000US|United States||39|Furniture, mattresses and mattress supports, lamps, lighting fittings, and illuminated signs|11|n|Truck|03|50 - 99 miles|2022|11606||2153||7.1||5.7|
01|00|0100000US|United States||39|Furniture, mattresses and mattress supports, lamps, lighting fittings, and illuminated signs|11|n|Truck|04|100 - 249 miles|2022|26850||4792||8.7||12.8|
01|00|0100000US|United States||39|Furniture, mattresses and mattress supports, lamps, lighting fittings, and illuminated signs|11|n|Truck|05|250 - 499 miles|2022|27010||4179||5||9.9|
01|00|0100000US|United States||39|Furniture, mattresses and mattress supports, lamps, lighting fittings, and illuminated signs|11|n|Truck|06|500 - 749 miles|2022|19392||2830||4.2||8|
01|00|0100000US|United States||39|Furniture, mattresses and mattress supports, lamps, lighting fittings, and illuminated signs|11|n|Truck|07|750 - 999 miles|2022|13983||1769||5||9.3|
01|00|0100000US|United States||39|Furniture, mattresses and mattress supports, lamps, lighting fittings, and illuminated signs|11|n|Truck|08|1,000 - 1,499 miles|2022|13743||1502||10.4||8.1|
01|00|0100000US|United States||39|Furniture, mattresses and mattress supports, lamps, lighting fittings, and illuminated signs|11|n|Truck|09|1,500 - 1,999 miles|2022|14660||1491||29.5||14.1|
01|00|0100000US|United States||39|Furniture, mattresses and mattress supports, lamps, lighting fittings, and illuminated signs|11|n|Truck|10|2,000 miles or more|2022|6911||888||7.5||13.9|
01|00|0100000US|United States||39|Furniture, mattresses and mattress supports, lamps, lighting fittings, and illuminated signs|111||For-hire truck|001|Total|2022|128164||17412||9.6||7.8|
01|00|0100000US|United States||39|Furniture, mattresses and mattress supports, lamps, lighting fittings, and illuminated signs|111||For-hire truck|02|Less than 50 miles|2022|20939||3254||30.1||38.6|
01|00|0100000US|United States||39|Furniture, mattresses and mattress supports, lamps, lighting fittings, and illuminated signs|111||For-hire truck|03|50 - 99 miles|2022|6081||1269||11.3||14.3|
01|00|0100000US|United States||39|Furniture, mattresses and mattress supports, lamps, lighting fittings, and illuminated signs|111||For-hire truck|04|100 - 249 miles|2022|18214||2431||14.1||11.4|
01|00|0100000US|United States||39|Furniture, mattresses and mattress supports, lamps, lighting fittings, and illuminated signs|111||For-hire truck|05|250 - 499 miles|2022|21522||3304||6.2||13.3|
01|00|0100000US|United States||39|Furniture, mattresses and mattress supports, lamps, lighting fittings, and illuminated signs|111||For-hire truck|06|500 - 749 miles|2022|16760||2404||5.6||9.4|
01|00|0100000US|United States||39|Furniture, mattresses and mattress supports, lamps, lighting fittings, and illuminated signs|111||For-hire truck|07|750 - 999 miles|2022|12384||1493||6.6||11.9|
01|00|0100000US|United States||39|Furniture, mattresses and mattress supports, lamps, lighting fittings, and illuminated signs|111||For-hire truck|08|1,000 - 1,499 miles|2022|12653||1303||10.6||10|
01|00|0100000US|United States||39|Furniture, mattresses and mattress supports, lamps, lighting fittings, and illuminated signs|111||For-hire truck|09|1,500 - 1,999 miles|2022|13334||1173||30.5||15.7|
01|00|0100000US|United States||39|Furniture, mattresses and mattress supports, lamps, lighting fittings, and illuminated signs|111||For-hire truck|10|2,000 miles or more|2022|6278||782||7.4||14.5|
01|00|0100000US|United States||39|Furniture, mattresses and mattress supports, lamps, lighting fittings, and illuminated signs|112||Company-owned truck|001|Total|2022|47158||7341||11.1||10.5|
01|00|0100000US|United States||39|Furniture, mattresses and mattress supports, lamps, lighting fittings, and illuminated signs|112||Company-owned truck|02|Less than 50 miles|2022|25400||3007||10.6||6.3|
01|00|0100000US|United States||39|Furniture, mattresses and mattress supports, lamps, lighting fittings, and illuminated signs|112||Company-owned truck|03|50 - 99 miles|2022|5064||826||11.2||12.5|
01|00|0100000US|United States||39|Furniture, mattresses and mattress supports, lamps, lighting fittings, and illuminated signs|112||Company-owned truck|04|100 - 249 miles|2022|7856||2196||12.9||21.1|
01|00|0100000US|United States||39|Furniture, mattresses and mattress supports, lamps, lighting fittings, and illuminated signs|112||Company-owned truck|05|250 - 499 miles|2022|4703||738||22.3||32.8|
01|00|0100000US|United States||39|Furniture, mattresses and mattress supports, lamps, lighting fittings, and illuminated signs|112||Company-owned truck|06|500 - 749 miles|2022|1756||285||16.7||19.5|
01|00|0100000US|United States||39|Furniture, mattresses and mattress supports, lamps, lighting fittings, and illuminated signs|112||Company-owned truck|07|750 - 999 miles|2022|752||88||34.6||39|
01|00|0100000US|United States||39|Furniture, mattresses and mattress supports, lamps, lighting fittings, and illuminated signs|112||Company-owned truck|08|1,000 - 1,499 miles|2022|595||87||31.1||35.8|
01|00|0100000US|United States||39|Furniture, mattresses and mattress supports, lamps, lighting fittings, and illuminated signs|112||Company-owned truck|09|1,500 - 1,999 miles|2022|605||68||34.4||31.4|
01|00|0100000US|United States||39|Furniture, mattresses and mattress supports, lamps, lighting fittings, and illuminated signs|112||Company-owned truck|10|2,000 miles or more|2022|426||46||27.5||26.9|
01|00|0100000US|United States||39|Furniture, mattresses and mattress supports, lamps, lighting fittings, and illuminated signs|113|o|Customer pick-up|001|Total|2022|8715||1532||17.3||17|
01|00|0100000US|United States||39|Furniture, mattresses and mattress supports, lamps, lighting fittings, and illuminated signs|113|o|Customer pick-up|02|Less than 50 miles|2022|3544||420||18||13.1|
01|00|0100000US|United States||39|Furniture, mattresses and mattress supports, lamps, lighting fittings, and illuminated signs|113|o|Customer pick-up|03|50 - 99 miles|2022|461||57||28.9||25.3|
01|00|0100000US|United States||39|Furniture, mattresses and mattress supports, lamps, lighting fittings, and illuminated signs|113|o|Customer pick-up|04|100 - 249 miles|2022|779||166||13.8||19.4|
01|00|0100000US|United States||39|Furniture, mattresses and mattress supports, lamps, lighting fittings, and illuminated signs|113|o|Customer pick-up|05|250 - 499 miles|2022|785||138||24.7||27.9|
01|00|0100000US|United States||39|Furniture, mattresses and mattress supports, lamps, lighting fittings, and illuminated signs|113|o|Customer pick-up|06|500 - 749 miles|2022|877||141||28.2||37.1|
01|00|0100000US|United States||39|Furniture, mattresses and mattress supports, lamps, lighting fittings, and illuminated signs|113|o|Customer pick-up|07|750 - 999 miles|2022|846||187||27.9||27.9|
01|00|0100000US|United States||39|Furniture, mattresses and mattress supports, lamps, lighting fittings, and illuminated signs|113|o|Customer pick-up|08|1,000 - 1,499 miles|2022|495||112||31||45.4|
01|00|0100000US|United States||39|Furniture, mattresses and mattress supports, lamps, lighting fittings, and illuminated signs|113|o|Customer pick-up|09|1,500 - 1,999 miles|2022|721||251||34.4||37.2|
01|00|0100000US|United States||39|Furniture, mattresses and mattress supports, lamps, lighting fittings, and illuminated signs|113|o|Customer pick-up|10|2,000 miles or more|2022|207||60||39.3||34.8|
01|00|0100000US|United States||39|Furniture, mattresses and mattress supports, lamps, lighting fittings, and illuminated signs|12||Rail|001|Total|2022|0|S|204||0|S|48.5|
01|00|0100000US|United States||39|Furniture, mattresses and mattress supports, lamps, lighting fittings, and illuminated signs|12||Rail|02|Less than 50 miles|2022|0|S|0|S|0|S|0|S
01|00|0100000US|United States||39|Furniture, mattresses and mattress supports, lamps, lighting fittings, and illuminated signs|12||Rail|03|50 - 99 miles|2022|0|S|0|S|0|S|0|S
01|00|0100000US|United States||39|Furniture, mattresses and mattress supports, lamps, lighting fittings, and illuminated signs|12||Rail|04|100 - 249 miles|2022|0|S|0|S|0|S|0|S
01|00|0100000US|United States||39|Furniture, mattresses and mattress supports, lamps, lighting fittings, and illuminated signs|12||Rail|05|250 - 499 miles|2022|0|S|0|S|0|S|0|S
01|00|0100000US|United States||39|Furniture, mattresses and mattress supports, lamps, lighting fittings, and illuminated signs|12||Rail|06|500 - 749 miles|2022|0|S|0|S|0|S|0|S
01|00|0100000US|United States||39|Furniture, mattresses and mattress supports, lamps, lighting fittings, and illuminated signs|12||Rail|07|750 - 999 miles|2022|0|Z|0|S|49.1||0|S
01|00|0100000US|United States||39|Furniture, mattresses and mattress supports, lamps, lighting fittings, and illuminated signs|12||Rail|08|1,000 - 1,499 miles|2022|0|S|0|S|0|S|0|S
01|00|0100000US|United States||39|Furniture, mattresses and mattress supports, lamps, lighting fittings, and illuminated signs|12||Rail|09|1,500 - 1,999 miles|2022|0|S|0|S|0|S|0|S
01|00|0100000US|United States||39|Furniture, mattresses and mattress supports, lamps, lighting fittings, and illuminated signs|12||Rail|10|2,000 miles or more|2022|0|S|0|S|0|S|0|S
01|00|0100000US|United States||39|Furniture, mattresses and mattress supports, lamps, lighting fittings, and illuminated signs|13||Water|001|Total|2022|0|S|0|S|0|S|0|S
01|00|0100000US|United States||39|Furniture, mattresses and mattress supports, lamps, lighting fittings, and illuminated signs|13||Water|04|100 - 249 miles|2022|0|S|0|S|0|S|0|S
01|00|0100000US|United States||39|Furniture, mattresses and mattress supports, lamps, lighting fittings, and illuminated signs|13||Water|05|250 - 499 miles|2022|0|S|0|S|0|S|0|S
01|00|0100000US|United States||39|Furniture, mattresses and mattress supports, lamps, lighting fittings, and illuminated signs|133||Deep sea|001|Total|2022|0|S|0|S|0|S|0|S
01|00|0100000US|United States||39|Furniture, mattresses and mattress supports, lamps, lighting fittings, and illuminated signs|133||Deep sea|04|100 - 249 miles|2022|0|S|0|S|0|S|0|S
01|00|0100000US|United States||39|Furniture, mattresses and mattress supports, lamps, lighting fittings, and illuminated signs|133||Deep sea|05|250 - 499 miles|2022|0|S|0|S|0|S|0|S
01|00|0100000US|United States||39|Furniture, mattresses and mattress supports, lamps, lighting fittings, and illuminated signs|14||Air (includes truck and air)|001|Total|2022|246||14||26.6||49.5|
01|00|0100000US|United States||39|Furniture, mattresses and mattress supports, lamps, lighting fittings, and illuminated signs|14||Air (includes truck and air)|04|100 - 249 miles|2022|0|S|0|S|0|S|0|S
01|00|0100000US|United States||39|Furniture, mattresses and mattress supports, lamps, lighting fittings, and illuminated signs|14||Air (includes truck and air)|05|250 - 499 miles|2022|16||0|S|40.3||0|S
01|00|0100000US|United States||39|Furniture, mattresses and mattress supports, lamps, lighting fittings, and illuminated signs|14||Air (includes truck and air)|06|500 - 749 miles|2022|23||2||34.4||38.4|
01|00|0100000US|United States||39|Furniture, mattresses and mattress supports, lamps, lighting fittings, and illuminated signs|14||Air (includes truck and air)|07|750 - 999 miles|2022|0|S|0|S|0|S|0|S
01|00|0100000US|United States||39|Furniture, mattresses and mattress supports, lamps, lighting fittings, and illuminated signs|14||Air (includes truck and air)|08|1,000 - 1,499 miles|2022|14||0|S|44.8||0|S
01|00|0100000US|United States||39|Furniture, mattresses and mattress supports, lamps, lighting fittings, and illuminated signs|14||Air (includes truck and air)|09|1,500 - 1,999 miles|2022|67||0|S|44||0|S
01|00|0100000US|United States||39|Furniture, mattresses and mattress supports, lamps, lighting fittings, and illuminated signs|14||Air (includes truck and air)|10|2,000 miles or more|2022|106||3||35.3||28.4|
01|00|0100000US|United States||39|Furniture, mattresses and mattress supports, lamps, lighting fittings, and illuminated signs|20||Multiple modes|001|Total|2022|31371||3649||7||8.3|
01|00|0100000US|United States||39|Furniture, mattresses and mattress supports, lamps, lighting fittings, and illuminated signs|20||Multiple modes|02|Less than 50 miles|2022|2345||347||18||19.8|
01|00|0100000US|United States||39|Furniture, mattresses and mattress supports, lamps, lighting fittings, and illuminated signs|20||Multiple modes|03|50 - 99 miles|2022|1780||146||20.3||10.8|
01|00|0100000US|United States||39|Furniture, mattresses and mattress supports, lamps, lighting fittings, and illuminated signs|20||Multiple modes|04|100 - 249 miles|2022|3624||408||6.7||14.8|
01|00|0100000US|United States||39|Furniture, mattresses and mattress supports, lamps, lighting fittings, and illuminated signs|20||Multiple modes|05|250 - 499 miles|2022|5104||656||3.5||12.1|
01|00|0100000US|United States||39|Furniture, mattresses and mattress supports, lamps, lighting fittings, and illuminated signs|20||Multiple modes|06|500 - 749 miles|2022|3995||449||4.8||7.6|
01|00|0100000US|United States||39|Furniture, mattresses and mattress supports, lamps, lighting fittings, and illuminated signs|20||Multiple modes|07|750 - 999 miles|2022|3380||357||10.4||10.7|
01|00|0100000US|United States||39|Furniture, mattresses and mattress supports, lamps, lighting fittings, and illuminated signs|20||Multiple modes|08|1,000 - 1,499 miles|2022|3492||404||10.8||8|
01|00|0100000US|United States||39|Furniture, mattresses and mattress supports, lamps, lighting fittings, and illuminated signs|20||Multiple modes|09|1,500 - 1,999 miles|2022|3409||393||12.6||19.6|
01|00|0100000US|United States||39|Furniture, mattresses and mattress supports, lamps, lighting fittings, and illuminated signs|20||Multiple modes|10|2,000 miles or more|2022|4241||488||13.1||19|
01|00|0100000US|United States||39|Furniture, mattresses and mattress supports, lamps, lighting fittings, and illuminated signs|21||Parcel, U.S.P.S. or courier|001|Total|2022|29623||3098||7.4||11.2|
01|00|0100000US|United States||39|Furniture, mattresses and mattress supports, lamps, lighting fittings, and illuminated signs|21||Parcel, U.S.P.S. or courier|02|Less than 50 miles|2022|2039||257||16.1||24.8|
01|00|0100000US|United States||39|Furniture, mattresses and mattress supports, lamps, lighting fittings, and illuminated signs|21||Parcel, U.S.P.S. or courier|03|50 - 99 miles|2022|1766||131||20.5||11.9|
01|00|0100000US|United States||39|Furniture, mattresses and mattress supports, lamps, lighting fittings, and illuminated signs|21||Parcel, U.S.P.S. or courier|04|100 - 249 miles|2022|3482||334||7.6||10.9|
01|00|0100000US|United States||39|Furniture, mattresses and mattress supports, lamps, lighting fittings, and illuminated signs|21||Parcel, U.S.P.S. or courier|05|250 - 499 miles|2022|4769||509||4.3||9.9|
01|00|0100000US|United States||39|Furniture, mattresses and mattress supports, lamps, lighting fittings, and illuminated signs|21||Parcel, U.S.P.S. or courier|06|500 - 749 miles|2022|3775||373||5.8||8.4|
01|00|0100000US|United States||39|Furniture, mattresses and mattress supports, lamps, lighting fittings, and illuminated signs|21||Parcel, U.S.P.S. or courier|07|750 - 999 miles|2022|3261||317||11.3||11.8|
01|00|0100000US|United States||39|Furniture, mattresses and mattress supports, lamps, lighting fittings, and illuminated signs|21||Parcel, U.S.P.S. or courier|08|1,000 - 1,499 miles|2022|3379||360||11.1||11.2|
01|00|0100000US|United States||39|Furniture, mattresses and mattress supports, lamps, lighting fittings, and illuminated signs|21||Parcel, U.S.P.S. or courier|09|1,500 - 1,999 miles|2022|3230||369||12.3||19.4|
01|00|0100000US|United States||39|Furniture, mattresses and mattress supports, lamps, lighting fittings, and illuminated signs|21||Parcel, U.S.P.S. or courier|10|2,000 miles or more|2022|3922||447||13.4||20.1|
01|00|0100000US|United States||39|Furniture, mattresses and mattress supports, lamps, lighting fittings, and illuminated signs|22||Truck and rail|001|Total|2022|831||426||23.8||47.4|
01|00|0100000US|United States||39|Furniture, mattresses and mattress supports, lamps, lighting fittings, and illuminated signs|22||Truck and rail|02|Less than 50 miles|2022|194||0|S|43.8||0|S
01|00|0100000US|United States||39|Furniture, mattresses and mattress supports, lamps, lighting fittings, and illuminated signs|22||Truck and rail|03|50 - 99 miles|2022|0|S|0|S|0|S|0|S
01|00|0100000US|United States||39|Furniture, mattresses and mattress supports, lamps, lighting fittings, and illuminated signs|22||Truck and rail|04|100 - 249 miles|2022|0|S|0|S|0|S|0|S
01|00|0100000US|United States||39|Furniture, mattresses and mattress supports, lamps, lighting fittings, and illuminated signs|22||Truck and rail|05|250 - 499 miles|2022|112||0|S|28.5||0|S
01|00|0100000US|United States||39|Furniture, mattresses and mattress supports, lamps, lighting fittings, and illuminated signs|22||Truck and rail|06|500 - 749 miles|2022|56||0|S|47.1||0|S
01|00|0100000US|United States||39|Furniture, mattresses and mattress supports, lamps, lighting fittings, and illuminated signs|22||Truck and rail|07|750 - 999 miles|2022|0|S|0|S|0|S|0|S
01|00|0100000US|United States||39|Furniture, mattresses and mattress supports, lamps, lighting fittings, and illuminated signs|22||Truck and rail|08|1,000 - 1,499 miles|2022|39||0|S|22.2||0|S
01|00|0100000US|United States||39|Furniture, mattresses and mattress supports, lamps, lighting fittings, and illuminated signs|22||Truck and rail|09|1,500 - 1,999 miles|2022|0|S|0|S|0|S|0|S
01|00|0100000US|United States||39|Furniture, mattresses and mattress supports, lamps, lighting fittings, and illuminated signs|22||Truck and rail|10|2,000 miles or more|2022|183||19||30.5||28.5|
01|00|0100000US|United States||39|Furniture, mattresses and mattress supports, lamps, lighting fittings, and illuminated signs|23||Truck and water|001|Total|2022|916||125||35.5||31.8|
01|00|0100000US|United States||39|Furniture, mattresses and mattress supports, lamps, lighting fittings, and illuminated signs|23||Truck and water|02|Less than 50 miles|2022|0|S|0|S|0|S|0|S
01|00|0100000US|United States||39|Furniture, mattresses and mattress supports, lamps, lighting fittings, and illuminated signs|23||Truck and water|03|50 - 99 miles|2022|10||1||28.1||33.3|
01|00|0100000US|United States||39|Furniture, mattresses and mattress supports, lamps, lighting fittings, and illuminated signs|23||Truck and water|04|100 - 249 miles|2022|71||9||33.6||39.2|
01|00|0100000US|United States||39|Furniture, mattresses and mattress supports, lamps, lighting fittings, and illuminated signs|23||Truck and water|05|250 - 499 miles|2022|223||30||42.2||40.8|
01|00|0100000US|United States||39|Furniture, mattresses and mattress supports, lamps, lighting fittings, and illuminated signs|23||Truck and water|06|500 - 749 miles|2022|164||24||34.3||36.4|
01|00|0100000US|United States||39|Furniture, mattresses and mattress supports, lamps, lighting fittings, and illuminated signs|23||Truck and water|07|750 - 999 miles|2022|100||12||43.8||36.3|
01|00|0100000US|United States||39|Furniture, mattresses and mattress supports, lamps, lighting fittings, and illuminated signs|23||Truck and water|08|1,000 - 1,499 miles|2022|74||12||28.5||28.1|
01|00|0100000US|United States||39|Furniture, mattresses and mattress supports, lamps, lighting fittings, and illuminated signs|23||Truck and water|09|1,500 - 1,999 miles|2022|26||4||33.8||42.1|
01|00|0100000US|United States||39|Furniture, mattresses and mattress supports, lamps, lighting fittings, and illuminated signs|23||Truck and water|10|2,000 miles or more|2022|137||22||30.7||25.7|
01|00|0100000US|United States||39|Furniture, mattresses and mattress supports, lamps, lighting fittings, and illuminated signs|25|x|Other multiple modes|001|Total|2022|0|S|0|Z|0|S|43.8|
01|00|0100000US|United States||39|Furniture, mattresses and mattress supports, lamps, lighting fittings, and illuminated signs|25|x|Other multiple modes|04|100 - 249 miles|2022|0|S|0|S|0|S|0|S
01|00|0100000US|United States||39|Furniture, mattresses and mattress supports, lamps, lighting fittings, and illuminated signs|25|x|Other multiple modes|05|250 - 499 miles|2022|0|S|0|S|0|S|0|S
01|00|0100000US|United States||39|Furniture, mattresses and mattress supports, lamps, lighting fittings, and illuminated signs|30|z|Unknown mode|001|Total|2022|0|S|0|S|0|S|0|S
01|00|0100000US|United States||39|Furniture, mattresses and mattress supports, lamps, lighting fittings, and illuminated signs|30|z|Unknown mode|02|Less than 50 miles|2022|0|S|0|S|0|S|0|S
01|00|0100000US|United States||39|Furniture, mattresses and mattress supports, lamps, lighting fittings, and illuminated signs|30|z|Unknown mode|03|50 - 99 miles|2022|0|S|0|S|0|S|0|S
01|00|0100000US|United States||39|Furniture, mattresses and mattress supports, lamps, lighting fittings, and illuminated signs|30|z|Unknown mode|04|100 - 249 miles|2022|0|S|0|S|0|S|0|S
01|00|0100000US|United States||39|Furniture, mattresses and mattress supports, lamps, lighting fittings, and illuminated signs|30|z|Unknown mode|05|250 - 499 miles|2022|0|S|0|S|0|S|0|S
01|00|0100000US|United States||39|Furniture, mattresses and mattress supports, lamps, lighting fittings, and illuminated signs|30|z|Unknown mode|06|500 - 749 miles|2022|0|S|0|S|0|S|0|S
01|00|0100000US|United States||39|Furniture, mattresses and mattress supports, lamps, lighting fittings, and illuminated signs|30|z|Unknown mode|07|750 - 999 miles|2022|0|S|0|S|0|S|0|S
01|00|0100000US|United States||39|Furniture, mattresses and mattress supports, lamps, lighting fittings, and illuminated signs|30|z|Unknown mode|08|1,000 - 1,499 miles|2022|0|S|0|S|0|S|0|S
01|00|0100000US|United States||39|Furniture, mattresses and mattress supports, lamps, lighting fittings, and illuminated signs|30|z|Unknown mode|09|1,500 - 1,999 miles|2022|0|S|0|S|0|S|0|S
01|00|0100000US|United States||39|Furniture, mattresses and mattress supports, lamps, lighting fittings, and illuminated signs|30|z|Unknown mode|10|2,000 miles or more|2022|0|S|0|S|0|S|0|S
01|00|0100000US|United States||40|Miscellaneous manufactured products|00||All modes|001|Total|2022|702501||114688||3.5||17.6|
01|00|0100000US|United States||40|Miscellaneous manufactured products|00||All modes|02|Less than 50 miles|2022|139214||45516||10||40.5|
01|00|0100000US|United States||40|Miscellaneous manufactured products|00||All modes|03|50 - 99 miles|2022|45623||6996||4.4||7.4|
01|00|0100000US|United States||40|Miscellaneous manufactured products|00||All modes|04|100 - 249 miles|2022|100780||17986||4.2||5.4|
01|00|0100000US|United States||40|Miscellaneous manufactured products|00||All modes|05|250 - 499 miles|2022|106246||16068||3.4||8|
01|00|0100000US|United States||40|Miscellaneous manufactured products|00||All modes|06|500 - 749 miles|2022|83723||9399||5.9||9.1|
01|00|0100000US|United States||40|Miscellaneous manufactured products|00||All modes|07|750 - 999 miles|2022|59766||5655||3.8||8.9|
01|00|0100000US|United States||40|Miscellaneous manufactured products|00||All modes|08|1,000 - 1,499 miles|2022|70019||5528||6.2||12.7|
01|00|0100000US|United States||40|Miscellaneous manufactured products|00||All modes|09|1,500 - 1,999 miles|2022|45769||3975||4.4||18.1|
01|00|0100000US|United States||40|Miscellaneous manufactured products|00||All modes|10|2,000 miles or more|2022|51358||3564||5.9||11.5|
01|00|0100000US|United States||40|Miscellaneous manufactured products|10||Single modes|001|Total|2022|427046||100682||4.7||19.8|
01|00|0100000US|United States||40|Miscellaneous manufactured products|10||Single modes|02|Less than 50 miles|2022|115698||43051||10.8||43|
01|00|0100000US|United States||40|Miscellaneous manufactured products|10||Single modes|03|50 - 99 miles|2022|34026||6394||5||7.6|
01|00|0100000US|United States||40|Miscellaneous manufactured products|10||Single modes|04|100 - 249 miles|2022|66709||16176||5.7||6.5|
01|00|0100000US|United States||40|Miscellaneous manufactured products|10||Single modes|05|250 - 499 miles|2022|64198||13897||3.1||8.2|
01|00|0100000US|United States||40|Miscellaneous manufactured products|10||Single modes|06|500 - 749 miles|2022|45921||7418||9.4||10.3|
01|00|0100000US|United States||40|Miscellaneous manufactured products|10||Single modes|07|750 - 999 miles|2022|29760||4549||5.9||10.5|
01|00|0100000US|United States||40|Miscellaneous manufactured products|10||Single modes|08|1,000 - 1,499 miles|2022|31318||4077||6.3||11.1|
01|00|0100000US|United States||40|Miscellaneous manufactured products|10||Single modes|09|1,500 - 1,999 miles|2022|22107||2543||8||16.9|
01|00|0100000US|United States||40|Miscellaneous manufactured products|10||Single modes|10|2,000 miles or more|2022|17310||2578||6.8||12.4|
01|00|0100000US|United States||40|Miscellaneous manufactured products|11|n|Truck|001|Total|2022|418234||77063||4.8||5.7|
01|00|0100000US|United States||40|Miscellaneous manufactured products|11|n|Truck|02|Less than 50 miles|2022|114920||24712||10.7||12.5|
01|00|0100000US|United States||40|Miscellaneous manufactured products|11|n|Truck|03|50 - 99 miles|2022|33670||6113||5.2||7.4|
01|00|0100000US|United States||40|Miscellaneous manufactured products|11|n|Truck|04|100 - 249 miles|2022|65786||14846||5.9||8.2|
01|00|0100000US|United States||40|Miscellaneous manufactured products|11|n|Truck|05|250 - 499 miles|2022|62476||12825||3.2||8.2|
01|00|0100000US|United States||40|Miscellaneous manufactured products|11|n|Truck|06|500 - 749 miles|2022|44713||6541||9.6||8.2|
01|00|0100000US|United States||40|Miscellaneous manufactured products|11|n|Truck|07|750 - 999 miles|2022|28984||3949||6.1||7.5|
01|00|0100000US|United States||40|Miscellaneous manufactured products|11|n|Truck|08|1,000 - 1,499 miles|2022|30571||3586||6.3||10.7|
01|00|0100000US|United States||40|Miscellaneous manufactured products|11|n|Truck|09|1,500 - 1,999 miles|2022|21367||2176||8.6||9.5|
01|00|0100000US|United States||40|Miscellaneous manufactured products|11|n|Truck|10|2,000 miles or more|2022|15748||2314||7.9||12.4|
01|00|0100000US|United States||40|Miscellaneous manufactured products|111||For-hire truck|001|Total|2022|275084||48539||4.5||4.7|
01|00|0100000US|United States||40|Miscellaneous manufactured products|111||For-hire truck|02|Less than 50 miles|2022|50015||8806||21.5||14.7|
01|00|0100000US|United States||40|Miscellaneous manufactured products|111||For-hire truck|03|50 - 99 miles|2022|12999||2447||7.4||7.5|
01|00|0100000US|United States||40|Miscellaneous manufactured products|111||For-hire truck|04|100 - 249 miles|2022|39530||10139||5.7||10.1|
01|00|0100000US|United States||40|Miscellaneous manufactured products|111||For-hire truck|05|250 - 499 miles|2022|46958||10368||4||8.1|
01|00|0100000US|United States||40|Miscellaneous manufactured products|111||For-hire truck|06|500 - 749 miles|2022|38672||5800||11.2||9.5|
01|00|0100000US|United States||40|Miscellaneous manufactured products|111||For-hire truck|07|750 - 999 miles|2022|25899||3519||7.1||8.8|
01|00|0100000US|United States||40|Miscellaneous manufactured products|111||For-hire truck|08|1,000 - 1,499 miles|2022|27760||3264||6.8||11.1|
01|00|0100000US|United States||40|Miscellaneous manufactured products|111||For-hire truck|09|1,500 - 1,999 miles|2022|19557||2028||8.7||9.8|
01|00|0100000US|United States||40|Miscellaneous manufactured products|111||For-hire truck|10|2,000 miles or more|2022|13694||2169||7.9||13.1|
01|00|0100000US|United States||40|Miscellaneous manufactured products|112||Company-owned truck|001|Total|2022|120135||24162||6.3||14.6|
01|00|0100000US|United States||40|Miscellaneous manufactured products|112||Company-owned truck|02|Less than 50 miles|2022|52519||13990||8.7||24.5|
01|00|0100000US|United States||40|Miscellaneous manufactured products|112||Company-owned truck|03|50 - 99 miles|2022|19349||3332||9.8||14.3|
01|00|0100000US|United States||40|Miscellaneous manufactured products|112||Company-owned truck|04|100 - 249 miles|2022|24323||3966||7.7||12.1|
01|00|0100000US|United States||40|Miscellaneous manufactured products|112||Company-owned truck|05|250 - 499 miles|2022|13450||1942||6.9||29.9|
01|00|0100000US|United States||40|Miscellaneous manufactured products|112||Company-owned truck|06|500 - 749 miles|2022|4572||432||18.9||17|
01|00|0100000US|United States||40|Miscellaneous manufactured products|112||Company-owned truck|07|750 - 999 miles|2022|1746||173||13.6||19.3|
01|00|0100000US|United States||40|Miscellaneous manufactured products|112||Company-owned truck|08|1,000 - 1,499 miles|2022|1384||180||16.8||44.7|
01|00|0100000US|United States||40|Miscellaneous manufactured products|112||Company-owned truck|09|1,500 - 1,999 miles|2022|1104||66||14.8||13.1|
01|00|0100000US|United States||40|Miscellaneous manufactured products|112||Company-owned truck|10|2,000 miles or more|2022|1688||81||40||37.9|
01|00|0100000US|United States||40|Miscellaneous manufactured products|113|o|Customer pick-up|001|Total|2022|23015||4362||8.3||7.8|
01|00|0100000US|United States||40|Miscellaneous manufactured products|113|o|Customer pick-up|02|Less than 50 miles|2022|12386||1917||12.4||11|
01|00|0100000US|United States||40|Miscellaneous manufactured products|113|o|Customer pick-up|03|50 - 99 miles|2022|1322||334||25.1||22.7|
01|00|0100000US|United States||40|Miscellaneous manufactured products|113|o|Customer pick-up|04|100 - 249 miles|2022|1933||741||14.6||25|
01|00|0100000US|United States||40|Miscellaneous manufactured products|113|o|Customer pick-up|05|250 - 499 miles|2022|2067||515||19.4||13.8|
01|00|0100000US|United States||40|Miscellaneous manufactured products|113|o|Customer pick-up|06|500 - 749 miles|2022|1469||310||11.1||16|
01|00|0100000US|United States||40|Miscellaneous manufactured products|113|o|Customer pick-up|07|750 - 999 miles|2022|1339||257||19.2||20.5|
01|00|0100000US|United States||40|Miscellaneous manufactured products|113|o|Customer pick-up|08|1,000 - 1,499 miles|2022|1427||143||22.7||20.2|
01|00|0100000US|United States||40|Miscellaneous manufactured products|113|o|Customer pick-up|09|1,500 - 1,999 miles|2022|706||82||35.6||20.9|
01|00|0100000US|United States||40|Miscellaneous manufactured products|113|o|Customer pick-up|10|2,000 miles or more|2022|366||64||32.6||47.3|
01|00|0100000US|United States||40|Miscellaneous manufactured products|12||Rail|001|Total|2022|4492||0|S|16.7||0|S
01|00|0100000US|United States||40|Miscellaneous manufactured products|12||Rail|02|Less than 50 miles|2022|776||0|S|32.8||0|S
01|00|0100000US|United States||40|Miscellaneous manufactured products|12||Rail|03|50 - 99 miles|2022|351||280||47.6||25.7|
01|00|0100000US|United States||40|Miscellaneous manufactured products|12||Rail|04|100 - 249 miles|2022|768||1326||26.6||29.1|
01|00|0100000US|United States||40|Miscellaneous manufactured products|12||Rail|05|250 - 499 miles|2022|1253||1054||27.4||34.8|
01|00|0100000US|United States||40|Miscellaneous manufactured products|12||Rail|06|500 - 749 miles|2022|534||823||37.7||35.8|
01|00|0100000US|United States||40|Miscellaneous manufactured products|12||Rail|07|750 - 999 miles|2022|223||590||38.5||42.4|
01|00|0100000US|United States||40|Miscellaneous manufactured products|12||Rail|08|1,000 - 1,499 miles|2022|254||451||34.5||26.5|
01|00|0100000US|United States||40|Miscellaneous manufactured products|12||Rail|09|1,500 - 1,999 miles|2022|0|S|0|S|0|S|0|S
01|00|0100000US|United States||40|Miscellaneous manufactured products|12||Rail|10|2,000 miles or more|2022|152||238||33.1||42.4|
01|00|0100000US|United States||40|Miscellaneous manufactured products|13||Water|001|Total|2022|44||8||44.8||49.1|
01|00|0100000US|United States||40|Miscellaneous manufactured products|13||Water|02|Less than 50 miles|2022|0|S|0|S|0|S|0|S
01|00|0100000US|United States||40|Miscellaneous manufactured products|13||Water|03|50 - 99 miles|2022|0|S|0|S|0|S|0|S
01|00|0100000US|United States||40|Miscellaneous manufactured products|13||Water|04|100 - 249 miles|2022|0|S|0|S|0|S|0|S
01|00|0100000US|United States||40|Miscellaneous manufactured products|13||Water|05|250 - 499 miles|2022|0|S|0|S|0|S|0|S
01|00|0100000US|United States||40|Miscellaneous manufactured products|13||Water|06|500 - 749 miles|2022|1||0|S|33.8||0|S
01|00|0100000US|United States||40|Miscellaneous manufactured products|13||Water|07|750 - 999 miles|2022|0|S|1||0|S|37.5|
01|00|0100000US|United States||40|Miscellaneous manufactured products|13||Water|09|1,500 - 1,999 miles|2022|6||1||36||35.3|
01|00|0100000US|United States||40|Miscellaneous manufactured products|13||Water|10|2,000 miles or more|2022|0|S|0|S|0|S|0|S
01|00|0100000US|United States||40|Miscellaneous manufactured products|131||Inland water|001|Total|2022|0|S|0|S|0|S|0|S
01|00|0100000US|United States||40|Miscellaneous manufactured products|131||Inland water|02|Less than 50 miles|2022|0|S|0|S|0|S|0|S
01|00|0100000US|United States||40|Miscellaneous manufactured products|131||Inland water|04|100 - 249 miles|2022|0|S|0|S|0|S|0|S
01|00|0100000US|United States||40|Miscellaneous manufactured products|133||Deep sea|001|Total|2022|35||0|S|43.4||0|S
01|00|0100000US|United States||40|Miscellaneous manufactured products|133||Deep sea|02|Less than 50 miles|2022|0|S|0|Z|0|S|47.3|
01|00|0100000US|United States||40|Miscellaneous manufactured products|133||Deep sea|03|50 - 99 miles|2022|0|S|0|S|0|S|0|S
01|00|0100000US|United States||40|Miscellaneous manufactured products|133||Deep sea|04|100 - 249 miles|2022|0|S|0|Z|0|S|49.7|
01|00|0100000US|United States||40|Miscellaneous manufactured products|133||Deep sea|05|250 - 499 miles|2022|0|S|0|S|0|S|0|S
01|00|0100000US|United States||40|Miscellaneous manufactured products|133||Deep sea|06|500 - 749 miles|2022|1||0|S|33.8||0|S
01|00|0100000US|United States||40|Miscellaneous manufactured products|133||Deep sea|07|750 - 999 miles|2022|0|S|1||0|S|37.5|
01|00|0100000US|United States||40|Miscellaneous manufactured products|133||Deep sea|09|1,500 - 1,999 miles|2022|6||1||36||35.3|
01|00|0100000US|United States||40|Miscellaneous manufactured products|133||Deep sea|10|2,000 miles or more|2022|0|S|0|S|0|S|0|S
01|00|0100000US|United States||40|Miscellaneous manufactured products|14||Air (includes truck and air)|001|Total|2022|4259||141||11.1||30.3|
01|00|0100000US|United States||40|Miscellaneous manufactured products|14||Air (includes truck and air)|03|50 - 99 miles|2022|2||0|S|49.9||0|S
01|00|0100000US|United States||40|Miscellaneous manufactured products|14||Air (includes truck and air)|04|100 - 249 miles|2022|146||3||38.7||43.9|
01|00|0100000US|United States||40|Miscellaneous manufactured products|14||Air (includes truck and air)|05|250 - 499 miles|2022|453||8||13.5||26.9|
01|00|0100000US|United States||40|Miscellaneous manufactured products|14||Air (includes truck and air)|06|500 - 749 miles|2022|671||0|S|19.3||0|S
01|00|0100000US|United States||40|Miscellaneous manufactured products|14||Air (includes truck and air)|07|750 - 999 miles|2022|534||7||33.9||26.1|
01|00|0100000US|United States||40|Miscellaneous manufactured products|14||Air (includes truck and air)|08|1,000 - 1,499 miles|2022|491||0|S|19.5||0|S
01|00|0100000US|United States||40|Miscellaneous manufactured products|14||Air (includes truck and air)|09|1,500 - 1,999 miles|2022|552||7||13.7||30.1|
01|00|0100000US|United States||40|Miscellaneous manufactured products|14||Air (includes truck and air)|10|2,000 miles or more|2022|1410||25||14.6||24.7|
01|00|0100000US|United States||40|Miscellaneous manufactured products|15||Pipeline|001|Total|2022|0|S|0|S|0|S|0|S
01|00|0100000US|United States||40|Miscellaneous manufactured products|15||Pipeline|02|Less than 50 miles|2022|0|S|0|S|0|S|0|S
01|00|0100000US|United States||40|Miscellaneous manufactured products|15||Pipeline|03|50 - 99 miles|2022|0|S|0|S|0|S|0|S
01|00|0100000US|United States||40|Miscellaneous manufactured products|15||Pipeline|05|250 - 499 miles|2022|0|S|0|S|0|S|0|S
01|00|0100000US|United States||40|Miscellaneous manufactured products|15||Pipeline|06|500 - 749 miles|2022|0|S|0|S|0|S|0|S
01|00|0100000US|United States||40|Miscellaneous manufactured products|15||Pipeline|07|750 - 999 miles|2022|0|S|0|S|0|S|0|S
01|00|0100000US|United States||40|Miscellaneous manufactured products|15||Pipeline|08|1,000 - 1,499 miles|2022|0|S|0|S|0|S|0|S
01|00|0100000US|United States||40|Miscellaneous manufactured products|20||Multiple modes|001|Total|2022|270986||13191||3.6||12.2|
01|00|0100000US|United States||40|Miscellaneous manufactured products|20||Multiple modes|02|Less than 50 miles|2022|22076||2188||9.3||33.1|
01|00|0100000US|United States||40|Miscellaneous manufactured products|20||Multiple modes|03|50 - 99 miles|2022|11321||541||6.7||16.1|
01|00|0100000US|United States||40|Miscellaneous manufactured products|20||Multiple modes|04|100 - 249 miles|2022|33628||1653||4.2||8.3|
01|00|0100000US|United States||40|Miscellaneous manufactured products|20||Multiple modes|05|250 - 499 miles|2022|41327||2094||5.8||11.8|
01|00|0100000US|United States||40|Miscellaneous manufactured products|20||Multiple modes|06|500 - 749 miles|2022|37471||1948||4.4||12.1|
01|00|0100000US|United States||40|Miscellaneous manufactured products|20||Multiple modes|07|750 - 999 miles|2022|29732||1087||5.1||10.4|
01|00|0100000US|United States||40|Miscellaneous manufactured products|20||Multiple modes|08|1,000 - 1,499 miles|2022|38179||1359||7.4||21.7|
01|00|0100000US|United States||40|Miscellaneous manufactured products|20||Multiple modes|09|1,500 - 1,999 miles|2022|23375||1394||5.6||43.1|
01|00|0100000US|United States||40|Miscellaneous manufactured products|20||Multiple modes|10|2,000 miles or more|2022|33876||927||9.6||15.6|
01|00|0100000US|United States||40|Miscellaneous manufactured products|21||Parcel, U.S.P.S. or courier|001|Total|2022|261472||6300||3.7||5.2|
01|00|0100000US|United States||40|Miscellaneous manufactured products|21||Parcel, U.S.P.S. or courier|02|Less than 50 miles|2022|20613||555||8.9||11.8|
01|00|0100000US|United States||40|Miscellaneous manufactured products|21||Parcel, U.S.P.S. or courier|03|50 - 99 miles|2022|10977||359||6.6||9.9|
01|00|0100000US|United States||40|Miscellaneous manufactured products|21||Parcel, U.S.P.S. or courier|04|100 - 249 miles|2022|32593||1060||4.6||8.2|
01|00|0100000US|United States||40|Miscellaneous manufactured products|21||Parcel, U.S.P.S. or courier|05|250 - 499 miles|2022|39817||1121||6.1||5.8|
01|00|0100000US|United States||40|Miscellaneous manufactured products|21||Parcel, U.S.P.S. or courier|06|500 - 749 miles|2022|35995||924||4||5.9|
01|00|0100000US|United States||40|Miscellaneous manufactured products|21||Parcel, U.S.P.S. or courier|07|750 - 999 miles|2022|28694||630||5.1||4.5|
01|00|0100000US|United States||40|Miscellaneous manufactured products|21||Parcel, U.S.P.S. or courier|08|1,000 - 1,499 miles|2022|37203||673||7.6||9.1|
01|00|0100000US|United States||40|Miscellaneous manufactured products|21||Parcel, U.S.P.S. or courier|09|1,500 - 1,999 miles|2022|22502||457||5.9||6|
01|00|0100000US|United States||40|Miscellaneous manufactured products|21||Parcel, U.S.P.S. or courier|10|2,000 miles or more|2022|33079||521||9.9||6|
01|00|0100000US|United States||40|Miscellaneous manufactured products|22||Truck and rail|001|Total|2022|5632||5964||17.4||28.2|
01|00|0100000US|United States||40|Miscellaneous manufactured products|22||Truck and rail|02|Less than 50 miles|2022|512||891||45.4||39.3|
01|00|0100000US|United States||40|Miscellaneous manufactured products|22||Truck and rail|03|50 - 99 miles|2022|85||170||49.3||49.7|
01|00|0100000US|United States||40|Miscellaneous manufactured products|22||Truck and rail|04|100 - 249 miles|2022|917||579||23.3||17.9|
01|00|0100000US|United States||40|Miscellaneous manufactured products|22||Truck and rail|05|250 - 499 miles|2022|900||948||18.6||22|
01|00|0100000US|United States||40|Miscellaneous manufactured products|22||Truck and rail|06|500 - 749 miles|2022|1024||994||20.5||27|
01|00|0100000US|United States||40|Miscellaneous manufactured products|22||Truck and rail|07|750 - 999 miles|2022|552||439||23.5||24.4|
01|00|0100000US|United States||40|Miscellaneous manufactured products|22||Truck and rail|08|1,000 - 1,499 miles|2022|503||675||21.4||43.3|
01|00|0100000US|United States||40|Miscellaneous manufactured products|22||Truck and rail|09|1,500 - 1,999 miles|2022|0|S|0|S|0|S|0|S
01|00|0100000US|United States||40|Miscellaneous manufactured products|22||Truck and rail|10|2,000 miles or more|2022|426||349||34.2||37.1|
01|00|0100000US|United States||40|Miscellaneous manufactured products|23||Truck and water|001|Total|2022|0|S|0|S|0|S|0|S
01|00|0100000US|United States||40|Miscellaneous manufactured products|23||Truck and water|02|Less than 50 miles|2022|0|S|0|S|0|S|0|S
01|00|0100000US|United States||40|Miscellaneous manufactured products|23||Truck and water|03|50 - 99 miles|2022|0|S|0|S|0|S|0|S
01|00|0100000US|United States||40|Miscellaneous manufactured products|23||Truck and water|04|100 - 249 miles|2022|0|S|8||0|S|37.6|
01|00|0100000US|United States||40|Miscellaneous manufactured products|23||Truck and water|05|250 - 499 miles|2022|0|S|0|S|0|S|0|S
01|00|0100000US|United States||40|Miscellaneous manufactured products|23||Truck and water|06|500 - 749 miles|2022|0|S|30||0|S|40|
01|00|0100000US|United States||40|Miscellaneous manufactured products|23||Truck and water|07|750 - 999 miles|2022|0|S|0|S|0|S|0|S
01|00|0100000US|United States||40|Miscellaneous manufactured products|23||Truck and water|08|1,000 - 1,499 miles|2022|0|S|0|S|0|S|0|S
01|00|0100000US|United States||40|Miscellaneous manufactured products|23||Truck and water|09|1,500 - 1,999 miles|2022|0|S|0|S|0|S|0|S
01|00|0100000US|United States||40|Miscellaneous manufactured products|23||Truck and water|10|2,000 miles or more|2022|363||54||28.9||25.6|
01|00|0100000US|United States||40|Miscellaneous manufactured products|24||Rail and water|001|Total|2022|0|S|0|S|0|S|0|S
01|00|0100000US|United States||40|Miscellaneous manufactured products|24||Rail and water|02|Less than 50 miles|2022|0|S|0|S|0|S|0|S
01|00|0100000US|United States||40|Miscellaneous manufactured products|24||Rail and water|03|50 - 99 miles|2022|0|S|0|S|0|S|0|S
01|00|0100000US|United States||40|Miscellaneous manufactured products|24||Rail and water|04|100 - 249 miles|2022|0|S|0|S|0|S|0|S
01|00|0100000US|United States||40|Miscellaneous manufactured products|24||Rail and water|05|250 - 499 miles|2022|0|S|0|S|0|S|0|S
01|00|0100000US|United States||40|Miscellaneous manufactured products|24||Rail and water|06|500 - 749 miles|2022|0|S|0|S|0|S|0|S
01|00|0100000US|United States||40|Miscellaneous manufactured products|24||Rail and water|07|750 - 999 miles|2022|0|S|0|S|0|S|0|S
01|00|0100000US|United States||40|Miscellaneous manufactured products|24||Rail and water|08|1,000 - 1,499 miles|2022|0|S|0|S|0|S|0|S
01|00|0100000US|United States||40|Miscellaneous manufactured products|24||Rail and water|09|1,500 - 1,999 miles|2022|0|S|0|S|0|S|0|S
01|00|0100000US|United States||40|Miscellaneous manufactured products|25|x|Other multiple modes|001|Total|2022|0|S|0|S|0|S|0|S
01|00|0100000US|United States||40|Miscellaneous manufactured products|25|x|Other multiple modes|04|100 - 249 miles|2022|0|S|0|S|0|S|0|S
01|00|0100000US|United States||40|Miscellaneous manufactured products|25|x|Other multiple modes|05|250 - 499 miles|2022|0|S|0|S|0|S|0|S
01|00|0100000US|United States||40|Miscellaneous manufactured products|25|x|Other multiple modes|06|500 - 749 miles|2022|0|S|0|S|0|S|0|S
01|00|0100000US|United States||40|Miscellaneous manufactured products|25|x|Other multiple modes|07|750 - 999 miles|2022|11||2||25.6||22.8|
01|00|0100000US|United States||40|Miscellaneous manufactured products|25|x|Other multiple modes|08|1,000 - 1,499 miles|2022|0|S|0|S|0|S|0|S
01|00|0100000US|United States||40|Miscellaneous manufactured products|25|x|Other multiple modes|09|1,500 - 1,999 miles|2022|0|S|0|S|0|S|0|S
01|00|0100000US|United States||40|Miscellaneous manufactured products|25|x|Other multiple modes|10|2,000 miles or more|2022|0|S|0|S|0|S|0|S
01|00|0100000US|United States||40|Miscellaneous manufactured products|30|z|Unknown mode|001|Total|2022|4469||815||13.3||24|
01|00|0100000US|United States||40|Miscellaneous manufactured products|30|z|Unknown mode|02|Less than 50 miles|2022|1440||277||21.3||31.7|
01|00|0100000US|United States||40|Miscellaneous manufactured products|30|z|Unknown mode|03|50 - 99 miles|2022|277||61||24.8||38.4|
01|00|0100000US|United States||40|Miscellaneous manufactured products|30|z|Unknown mode|04|100 - 249 miles|2022|443||157||20.4||46.1|
01|00|0100000US|United States||40|Miscellaneous manufactured products|30|z|Unknown mode|05|250 - 499 miles|2022|721||77||24.2||23.3|
01|00|0100000US|United States||40|Miscellaneous manufactured products|30|z|Unknown mode|06|500 - 749 miles|2022|331||33||17.7||18.8|
01|00|0100000US|United States||40|Miscellaneous manufactured products|30|z|Unknown mode|07|750 - 999 miles|2022|274||19||27.3||20.4|
01|00|0100000US|United States||40|Miscellaneous manufactured products|30|z|Unknown mode|08|1,000 - 1,499 miles|2022|522||92||22||33.9|
01|00|0100000US|United States||40|Miscellaneous manufactured products|30|z|Unknown mode|09|1,500 - 1,999 miles|2022|288||38||31.7||35.9|
01|00|0100000US|United States||40|Miscellaneous manufactured products|30|z|Unknown mode|10|2,000 miles or more|2022|172||0|S|20||0|S
01|00|0100000US|United States||41|Waste and scrap|00||All modes|001|Total|2022|97169||178125||6.8||7.2|
01|00|0100000US|United States||41|Waste and scrap|00||All modes|02|Less than 50 miles|2022|29308||63077||9.5||9.3|
01|00|0100000US|United States||41|Waste and scrap|00||All modes|03|50 - 99 miles|2022|13741||41867||15.2||22|
01|00|0100000US|United States||41|Waste and scrap|00||All modes|04|100 - 249 miles|2022|17954||32310||5.2||5.7|
01|00|0100000US|United States||41|Waste and scrap|00||All modes|05|250 - 499 miles|2022|20786||24633||18.6||11.5|
01|00|0100000US|United States||41|Waste and scrap|00||All modes|06|500 - 749 miles|2022|6421||7901||10.4||11.4|
01|00|0100000US|United States||41|Waste and scrap|00||All modes|07|750 - 999 miles|2022|3007||2390||16.7||16.7|
01|00|0100000US|United States||41|Waste and scrap|00||All modes|08|1,000 - 1,499 miles|2022|3342||3307||17.6||25.1|
01|00|0100000US|United States||41|Waste and scrap|00||All modes|09|1,500 - 1,999 miles|2022|1415||819||29.7||20.1|
01|00|0100000US|United States||41|Waste and scrap|00||All modes|10|2,000 miles or more|2022|1194||1821||36.3||48.3|
01|00|0100000US|United States||41|Waste and scrap|10||Single modes|001|Total|2022|83636||152779||6.6||8.2|
01|00|0100000US|United States||41|Waste and scrap|10||Single modes|02|Less than 50 miles|2022|26695||56762||10.9||10.6|
01|00|0100000US|United States||41|Waste and scrap|10||Single modes|03|50 - 99 miles|2022|12512||39135||16.5||23.6|
01|00|0100000US|United States||41|Waste and scrap|10||Single modes|04|100 - 249 miles|2022|15973||27743||5.9||6.6|
01|00|0100000US|United States||41|Waste and scrap|10||Single modes|05|250 - 499 miles|2022|16776||17775||18.8||14.1|
01|00|0100000US|United States||41|Waste and scrap|10||Single modes|06|500 - 749 miles|2022|4789||5068||11.4||16.4|
01|00|0100000US|United States||41|Waste and scrap|10||Single modes|07|750 - 999 miles|2022|2357||1790||16.1||18.6|
01|00|0100000US|United States||41|Waste and scrap|10||Single modes|08|1,000 - 1,499 miles|2022|2571||2367||18.1||22.3|
01|00|0100000US|United States||41|Waste and scrap|10||Single modes|09|1,500 - 1,999 miles|2022|1076||677||24.2||18.4|
01|00|0100000US|United States||41|Waste and scrap|10||Single modes|10|2,000 miles or more|2022|887||0|S|46.2||0|S
01|00|0100000US|United States||41|Waste and scrap|11|n|Truck|001|Total|2022|77419||136827||7.3||8.9|
01|00|0100000US|United States||41|Waste and scrap|11|n|Truck|02|Less than 50 miles|2022|26121||54962||11.1||11|
01|00|0100000US|United States||41|Waste and scrap|11|n|Truck|03|50 - 99 miles|2022|11954||37756||15.8||23.6|
01|00|0100000US|United States||41|Waste and scrap|11|n|Truck|04|100 - 249 miles|2022|13866||22353||6.6||7.9|
01|00|0100000US|United States||41|Waste and scrap|11|n|Truck|05|250 - 499 miles|2022|15662||14836||20.8||16|
01|00|0100000US|United States||41|Waste and scrap|11|n|Truck|06|500 - 749 miles|2022|3789||2839||10.9||20.3|
01|00|0100000US|United States||41|Waste and scrap|11|n|Truck|07|750 - 999 miles|2022|2105||1063||15.3||9.1|
01|00|0100000US|United States||41|Waste and scrap|11|n|Truck|08|1,000 - 1,499 miles|2022|2101||1252||22.5||23.5|
01|00|0100000US|United States||41|Waste and scrap|11|n|Truck|09|1,500 - 1,999 miles|2022|973||452||26.2||20.7|
01|00|0100000US|United States||41|Waste and scrap|11|n|Truck|10|2,000 miles or more|2022|848||0|S|48.8||0|S
01|00|0100000US|United States||41|Waste and scrap|111||For-hire truck|001|Total|2022|59613||96907||8.2||10.7|
01|00|0100000US|United States||41|Waste and scrap|111||For-hire truck|02|Less than 50 miles|2022|16312||33921||13.4||12|
01|00|0100000US|United States||41|Waste and scrap|111||For-hire truck|03|50 - 99 miles|2022|8914||27918||21.2||28.6|
01|00|0100000US|United States||41|Waste and scrap|111||For-hire truck|04|100 - 249 miles|2022|11153||16757||8.1||6.9|
01|00|0100000US|United States||41|Waste and scrap|111||For-hire truck|05|250 - 499 miles|2022|14239||12191||22.6||16.7|
01|00|0100000US|United States||41|Waste and scrap|111||For-hire truck|06|500 - 749 miles|2022|3541||2592||10.8||16.6|
01|00|0100000US|United States||41|Waste and scrap|111||For-hire truck|07|750 - 999 miles|2022|1977||945||16.6||11.3|
01|00|0100000US|United States||41|Waste and scrap|111||For-hire truck|08|1,000 - 1,499 miles|2022|1962||1027||24.6||21.3|
01|00|0100000US|United States||41|Waste and scrap|111||For-hire truck|09|1,500 - 1,999 miles|2022|674||263||29||16.4|
01|00|0100000US|United States||41|Waste and scrap|111||For-hire truck|10|2,000 miles or more|2022|842||0|S|49.2||0|S
01|00|0100000US|United States||41|Waste and scrap|112||Company-owned truck|001|Total|2022|14803||32980||10.5||12|
01|00|0100000US|United States||41|Waste and scrap|112||Company-owned truck|02|Less than 50 miles|2022|8805||18902||12.3||15.2|
01|00|0100000US|United States||41|Waste and scrap|112||Company-owned truck|03|50 - 99 miles|2022|2581||7769||12.4||16|
01|00|0100000US|United States||41|Waste and scrap|112||Company-owned truck|04|100 - 249 miles|2022|2287||4697||18.7||20.3|
01|00|0100000US|United States||41|Waste and scrap|112||Company-owned truck|05|250 - 499 miles|2022|965||1444||25.5||33.8|
01|00|0100000US|United States||41|Waste and scrap|112||Company-owned truck|06|500 - 749 miles|2022|0|S|64||0|S|45.1|
01|00|0100000US|United States||41|Waste and scrap|112||Company-owned truck|07|750 - 999 miles|2022|14||0|S|28.5||0|S
01|00|0100000US|United States||41|Waste and scrap|112||Company-owned truck|08|1,000 - 1,499 miles|2022|0|S|0|S|0|S|0|S
01|00|0100000US|United States||41|Waste and scrap|112||Company-owned truck|09|1,500 - 1,999 miles|2022|0|S|4||0|S|43.8|
01|00|0100000US|United States||41|Waste and scrap|112||Company-owned truck|10|2,000 miles or more|2022|0|S|0|S|0|S|0|S
01|00|0100000US|United States||41|Waste and scrap|113|o|Customer pick-up|001|Total|2022|3003||6940||11.9||13.8|
01|00|0100000US|United States||41|Waste and scrap|113|o|Customer pick-up|02|Less than 50 miles|2022|1004||2139||24||18.7|
01|00|0100000US|United States||41|Waste and scrap|113|o|Customer pick-up|03|50 - 99 miles|2022|458||2069||25.6||30.5|
01|00|0100000US|United States||41|Waste and scrap|113|o|Customer pick-up|04|100 - 249 miles|2022|426||899||31.5||27.9|
01|00|0100000US|United States||41|Waste and scrap|113|o|Customer pick-up|05|250 - 499 miles|2022|458||1202||18.8||37|
01|00|0100000US|United States||41|Waste and scrap|113|o|Customer pick-up|06|500 - 749 miles|2022|151||0|S|25.4||0|S
01|00|0100000US|United States||41|Waste and scrap|113|o|Customer pick-up|07|750 - 999 miles|2022|113||88||41.8||26.5|
01|00|0100000US|United States||41|Waste and scrap|113|o|Customer pick-up|08|1,000 - 1,499 miles|2022|90||0|S|32.2||0|S
01|00|0100000US|United States||41|Waste and scrap|113|o|Customer pick-up|09|1,500 - 1,999 miles|2022|297||184||41.2||44.2|
01|00|0100000US|United States||41|Waste and scrap|113|o|Customer pick-up|10|2,000 miles or more|2022|0|S|13||0|S|36.1|
01|00|0100000US|United States||41|Waste and scrap|12||Rail|001|Total|2022|5977||15361||14.7||13.2|
01|00|0100000US|United States||41|Waste and scrap|12||Rail|02|Less than 50 miles|2022|0|S|0|S|0|S|0|S
01|00|0100000US|United States||41|Waste and scrap|12||Rail|03|50 - 99 miles|2022|557||1376||40.2||33|
01|00|0100000US|United States||41|Waste and scrap|12||Rail|04|100 - 249 miles|2022|2102||5372||10.8||10.6|
01|00|0100000US|United States||41|Waste and scrap|12||Rail|05|250 - 499 miles|2022|1061||2807||14.6||17.2|
01|00|0100000US|United States||41|Waste and scrap|12||Rail|06|500 - 749 miles|2022|857||1831||37.4||29.7|
01|00|0100000US|United States||41|Waste and scrap|12||Rail|07|750 - 999 miles|2022|252||727||35.6||44.6|
01|00|0100000US|United States||41|Waste and scrap|12||Rail|08|1,000 - 1,499 miles|2022|469||1115||30||27.6|
01|00|0100000US|United States||41|Waste and scrap|12||Rail|09|1,500 - 1,999 miles|2022|88||215||38.2||40.9|
01|00|0100000US|United States||41|Waste and scrap|12||Rail|10|2,000 miles or more|2022|0|S|148||0|S|49.4|
01|00|0100000US|United States||41|Waste and scrap|13||Water|001|Total|2022|0|S|0|S|0|S|0|S
01|00|0100000US|United States||41|Waste and scrap|13||Water|02|Less than 50 miles|2022|0|S|0|S|0|S|0|S
01|00|0100000US|United States||41|Waste and scrap|13||Water|04|100 - 249 miles|2022|0|S|0|S|0|S|0|S
01|00|0100000US|United States||41|Waste and scrap|13||Water|05|250 - 499 miles|2022|0|S|0|S|0|S|0|S
01|00|0100000US|United States||41|Waste and scrap|13||Water|06|500 - 749 miles|2022|143||398||11||4.3|
01|00|0100000US|United States||41|Waste and scrap|13||Water|09|1,500 - 1,999 miles|2022|0|S|0|S|0|S|0|S
01|00|0100000US|United States||41|Waste and scrap|131||Inland water|001|Total|2022|194||526||35.4||27.6|
01|00|0100000US|United States||41|Waste and scrap|131||Inland water|05|250 - 499 miles|2022|0|S|0|S|0|S|0|S
01|00|0100000US|United States||41|Waste and scrap|131||Inland water|06|500 - 749 miles|2022|143||398||11||4.3|
01|00|0100000US|United States||41|Waste and scrap|133||Deep sea|001|Total|2022|0|S|0|S|0|S|0|S
01|00|0100000US|United States||41|Waste and scrap|133||Deep sea|02|Less than 50 miles|2022|0|S|0|S|0|S|0|S
01|00|0100000US|United States||41|Waste and scrap|133||Deep sea|04|100 - 249 miles|2022|0|S|0|S|0|S|0|S
01|00|0100000US|United States||41|Waste and scrap|133||Deep sea|05|250 - 499 miles|2022|0|S|0|S|0|S|0|S
01|00|0100000US|United States||41|Waste and scrap|133||Deep sea|09|1,500 - 1,999 miles|2022|0|S|0|S|0|S|0|S
01|00|0100000US|United States||41|Waste and scrap|14||Air (includes truck and air)|001|Total|2022|0|S|0|S|0|S|0|S
01|00|0100000US|United States||41|Waste and scrap|14||Air (includes truck and air)|04|100 - 249 miles|2022|0|S|0|S|0|S|0|S
01|00|0100000US|United States||41|Waste and scrap|15||Pipeline|001|Total|2022|0|S|0|S|0|S|0|S
01|00|0100000US|United States||41|Waste and scrap|15||Pipeline|03|50 - 99 miles|2022|0|S|0|S|0|S|0|S
01|00|0100000US|United States||41|Waste and scrap|20||Multiple modes|001|Total|2022|12832||24640||12.7||11.3|
01|00|0100000US|United States||41|Waste and scrap|20||Multiple modes|02|Less than 50 miles|2022|2118||5797||34.3||35.4|
01|00|0100000US|United States||41|Waste and scrap|20||Multiple modes|03|50 - 99 miles|2022|1209||2713||35||36.5|
01|00|0100000US|United States||41|Waste and scrap|20||Multiple modes|04|100 - 249 miles|2022|1864||4494||15.7||12.8|
01|00|0100000US|United States||41|Waste and scrap|20||Multiple modes|05|250 - 499 miles|2022|3995||6799||25.9||19.8|
01|00|0100000US|United States||41|Waste and scrap|20||Multiple modes|06|500 - 749 miles|2022|1624||2824||24.9||22.8|
01|00|0100000US|United States||41|Waste and scrap|20||Multiple modes|07|750 - 999 miles|2022|0|S|597||0|S|24.2|
01|00|0100000US|United States||41|Waste and scrap|20||Multiple modes|08|1,000 - 1,499 miles|2022|768||936||36.8||41.6|
01|00|0100000US|United States||41|Waste and scrap|20||Multiple modes|09|1,500 - 1,999 miles|2022|0|S|134||0|S|31.1|
01|00|0100000US|United States||41|Waste and scrap|20||Multiple modes|10|2,000 miles or more|2022|0|S|346||0|S|44.6|
01|00|0100000US|United States||41|Waste and scrap|21||Parcel, U.S.P.S. or courier|001|Total|2022|0|S|0|S|0|S|0|S
01|00|0100000US|United States||41|Waste and scrap|21||Parcel, U.S.P.S. or courier|02|Less than 50 miles|2022|0|S|0|S|0|S|0|S
01|00|0100000US|United States||41|Waste and scrap|21||Parcel, U.S.P.S. or courier|03|50 - 99 miles|2022|0|S|0|S|0|S|0|S
01|00|0100000US|United States||41|Waste and scrap|21||Parcel, U.S.P.S. or courier|04|100 - 249 miles|2022|0|S|0|S|0|S|0|S
01|00|0100000US|United States||41|Waste and scrap|21||Parcel, U.S.P.S. or courier|05|250 - 499 miles|2022|0|S|0|S|0|S|0|S
01|00|0100000US|United States||41|Waste and scrap|21||Parcel, U.S.P.S. or courier|06|500 - 749 miles|2022|0|Z|0|Z|5.1||3.2|
01|00|0100000US|United States||41|Waste and scrap|21||Parcel, U.S.P.S. or courier|07|750 - 999 miles|2022|0|Z|0|Z|45.4||47.1|
01|00|0100000US|United States||41|Waste and scrap|21||Parcel, U.S.P.S. or courier|08|1,000 - 1,499 miles|2022|0|S|0|S|0|S|0|S
01|00|0100000US|United States||41|Waste and scrap|21||Parcel, U.S.P.S. or courier|09|1,500 - 1,999 miles|2022|0|S|0|S|0|S|0|S
01|00|0100000US|United States||41|Waste and scrap|21||Parcel, U.S.P.S. or courier|10|2,000 miles or more|2022|0|S|0|S|0|S|0|S
01|00|0100000US|United States||41|Waste and scrap|22||Truck and rail|001|Total|2022|10406||21665||11.7||10.6|
01|00|0100000US|United States||41|Waste and scrap|22||Truck and rail|02|Less than 50 miles|2022|1600||5120||36.1||38.4|
01|00|0100000US|United States||41|Waste and scrap|22||Truck and rail|03|50 - 99 miles|2022|719||1753||20.6||18.5|
01|00|0100000US|United States||41|Waste and scrap|22||Truck and rail|04|100 - 249 miles|2022|1772||4431||15.6||12.9|
01|00|0100000US|United States||41|Waste and scrap|22||Truck and rail|05|250 - 499 miles|2022|3073||6140||31.7||22.3|
01|00|0100000US|United States||41|Waste and scrap|22||Truck and rail|06|500 - 749 miles|2022|1469||2464||23.9||23|
01|00|0100000US|United States||41|Waste and scrap|22||Truck and rail|07|750 - 999 miles|2022|0|S|591||0|S|24.4|
01|00|0100000US|United States||41|Waste and scrap|22||Truck and rail|08|1,000 - 1,499 miles|2022|708||905||41.2||43.7|
01|00|0100000US|United States||41|Waste and scrap|22||Truck and rail|09|1,500 - 1,999 miles|2022|0|S|121||0|S|32.1|
01|00|0100000US|United States||41|Waste and scrap|22||Truck and rail|10|2,000 miles or more|2022|138||141||49.1||43.8|
01|00|0100000US|United States||41|Waste and scrap|23||Truck and water|001|Total|2022|1920||2726||40.5||48.4|
01|00|0100000US|United States||41|Waste and scrap|23||Truck and water|02|Less than 50 miles|2022|491||632||35||35.6|
01|00|0100000US|United States||41|Waste and scrap|23||Truck and water|03|50 - 99 miles|2022|0|S|0|S|0|S|0|S
01|00|0100000US|United States||41|Waste and scrap|23||Truck and water|04|100 - 249 miles|2022|65||47||35.6||33.8|
01|00|0100000US|United States||41|Waste and scrap|23||Truck and water|05|250 - 499 miles|2022|0|S|0|S|0|S|0|S
01|00|0100000US|United States||41|Waste and scrap|23||Truck and water|06|500 - 749 miles|2022|0|S|0|S|0|S|0|S
01|00|0100000US|United States||41|Waste and scrap|23||Truck and water|07|750 - 999 miles|2022|20||6||11.3||34|
01|00|0100000US|United States||41|Waste and scrap|23||Truck and water|08|1,000 - 1,499 miles|2022|0|S|0|S|0|S|0|S
01|00|0100000US|United States||41|Waste and scrap|23||Truck and water|09|1,500 - 1,999 miles|2022|0|S|0|S|0|S|0|S
01|00|0100000US|United States||41|Waste and scrap|23||Truck and water|10|2,000 miles or more|2022|0|S|205||0|S|49|
01|00|0100000US|United States||41|Waste and scrap|24||Rail and water|001|Total|2022|501||248||42.4||32.2|
01|00|0100000US|United States||41|Waste and scrap|24||Rail and water|02|Less than 50 miles|2022|28||0|S|37.4||0|S
01|00|0100000US|United States||41|Waste and scrap|24||Rail and water|03|50 - 99 miles|2022|0|S|0|S|0|S|0|S
01|00|0100000US|United States||41|Waste and scrap|24||Rail and water|04|100 - 249 miles|2022|0|S|0|S|0|S|0|S
01|00|0100000US|United States||41|Waste and scrap|24||Rail and water|05|250 - 499 miles|2022|0|S|0|S|0|S|0|S
01|00|0100000US|United States||41|Waste and scrap|24||Rail and water|06|500 - 749 miles|2022|0|S|0|S|0|S|0|S
01|00|0100000US|United States||41|Waste and scrap|24||Rail and water|09|1,500 - 1,999 miles|2022|0|S|0|S|0|S|0|S
01|00|0100000US|United States||41|Waste and scrap|30|z|Unknown mode|001|Total|2022|702||706||36.9||25.9|
01|00|0100000US|United States||41|Waste and scrap|30|z|Unknown mode|02|Less than 50 miles|2022|494||518||45||32.6|
01|00|0100000US|United States||41|Waste and scrap|30|z|Unknown mode|03|50 - 99 miles|2022|0|S|0|S|0|S|0|S
01|00|0100000US|United States||41|Waste and scrap|30|z|Unknown mode|04|100 - 249 miles|2022|117||74||40.5||16.4|
01|00|0100000US|United States||41|Waste and scrap|30|z|Unknown mode|05|250 - 499 miles|2022|16||59||32||35.9|
01|00|0100000US|United States||41|Waste and scrap|30|z|Unknown mode|06|500 - 749 miles|2022|0|S|0|S|0|S|0|S
01|00|0100000US|United States||41|Waste and scrap|30|z|Unknown mode|07|750 - 999 miles|2022|0|S|0|S|0|S|0|S
01|00|0100000US|United States||41|Waste and scrap|30|z|Unknown mode|08|1,000 - 1,499 miles|2022|0|S|0|S|0|S|0|S
01|00|0100000US|United States||41|Waste and scrap|30|z|Unknown mode|09|1,500 - 1,999 miles|2022|11||8||37.7||42.8|
01|00|0100000US|United States||41|Waste and scrap|30|z|Unknown mode|10|2,000 miles or more|2022|0|S|12||0|S|45.5|
01|00|0100000US|United States||43|Mixed freight|00||All modes|001|Total|2022|1728410||433933||5.4||4.2|
01|00|0100000US|United States||43|Mixed freight|00||All modes|02|Less than 50 miles|2022|641787||172201||5.3||4.8|
01|00|0100000US|United States||43|Mixed freight|00||All modes|03|50 - 99 miles|2022|335189||92382||5.6||4.9|
01|00|0100000US|United States||43|Mixed freight|00||All modes|04|100 - 249 miles|2022|445675||111558||8.2||5.9|
01|00|0100000US|United States||43|Mixed freight|00||All modes|05|250 - 499 miles|2022|145917||29139||9.9||7.2|
01|00|0100000US|United States||43|Mixed freight|00||All modes|06|500 - 749 miles|2022|57979||9568||7.5||9.1|
01|00|0100000US|United States||43|Mixed freight|00||All modes|07|750 - 999 miles|2022|32536||5935||12.2||15.9|
01|00|0100000US|United States||43|Mixed freight|00||All modes|08|1,000 - 1,499 miles|2022|32252||5627||13.5||16|
01|00|0100000US|United States||43|Mixed freight|00||All modes|09|1,500 - 1,999 miles|2022|19313||4301||16||20.8|
01|00|0100000US|United States||43|Mixed freight|00||All modes|10|2,000 miles or more|2022|17762||3224||6.6||22.8|
01|00|0100000US|United States||43|Mixed freight|10||Single modes|001|Total|2022|1639121||424123||5.6||4.2|
01|00|0100000US|United States||43|Mixed freight|10||Single modes|02|Less than 50 miles|2022|624492||169578||5.4||4.6|
01|00|0100000US|United States||43|Mixed freight|10||Single modes|03|50 - 99 miles|2022|326197||90973||5.7||4.8|
01|00|0100000US|United States||43|Mixed freight|10||Single modes|04|100 - 249 miles|2022|427672||109345||8.5||6|
01|00|0100000US|United States||43|Mixed freight|10||Single modes|05|250 - 499 miles|2022|131176||28001||9.7||7.2|
01|00|0100000US|United States||43|Mixed freight|10||Single modes|06|500 - 749 miles|2022|49102||8942||8.1||9.7|
01|00|0100000US|United States||43|Mixed freight|10||Single modes|07|750 - 999 miles|2022|26288||5463||14||17.4|
01|00|0100000US|United States||43|Mixed freight|10||Single modes|08|1,000 - 1,499 miles|2022|25767||5071||15.1||17.4|
01|00|0100000US|United States||43|Mixed freight|10||Single modes|09|1,500 - 1,999 miles|2022|15406||3948||20.4||22.9|
01|00|0100000US|United States||43|Mixed freight|10||Single modes|10|2,000 miles or more|2022|13021||2802||9.1||26.4|
01|00|0100000US|United States||43|Mixed freight|11|n|Truck|001|Total|2022|1632102||421093||5.7||4.1|
01|00|0100000US|United States||43|Mixed freight|11|n|Truck|02|Less than 50 miles|2022|619074||167274||5.4||4.6|
01|00|0100000US|United States||43|Mixed freight|11|n|Truck|03|50 - 99 miles|2022|326008||90915||5.7||4.8|
01|00|0100000US|United States||43|Mixed freight|11|n|Truck|04|100 - 249 miles|2022|427203||109052||8.5||6|
01|00|0100000US|United States||43|Mixed freight|11|n|Truck|05|250 - 499 miles|2022|131009||27938||9.7||7.2|
01|00|0100000US|United States||43|Mixed freight|11|n|Truck|06|500 - 749 miles|2022|48995||8885||8.1||9.6|
01|00|0100000US|United States||43|Mixed freight|11|n|Truck|07|750 - 999 miles|2022|26229||5429||14.1||17.4|
01|00|0100000US|United States||43|Mixed freight|11|n|Truck|08|1,000 - 1,499 miles|2022|25628||4948||15.2||17.8|
01|00|0100000US|United States||43|Mixed freight|11|n|Truck|09|1,500 - 1,999 miles|2022|15302||3888||20.6||23.5|
01|00|0100000US|United States||43|Mixed freight|11|n|Truck|10|2,000 miles or more|2022|12655||2763||9.1||26.7|
01|00|0100000US|United States||43|Mixed freight|111||For-hire truck|001|Total|2022|471749||141201||7.4||9.3|
01|00|0100000US|United States||43|Mixed freight|111||For-hire truck|02|Less than 50 miles|2022|110260||40144||10.8||12.9|
01|00|0100000US|United States||43|Mixed freight|111||For-hire truck|03|50 - 99 miles|2022|81844||27430||8.5||10.8|
01|00|0100000US|United States||43|Mixed freight|111||For-hire truck|04|100 - 249 miles|2022|130740||39748||14.5||9.3|
01|00|0100000US|United States||43|Mixed freight|111||For-hire truck|05|250 - 499 miles|2022|63735||15344||8.3||9.3|
01|00|0100000US|United States||43|Mixed freight|111||For-hire truck|06|500 - 749 miles|2022|31610||6227||5.4||10.4|
01|00|0100000US|United States||43|Mixed freight|111||For-hire truck|07|750 - 999 miles|2022|17496||3807||15.8||19.7|
01|00|0100000US|United States||43|Mixed freight|111||For-hire truck|08|1,000 - 1,499 miles|2022|16217||3531||12.7||18.4|
01|00|0100000US|United States||43|Mixed freight|111||For-hire truck|09|1,500 - 1,999 miles|2022|10639||2870||15.2||23.1|
01|00|0100000US|United States||43|Mixed freight|111||For-hire truck|10|2,000 miles or more|2022|9206||2100||10||32.2|
01|00|0100000US|United States||43|Mixed freight|112||Company-owned truck|001|Total|2022|1127042||272010||6.1||4|
01|00|0100000US|United States||43|Mixed freight|112||Company-owned truck|02|Less than 50 miles|2022|493418||124129||7.1||5|
01|00|0100000US|United States||43|Mixed freight|112||Company-owned truck|03|50 - 99 miles|2022|241074||62436||6.6||5.1|
01|00|0100000US|United States||43|Mixed freight|112||Company-owned truck|04|100 - 249 miles|2022|292378||68182||6.9||5.2|
01|00|0100000US|United States||43|Mixed freight|112||Company-owned truck|05|250 - 499 miles|2022|64153||11702||14.1||7.7|
01|00|0100000US|United States||43|Mixed freight|112||Company-owned truck|06|500 - 749 miles|2022|14770||2167||19.8||15.9|
01|00|0100000US|United States||43|Mixed freight|112||Company-owned truck|07|750 - 999 miles|2022|7314||1325||22.8||22.7|
01|00|0100000US|United States||43|Mixed freight|112||Company-owned truck|08|1,000 - 1,499 miles|2022|8282||1071||26.1||24.8|
01|00|0100000US|United States||43|Mixed freight|112||Company-owned truck|09|1,500 - 1,999 miles|2022|2738||488||33.3||36.5|
01|00|0100000US|United States||43|Mixed freight|112||Company-owned truck|10|2,000 miles or more|2022|2914||510||24.4||25.8|
01|00|0100000US|United States||43|Mixed freight|113|o|Customer pick-up|001|Total|2022|33311||7882||10.4||16.2|
01|00|0100000US|United States||43|Mixed freight|113|o|Customer pick-up|02|Less than 50 miles|2022|15396||3001||9.7||14.3|
01|00|0100000US|United States||43|Mixed freight|113|o|Customer pick-up|03|50 - 99 miles|2022|3090||1050||38.3||47.1|
01|00|0100000US|United States||43|Mixed freight|113|o|Customer pick-up|04|100 - 249 miles|2022|4085||1122||26.2||29.4|
01|00|0100000US|United States||43|Mixed freight|113|o|Customer pick-up|05|250 - 499 miles|2022|3120||892||20.5||22.4|
01|00|0100000US|United States||43|Mixed freight|113|o|Customer pick-up|06|500 - 749 miles|2022|2614||491||34.7||15.9|
01|00|0100000US|United States||43|Mixed freight|113|o|Customer pick-up|07|750 - 999 miles|2022|1418||297||25.5||22.3|
01|00|0100000US|United States||43|Mixed freight|113|o|Customer pick-up|08|1,000 - 1,499 miles|2022|1128||346||35||33.7|
01|00|0100000US|United States||43|Mixed freight|113|o|Customer pick-up|09|1,500 - 1,999 miles|2022|0|S|531||0|S|42.4|
01|00|0100000US|United States||43|Mixed freight|113|o|Customer pick-up|10|2,000 miles or more|2022|535||153||27.2||35.4|
01|00|0100000US|United States||43|Mixed freight|12||Rail|001|Total|2022|6331||2963||48.8||36.3|
01|00|0100000US|United States||43|Mixed freight|12||Rail|02|Less than 50 miles|2022|0|S|2303||0|S|43.7|
01|00|0100000US|United States||43|Mixed freight|12||Rail|03|50 - 99 miles|2022|0|S|53||0|S|25.4|
01|00|0100000US|United States||43|Mixed freight|12||Rail|04|100 - 249 miles|2022|0|S|284||0|S|49.5|
01|00|0100000US|United States||43|Mixed freight|12||Rail|05|250 - 499 miles|2022|100||56||39.7||25.1|
01|00|0100000US|United States||43|Mixed freight|12||Rail|06|500 - 749 miles|2022|0|S|49||0|S|39.6|
01|00|0100000US|United States||43|Mixed freight|12||Rail|07|750 - 999 miles|2022|33||30||38.6||26.4|
01|00|0100000US|United States||43|Mixed freight|12||Rail|08|1,000 - 1,499 miles|2022|93||0|S|37.2||0|S
01|00|0100000US|United States||43|Mixed freight|12||Rail|09|1,500 - 1,999 miles|2022|0|S|52||0|S|35.9|
01|00|0100000US|United States||43|Mixed freight|12||Rail|10|2,000 miles or more|2022|95||18||38.9||29.7|
01|00|0100000US|United States||43|Mixed freight|13||Water|001|Total|2022|50||13||33.8||38.9|
01|00|0100000US|United States||43|Mixed freight|13||Water|02|Less than 50 miles|2022|9||2||12.8||14.5|
01|00|0100000US|United States||43|Mixed freight|13||Water|03|50 - 99 miles|2022|0|S|0|S|0|S|0|S
01|00|0100000US|United States||43|Mixed freight|13||Water|04|100 - 249 miles|2022|0|S|0|S|0|S|0|S
01|00|0100000US|United States||43|Mixed freight|13||Water|06|500 - 749 miles|2022|3||1||36.6||37.9|
01|00|0100000US|United States||43|Mixed freight|13||Water|07|750 - 999 miles|2022|12||4||36.5||36.7|
01|00|0100000US|United States||43|Mixed freight|13||Water|08|1,000 - 1,499 miles|2022|10||2||19.2||27.6|
01|00|0100000US|United States||43|Mixed freight|13||Water|09|1,500 - 1,999 miles|2022|12||3||25.7||31.6|
01|00|0100000US|United States||43|Mixed freight|13||Water|10|2,000 miles or more|2022|0|Z|0|Z|6.4||19|
01|00|0100000US|United States||43|Mixed freight|131||Inland water|001|Total|2022|8||2||8.2||12.3|
01|00|0100000US|United States||43|Mixed freight|131||Inland water|02|Less than 50 miles|2022|8||2||8.2||12.3|
01|00|0100000US|United States||43|Mixed freight|133||Deep sea|001|Total|2022|43||11||37.2||41.8|
01|00|0100000US|United States||43|Mixed freight|133||Deep sea|02|Less than 50 miles|2022|0|S|0|S|0|S|0|S
01|00|0100000US|United States||43|Mixed freight|133||Deep sea|03|50 - 99 miles|2022|0|S|0|S|0|S|0|S
01|00|0100000US|United States||43|Mixed freight|133||Deep sea|04|100 - 249 miles|2022|0|S|0|S|0|S|0|S
01|00|0100000US|United States||43|Mixed freight|133||Deep sea|06|500 - 749 miles|2022|3||1||36.6||37.9|
01|00|0100000US|United States||43|Mixed freight|133||Deep sea|07|750 - 999 miles|2022|12||4||36.5||36.7|
01|00|0100000US|United States||43|Mixed freight|133||Deep sea|08|1,000 - 1,499 miles|2022|10||2||19.2||27.6|
01|00|0100000US|United States||43|Mixed freight|133||Deep sea|09|1,500 - 1,999 miles|2022|12||3||25.7||31.6|
01|00|0100000US|United States||43|Mixed freight|133||Deep sea|10|2,000 miles or more|2022|0|Z|0|Z|6.4||19|
01|00|0100000US|United States||43|Mixed freight|14||Air (includes truck and air)|001|Total|2022|637||54||19.1||14.4|
01|00|0100000US|United States||43|Mixed freight|14||Air (includes truck and air)|02|Less than 50 miles|2022|0|S|0|S|0|S|0|S
01|00|0100000US|United States||43|Mixed freight|14||Air (includes truck and air)|03|50 - 99 miles|2022|35||4||32.1||43.6|
01|00|0100000US|United States||43|Mixed freight|14||Air (includes truck and air)|04|100 - 249 miles|2022|81||8||29.2||35.9|
01|00|0100000US|United States||43|Mixed freight|14||Air (includes truck and air)|05|250 - 499 miles|2022|67||7||33.5||33.2|
01|00|0100000US|United States||43|Mixed freight|14||Air (includes truck and air)|06|500 - 749 miles|2022|66||7||33||30|
01|00|0100000US|United States||43|Mixed freight|14||Air (includes truck and air)|07|750 - 999 miles|2022|15||1||45.7||36|
01|00|0100000US|United States||43|Mixed freight|14||Air (includes truck and air)|08|1,000 - 1,499 miles|2022|36||0|S|40.2||0|S
01|00|0100000US|United States||43|Mixed freight|14||Air (includes truck and air)|09|1,500 - 1,999 miles|2022|66||5||41.3||44.5|
01|00|0100000US|United States||43|Mixed freight|14||Air (includes truck and air)|10|2,000 miles or more|2022|271||21||35||32.4|
01|00|0100000US|United States||43|Mixed freight|15||Pipeline|001|Total|2022|0|S|0|S|0|S|0|S
01|00|0100000US|United States||43|Mixed freight|15||Pipeline|02|Less than 50 miles|2022|0|S|0|S|0|S|0|S
01|00|0100000US|United States||43|Mixed freight|15||Pipeline|05|250 - 499 miles|2022|0|S|0|S|0|S|0|S
01|00|0100000US|United States||43|Mixed freight|20||Multiple modes|001|Total|2022|86890||9288||8.3||11.9|
01|00|0100000US|United States||43|Mixed freight|20||Multiple modes|02|Less than 50 miles|2022|15961||2304||11.4||23.9|
01|00|0100000US|United States||43|Mixed freight|20||Multiple modes|03|50 - 99 miles|2022|8823||1378||15.2||35.6|
01|00|0100000US|United States||43|Mixed freight|20||Multiple modes|04|100 - 249 miles|2022|17694||2169||11.3||24|
01|00|0100000US|United States||43|Mixed freight|20||Multiple modes|05|250 - 499 miles|2022|14559||1103||18.8||13.5|
01|00|0100000US|United States||43|Mixed freight|20||Multiple modes|06|500 - 749 miles|2022|8825||612||9.2||9.4|
01|00|0100000US|United States||43|Mixed freight|20||Multiple modes|07|750 - 999 miles|2022|6189||463||6.2||9.1|
01|00|0100000US|United States||43|Mixed freight|20||Multiple modes|08|1,000 - 1,499 miles|2022|6400||537||15.1||18.6|
01|00|0100000US|United States||43|Mixed freight|20||Multiple modes|09|1,500 - 1,999 miles|2022|3889||349||7||9.1|
01|00|0100000US|United States||43|Mixed freight|20||Multiple modes|10|2,000 miles or more|2022|4550||373||6.3||12.9|
01|00|0100000US|United States||43|Mixed freight|21||Parcel, U.S.P.S. or courier|001|Total|2022|76869||4990||8.9||6.5|
01|00|0100000US|United States||43|Mixed freight|21||Parcel, U.S.P.S. or courier|02|Less than 50 miles|2022|13326||781||10.6||13.6|
01|00|0100000US|United States||43|Mixed freight|21||Parcel, U.S.P.S. or courier|03|50 - 99 miles|2022|7168||478||14.5||11.8|
01|00|0100000US|United States||43|Mixed freight|21||Parcel, U.S.P.S. or courier|04|100 - 249 miles|2022|14814||1056||10.8||7.2|
01|00|0100000US|United States||43|Mixed freight|21||Parcel, U.S.P.S. or courier|05|250 - 499 miles|2022|13747||899||20.3||15.6|
01|00|0100000US|United States||43|Mixed freight|21||Parcel, U.S.P.S. or courier|06|500 - 749 miles|2022|8615||554||9.9||11.4|
01|00|0100000US|United States||43|Mixed freight|21||Parcel, U.S.P.S. or courier|07|750 - 999 miles|2022|5742||393||4.4||8.9|
01|00|0100000US|United States||43|Mixed freight|21||Parcel, U.S.P.S. or courier|08|1,000 - 1,499 miles|2022|5920||414||16.3||26.5|
01|00|0100000US|United States||43|Mixed freight|21||Parcel, U.S.P.S. or courier|09|1,500 - 1,999 miles|2022|3461||194||7.1||5.8|
01|00|0100000US|United States||43|Mixed freight|21||Parcel, U.S.P.S. or courier|10|2,000 miles or more|2022|4075||222||7.7||9.3|
01|00|0100000US|United States||43|Mixed freight|22||Truck and rail|001|Total|2022|6255||3272||31.7||25.5|
01|00|0100000US|United States||43|Mixed freight|22||Truck and rail|02|Less than 50 miles|2022|2004||1324||27.8||36|
01|00|0100000US|United States||43|Mixed freight|22||Truck and rail|03|50 - 99 miles|2022|460||355||35.1||45|
01|00|0100000US|United States||43|Mixed freight|22||Truck and rail|04|100 - 249 miles|2022|0|S|0|S|0|S|0|S
01|00|0100000US|United States||43|Mixed freight|22||Truck and rail|05|250 - 499 miles|2022|0|S|197||0|S|29.8|
01|00|0100000US|United States||43|Mixed freight|22||Truck and rail|06|500 - 749 miles|2022|0|S|54||0|S|39.8|
01|00|0100000US|United States||43|Mixed freight|22||Truck and rail|07|750 - 999 miles|2022|55||59||36.6||40.2|
01|00|0100000US|United States||43|Mixed freight|22||Truck and rail|08|1,000 - 1,499 miles|2022|100||91||28.9||18.3|
01|00|0100000US|United States||43|Mixed freight|22||Truck and rail|09|1,500 - 1,999 miles|2022|0|S|53||0|S|44.5|
01|00|0100000US|United States||43|Mixed freight|22||Truck and rail|10|2,000 miles or more|2022|97||0|S|34||0|S
01|00|0100000US|United States||43|Mixed freight|23||Truck and water|001|Total|2022|3309||0|S|28.5||0|S
01|00|0100000US|United States||43|Mixed freight|23||Truck and water|02|Less than 50 miles|2022|0|S|0|S|0|S|0|S
01|00|0100000US|United States||43|Mixed freight|23||Truck and water|03|50 - 99 miles|2022|0|S|0|S|0|S|0|S
01|00|0100000US|United States||43|Mixed freight|23||Truck and water|04|100 - 249 miles|2022|306||66||27.7||40.1|
01|00|0100000US|United States||43|Mixed freight|23||Truck and water|05|250 - 499 miles|2022|0|S|8||0|S|43.3|
01|00|0100000US|United States||43|Mixed freight|23||Truck and water|06|500 - 749 miles|2022|0|S|4||0|S|29.1|
01|00|0100000US|United States||43|Mixed freight|23||Truck and water|07|750 - 999 miles|2022|0|S|0|S|0|S|0|S
01|00|0100000US|United States||43|Mixed freight|23||Truck and water|08|1,000 - 1,499 miles|2022|0|S|0|S|0|S|0|S
01|00|0100000US|United States||43|Mixed freight|23||Truck and water|09|1,500 - 1,999 miles|2022|371||102||23.5||23.7|
01|00|0100000US|United States||43|Mixed freight|23||Truck and water|10|2,000 miles or more|2022|377||60||47.5||25.9|
01|00|0100000US|United States||43|Mixed freight|24||Rail and water|001|Total|2022|0|S|0|S|0|S|0|S
01|00|0100000US|United States||43|Mixed freight|24||Rail and water|02|Less than 50 miles|2022|0|S|0|S|0|S|0|S
01|00|0100000US|United States||43|Mixed freight|24||Rail and water|03|50 - 99 miles|2022|0|S|0|S|0|S|0|S
01|00|0100000US|United States||43|Mixed freight|24||Rail and water|04|100 - 249 miles|2022|0|S|0|S|0|S|0|S
01|00|0100000US|United States||43|Mixed freight|25|x|Other multiple modes|001|Total|2022|0|S|0|S|0|S|0|S
01|00|0100000US|United States||43|Mixed freight|25|x|Other multiple modes|03|50 - 99 miles|2022|0|S|0|S|0|S|0|S
01|00|0100000US|United States||43|Mixed freight|25|x|Other multiple modes|04|100 - 249 miles|2022|0|S|0|S|0|S|0|S
01|00|0100000US|United States||43|Mixed freight|30|z|Unknown mode|001|Total|2022|2399||523||15.4||30|
01|00|0100000US|United States||43|Mixed freight|30|z|Unknown mode|02|Less than 50 miles|2022|1334||319||18.3||35.5|
01|00|0100000US|United States||43|Mixed freight|30|z|Unknown mode|03|50 - 99 miles|2022|169||0|S|32.2||0|S
01|00|0100000US|United States||43|Mixed freight|30|z|Unknown mode|04|100 - 249 miles|2022|309||44||19.5||25.7|
01|00|0100000US|United States||43|Mixed freight|30|z|Unknown mode|05|250 - 499 miles|2022|182||35||19.8||32.1|
01|00|0100000US|United States||43|Mixed freight|30|z|Unknown mode|06|500 - 749 miles|2022|52||0|S|25.3||0|S
01|00|0100000US|United States||43|Mixed freight|30|z|Unknown mode|07|750 - 999 miles|2022|58||9||40.2||48.1|
01|00|0100000US|United States||43|Mixed freight|30|z|Unknown mode|08|1,000 - 1,499 miles|2022|0|S|0|S|0|S|0|S
01|00|0100000US|United States||43|Mixed freight|30|z|Unknown mode|09|1,500 - 1,999 miles|2022|18||0|S|30.1||0|S
01|00|0100000US|United States||43|Mixed freight|30|z|Unknown mode|10|2,000 miles or more|2022|0|S|0|S|0|S|0|S
